trade_id,order_id,user_id,asset_id,side,execution_price,executed_qty,fee_inr,slippage_pct,executed_at
TRD_800889,ORD_500889,USR_HFT_001,BTC,BUY,7073662.6145,0.0106,37.4904,0.0,2026-09-07 03:03:42.000000
TRD_802319,ORD_502319,USR_HFT_005,BTC,BUY,7073662.6145,0.013,45.9788,0.0,2026-09-07 03:12:09.000000
TRD_801382,ORD_501382,USR_HFT_002,BTC,SELL,7076492.6455,0.0136,48.1201,0.0,2026-09-07 03:14:27.000000
TRD_802505,ORD_502505,USR_HFT_005,BTC,BUY,7073662.6145,0.0119,42.0883,0.0,2026-09-07 03:23:58.000000
TRD_802184,ORD_502184,USR_HFT_005,BTC,BUY,7083465.5685,0.0042,14.8753,0.0,2026-09-07 03:44:36.000000
TRD_801431,ORD_501431,USR_HFT_002,BTC,SELL,7086299.5215,0.0036,12.7553,0.0,2026-09-07 03:53:01.000000
TRD_801234,ORD_501234,USR_HFT_002,BTC,BUY,7083465.5685,0.0065,23.0213,0.0,2026-09-07 03:56:31.000000
TRD_801535,ORD_501535,USR_HFT_002,BTC,BUY,7083465.5685,0.0049,17.3545,0.0,2026-09-07 04:16:32.000000
TRD_801989,ORD_501989,USR_HFT_004,BTC,SELL,7086299.5215,0.008,28.3452,0.0,2026-09-07 04:28:37.000000
TRD_802445,ORD_502445,USR_HFT_005,BTC,BUY,7108829.9046,0.0117,41.5867,0.0,2026-09-07 04:47:54.000000
TRD_802446,ORD_502446,USR_HFT_005,BTC,SELL,7108829.9046,0.0117,41.5867,0.0,2026-09-07 04:47:54.884771
TRD_802028,ORD_502028,USR_HFT_004,BTC,SELL,7111674.0054,0.0086,30.5802,0.0,2026-09-07 05:18:41.000000
TRD_801517,ORD_501517,USR_HFT_002,BTC,BUY,7108829.9046,0.0026,9.2415,0.0,2026-09-07 05:21:34.000000
TRD_802182,ORD_502182,USR_HFT_005,BTC,SELL,7095579.7172,0.0125,44.3474,0.0,2026-09-07 06:08:03.000000
TRD_801541,ORD_501541,USR_HFT_002,BTC,SELL,7074878.0827,0.006,21.2246,0.0,2026-09-07 07:23:10.000000
TRD_801447,ORD_501447,USR_HFT_002,BTC,SELL,7074878.0827,0.015,53.0616,0.0,2026-09-07 07:27:24.000000
TRD_801397,ORD_501397,USR_HFT_002,BTC,BUY,7067456.466,0.0114,40.2845,0.0,2026-09-07 07:32:15.000000
TRD_801887,ORD_501887,USR_HFT_004,BTC,SELL,7070284.014,0.0073,25.8065,0.0,2026-09-07 07:39:20.000000
TRD_800342,ORD_500342,USR_RET_013,BTC,BUY,7088663.0767,0.0581,823.7026,0.0028,2026-09-07 08:07:00.000000
TRD_800184,ORD_500184,USR_RET_008,BTC,BUY,7082301.0935,0.0368,521.2574,0.0019,2026-09-07 08:08:00.000000
TRD_801130,ORD_501130,USR_HFT_001,BTC,SELL,7045689.3711,0.0077,27.1259,0.0,2026-09-07 09:12:00.000000
TRD_800121,ORD_500121,USR_RET_006,BTC,SELL,7025260.9576,0.0106,148.9355,0.0027,2026-09-07 09:21:00.000000
TRD_800055,ORD_500055,USR_RET_003,BTC,SELL,7039349.5186,0.0834,1174.1635,0.0007,2026-09-07 09:23:00.000000
TRD_800077,ORD_500077,USR_RET_004,BTC,SELL,7040757.2946,0.0171,240.7939,0.0021,2026-09-07 09:33:00.000000
TRD_802149,ORD_502149,USR_HFT_004,BTC,SELL,7056985.1148,0.0044,15.5254,0.0,2026-09-07 09:59:41.000000
TRD_800260,ORD_500260,USR_RET_010,BTC,BUY,7073536.3925,0.017,240.5002,0.0021,2026-09-07 10:49:00.000000
TRD_802403,ORD_502403,USR_HFT_005,BTC,SELL,7060124.8376,0.003,10.5902,0.0,2026-09-07 10:52:38.000000
TRD_802364,ORD_502364,USR_HFT_005,BTC,SELL,7060124.8376,0.0072,25.4164,0.0,2026-09-07 10:53:25.000000
TRD_802518,ORD_502518,USR_HFT_005,BTC,BUY,7048435.4259,0.0118,41.5858,0.0,2026-09-07 11:46:42.000000
TRD_801511,ORD_501511,USR_HFT_002,BTC,SELL,7051255.3641,0.0133,46.8908,0.0,2026-09-07 11:58:02.000000
TRD_801819,ORD_501819,USR_HFT_004,BTC,SELL,7028113.2966,0.004,14.0562,0.0,2026-09-07 12:39:13.000000
TRD_800203,ORD_500203,USR_RET_009,BTC,BUY,7033734.663,0.0418,588.0202,0.001,2026-09-07 12:46:00.000000
TRD_801881,ORD_501881,USR_HFT_004,BTC,BUY,7025302.6134,0.0058,20.3734,0.0,2026-09-07 12:55:39.000000
TRD_801770,ORD_501770,USR_HFT_003,BTC,BUY,7025302.6134,0.0142,49.8796,0.0,2026-09-07 13:14:52.000000
TRD_801684,ORD_501684,USR_HFT_003,BTC,SELL,7028113.2966,0.0082,28.8153,0.0,2026-09-07 13:18:50.000000
TRD_802073,ORD_502073,USR_HFT_004,BTC,BUY,7017871.8699,0.0127,44.5635,0.0,2026-09-07 14:37:18.000000
TRD_801751,ORD_501751,USR_HFT_003,BTC,BUY,7017871.8699,0.0109,38.2474,0.0,2026-09-07 14:41:51.000000
TRD_801013,ORD_501013,USR_HFT_001,BTC,SELL,7020679.5801,0.0047,16.4986,0.0,2026-09-07 14:44:11.000000
TRD_800352,ORD_500352,USR_RET_014,BTC,SELL,7009448.739,0.0104,145.7965,0.0014,2026-09-07 15:09:00.000000
TRD_801755,ORD_501755,USR_HFT_003,BTC,SELL,7020679.5801,0.0138,48.4427,0.0,2026-09-07 15:12:46.000000
TRD_801861,ORD_501861,USR_HFT_004,BTC,BUY,7017871.8699,0.0063,22.1063,0.0,2026-09-07 15:26:10.000000
TRD_800626,ORD_500626,USR_SYS_005,BTC,BUY,7023360.0,0.0269,188.9284,0.0002,2026-09-07 15:45:00.000000
TRD_800630,ORD_500630,USR_SYS_005,BTC,BUY,7023360.0,0.0361,253.5433,0.0002,2026-09-07 15:45:00.000000
TRD_801756,ORD_501756,USR_HFT_003,BTC,SELL,7024764.672,0.0057,20.0206,0.0,2026-09-07 15:49:30.000000
TRD_801513,ORD_501513,USR_HFT_002,BTC,SELL,7024764.672,0.0101,35.4751,0.0,2026-09-07 15:50:34.000000
TRD_802047,ORD_502047,USR_HFT_004,BTC,BUY,7021955.328,0.0132,46.3449,0.0,2026-09-07 16:02:58.000000
TRD_800400,ORD_500400,USR_SYS_001,BTC,BUY,7028684.16,0.0494,347.217,0.0002,2026-09-07 16:45:00.000000
TRD_801080,ORD_501080,USR_HFT_001,BTC,BUY,7027278.4232,0.0097,34.0823,0.0,2026-09-07 17:09:03.000000
TRD_801900,ORD_501900,USR_HFT_004,BTC,SELL,7046614.3811,0.012,42.2797,0.0,2026-09-07 17:39:10.000000
TRD_800063,ORD_500063,USR_RET_003,BTC,BUY,7057886.7096,0.0057,80.4599,0.0018,2026-09-07 17:56:00.000000
TRD_800696,ORD_500696,USR_SYS_007,BTC,BUY,7022652.885,0.0523,367.2847,0.0002,2026-09-07 18:45:00.000000
TRD_802216,ORD_502216,USR_HFT_005,BTC,BUY,7021248.3544,0.0031,10.8829,0.0,2026-09-07 18:48:35.000000
TRD_801901,ORD_501901,USR_HFT_004,BTC,BUY,7021248.3544,0.0049,17.2021,0.0,2026-09-07 19:08:57.000000
TRD_802169,ORD_502169,USR_HFT_004,BTC,BUY,7021248.3544,0.0058,20.3616,0.0,2026-09-07 19:18:24.000000
TRD_802509,ORD_502509,USR_HFT_005,BTC,SELL,7024057.4156,0.0074,25.989,0.0,2026-09-07 19:23:10.000000
TRD_801485,ORD_501485,USR_HFT_002,BTC,BUY,7007085.8775,0.008,28.0283,0.0,2026-09-07 19:31:22.000000
TRD_801621,ORD_501621,USR_HFT_003,BTC,SELL,7009889.2725,0.0102,35.7504,0.0,2026-09-07 19:36:10.000000
TRD_801822,ORD_501822,USR_HFT_004,BTC,BUY,7007085.8775,0.0062,21.722,0.0,2026-09-07 19:48:24.000000
TRD_801294,ORD_501294,USR_HFT_002,BTC,SELL,7009889.2725,0.0106,37.1524,0.0,2026-09-07 19:54:02.000000
TRD_802440,ORD_502440,USR_HFT_005,BTC,SELL,7009889.2725,0.0045,15.7723,0.0,2026-09-07 20:06:54.000000
TRD_801083,ORD_501083,USR_HFT_001,BTC,SELL,6977141.2642,0.0129,45.0026,0.0,2026-09-07 20:54:21.000000
TRD_801815,ORD_501815,USR_HFT_003,BTC,BUY,6992656.184,0.0063,22.0269,0.0,2026-09-07 22:00:12.000000
TRD_801008,ORD_501008,USR_HFT_001,BTC,SELL,6995453.806,0.0138,48.2686,0.0,2026-09-07 22:02:10.000000
TRD_800951,ORD_500951,USR_HFT_001,BTC,SELL,6995453.806,0.006,20.9864,0.0,2026-09-07 22:24:19.000000
TRD_800840,ORD_500840,USR_SYS_010,BTC,BUY,7007937.105,0.0445,311.8532,0.0002,2026-09-07 22:45:00.000000
TRD_801873,ORD_501873,USR_HFT_004,BTC,BUY,7006535.5176,0.0042,14.7137,0.0,2026-09-07 23:04:50.000000
TRD_800992,ORD_500992,USR_HFT_001,BTC,SELL,7009338.6924,0.0029,10.1635,0.0,2026-09-07 23:15:45.000000
TRD_801114,ORD_501114,USR_HFT_001,BTC,SELL,7010261.932,0.0144,50.4739,0.0,2026-09-07 23:45:26.000000
TRD_801579,ORD_501579,USR_HFT_003,BTC,SELL,7010261.932,0.0022,7.7113,0.0,2026-09-07 23:58:24.000000
TRD_801079,ORD_501079,USR_HFT_001,BTC,BUY,7007458.388,0.0148,51.8552,0.0,2026-09-08 00:00:40.000000
TRD_801315,ORD_501315,USR_HFT_002,BTC,SELL,7010261.932,0.0026,9.1133,0.0,2026-09-08 00:03:09.000000
TRD_800363,ORD_500363,USR_RET_014,BTC,SELL,7008422.5448,0.0062,86.9044,0.0022,2026-09-08 00:32:00.000000
TRD_800014,ORD_500014,USR_RET_001,BTC,SELL,7010529.7074,0.0148,207.5117,0.0019,2026-09-08 00:35:00.000000
TRD_801418,ORD_501418,USR_HFT_002,BTC,BUY,7022470.295,0.0022,7.7247,0.0,2026-09-08 01:16:18.000000
TRD_802239,ORD_502239,USR_HFT_005,BTC,SELL,7013965.5126,0.0134,46.9936,0.0,2026-09-08 01:35:40.000000
TRD_802510,ORD_502510,USR_HFT_005,BTC,BUY,7011160.4874,0.0147,51.532,0.0,2026-09-08 01:35:59.000000
TRD_800287,ORD_500287,USR_RET_012,BTC,SELL,6995732.8488,0.0518,724.7579,0.0024,2026-09-08 01:48:00.000000
TRD_800848,ORD_500848,USR_SYS_010,BTC,BUY,7006014.0,0.0536,375.5224,0.0002,2026-09-08 02:45:00.000000
TRD_800422,ORD_500422,USR_SYS_001,BTC,BUY,7006014.0,0.0584,409.1512,0.0002,2026-09-08 02:45:00.000000
TRD_801988,ORD_501988,USR_HFT_004,BTC,BUY,7004612.7972,0.008,28.0185,0.0,2026-09-08 02:46:59.000000
TRD_801851,ORD_501851,USR_HFT_004,BTC,BUY,7004612.7972,0.0053,18.5622,0.0,2026-09-08 02:51:44.000000
TRD_800222,ORD_500222,USR_RET_009,BTC,BUY,7029133.8462,0.0245,344.4276,0.0033,2026-09-08 02:55:00.000000
TRD_801528,ORD_501528,USR_HFT_002,BTC,BUY,7004612.7972,0.0056,19.6129,0.0,2026-09-08 03:07:01.000000
TRD_802534,ORD_502534,USR_HFT_005,BTC,SELL,6988666.2688,0.0054,18.8694,0.0,2026-09-08 04:01:46.000000
TRD_802286,ORD_502286,USR_HFT_005,BTC,SELL,7002813.1676,0.0042,14.7059,0.0,2026-09-08 04:35:59.000000
TRD_802401,ORD_502401,USR_HFT_005,BTC,SELL,7002813.1676,0.0092,32.2129,0.0,2026-09-08 04:38:10.000000
TRD_802358,ORD_502358,USR_HFT_005,BTC,SELL,7002813.1676,0.0138,48.3194,0.0,2026-09-08 04:40:53.000000
TRD_801018,ORD_501018,USR_HFT_001,BTC,SELL,7002813.1676,0.0035,12.2549,0.0,2026-09-08 04:51:47.000000
TRD_800326,ORD_500326,USR_RET_013,BTC,BUY,7007714.1566,0.0157,220.0422,0.0009,2026-09-08 04:58:00.000000
TRD_802020,ORD_502020,USR_HFT_004,BTC,BUY,7000012.6024,0.0092,32.2001,0.0,2026-09-08 05:19:12.000000
TRD_801227,ORD_501227,USR_HFT_002,BTC,SELL,7002813.1676,0.0028,9.8039,0.0,2026-09-08 05:29:02.000000
TRD_802486,ORD_502486,USR_HFT_005,BTC,BUY,7017803.7385,0.0092,32.2819,0.0,2026-09-08 05:36:05.000000
TRD_801269,ORD_501269,USR_HFT_002,BTC,SELL,7020611.4215,0.009,31.5928,0.0,2026-09-08 05:58:31.000000
TRD_801273,ORD_501273,USR_HFT_002,BTC,BUY,7017803.7385,0.0042,14.7374,0.0,2026-09-08 06:12:36.000000
TRD_801830,ORD_501830,USR_HFT_004,BTC,BUY,7017803.7385,0.0131,45.9666,0.0,2026-09-08 06:19:50.000000
TRD_800159,ORD_500159,USR_RET_007,BTC,BUY,7044677.3472,0.0445,626.9763,0.002,2026-09-08 06:39:00.000000
TRD_800546,ORD_500546,USR_SYS_004,BTC,BUY,7030616.115,0.0499,350.8277,0.0002,2026-09-08 06:45:00.000000
TRD_801094,ORD_501094,USR_HFT_001,BTC,SELL,7032022.2382,0.0089,31.2925,0.0,2026-09-08 06:54:28.000000
TRD_801594,ORD_501594,USR_HFT_003,BTC,SELL,7032022.2382,0.0046,16.1737,0.0,2026-09-08 07:09:28.000000
TRD_801109,ORD_501109,USR_HFT_001,BTC,BUY,7029209.9918,0.0038,13.3555,0.0,2026-09-08 07:15:44.000000
TRD_801779,ORD_501779,USR_HFT_003,BTC,BUY,7029209.9918,0.006,21.0876,0.0,2026-09-08 07:18:20.000000
TRD_800181,ORD_500181,USR_RET_008,BTC,SELL,7024991.6221,0.0556,781.1791,0.0008,2026-09-08 07:24:00.000000
TRD_800856,ORD_500856,USR_SYS_010,BTC,BUY,6985305.885,0.0457,319.2285,0.0002,2026-09-08 07:45:00.000000
TRD_800474,ORD_500474,USR_SYS_002,BTC,BUY,6985305.885,0.0404,282.2064,0.0002,2026-09-08 07:45:00.000000
TRD_800216,ORD_500216,USR_RET_009,BTC,BUY,7005563.2721,0.0161,225.5791,0.0029,2026-09-08 07:46:00.000000
TRD_801567,ORD_501567,USR_HFT_003,BTC,BUY,6983908.8238,0.0134,46.7922,0.0,2026-09-08 07:53:55.000000
TRD_802226,ORD_502226,USR_HFT_005,BTC,BUY,6983908.8238,0.0063,21.9993,0.0,2026-09-08 08:09:38.000000
TRD_802032,ORD_502032,USR_HFT_004,BTC,SELL,6984602.4212,0.0114,39.8122,0.0,2026-09-08 08:31:15.000000
TRD_802328,ORD_502328,USR_HFT_005,BTC,SELL,6984602.4212,0.0115,40.1615,0.0,2026-09-08 08:43:57.000000
TRD_800450,ORD_500450,USR_SYS_002,BTC,BUY,6983205.78,0.0435,303.7695,0.0002,2026-09-08 08:45:00.000000
TRD_800079,ORD_500079,USR_RET_004,BTC,SELL,6974127.6125,0.0114,159.0101,0.0013,2026-09-08 09:24:00.000000
TRD_800048,ORD_500048,USR_RET_003,BTC,SELL,6940087.7177,0.226,3136.9196,0.0033,2026-09-08 09:36:00.000000
TRD_801953,ORD_501953,USR_HFT_004,BTC,BUY,6961673.2218,0.0094,32.7199,0.0,2026-09-08 09:39:10.000000
TRD_802475,ORD_502475,USR_HFT_005,BTC,SELL,6964458.4482,0.0132,45.9654,0.0,2026-09-08 09:41:04.000000
TRD_801575,ORD_501575,USR_HFT_003,BTC,SELL,6964458.4482,0.0127,44.2243,0.0,2026-09-08 09:52:45.000000
TRD_801086,ORD_501086,USR_HFT_001,BTC,SELL,6955543.8306,0.0098,34.0822,0.0,2026-09-08 10:36:32.000000
TRD_800397,ORD_500397,USR_RET_015,BTC,BUY,6952432.6281,0.026,361.5265,0.003,2026-09-08 11:33:00.000000
TRD_801378,ORD_501378,USR_HFT_002,BTC,BUY,6930251.3875,0.0066,22.8698,0.0,2026-09-08 12:11:23.000000
TRD_800934,ORD_500934,USR_HFT_001,BTC,SELL,6947046.1314,0.0085,29.5249,0.0,2026-09-08 12:56:37.000000
TRD_800039,ORD_500039,USR_RET_002,BTC,SELL,6933154.8174,0.0381,528.3064,0.0018,2026-09-08 12:59:00.000000
TRD_802234,ORD_502234,USR_HFT_005,BTC,SELL,6947046.1314,0.0117,40.6402,0.0,2026-09-08 13:28:57.000000
TRD_801343,ORD_501343,USR_HFT_002,BTC,SELL,6941380.9986,0.0081,28.1126,0.0,2026-09-08 13:32:47.000000
TRD_802190,ORD_502190,USR_HFT_005,BTC,BUY,6938605.0014,0.0091,31.5707,0.0,2026-09-08 13:41:33.000000
TRD_800916,ORD_500916,USR_HFT_001,BTC,SELL,6941380.9986,0.002,6.9414,0.0,2026-09-08 14:11:08.000000
TRD_801396,ORD_501396,USR_HFT_002,BTC,BUY,6938605.0014,0.006,20.8158,0.0,2026-09-08 14:18:19.000000
TRD_801469,ORD_501469,USR_HFT_002,BTC,BUY,6969042.0278,0.0038,13.2412,0.0,2026-09-08 14:45:02.000000
TRD_801704,ORD_501704,USR_HFT_003,BTC,SELL,6971830.2022,0.0069,24.0528,0.0,2026-09-08 14:56:51.000000
TRD_801766,ORD_501766,USR_HFT_003,BTC,BUY,6969042.0278,0.0116,40.4204,0.0,2026-09-08 15:07:19.000000
TRD_802001,ORD_502001,USR_HFT_004,BTC,BUY,6969042.0278,0.005,17.4226,0.0,2026-09-08 15:15:32.000000
TRD_802215,ORD_502215,USR_HFT_005,BTC,BUY,6969042.0278,0.0061,21.2556,0.0,2026-09-08 15:25:28.000000
TRD_800424,ORD_500424,USR_SYS_001,BTC,BUY,6953268.0,0.0541,376.1718,0.0002,2026-09-08 15:45:00.000000
TRD_801401,ORD_501401,USR_HFT_002,BTC,BUY,6951877.3464,0.0054,18.7701,0.0,2026-09-08 15:49:29.000000
TRD_801069,ORD_501069,USR_HFT_001,BTC,BUY,6951877.3464,0.0059,20.508,0.0,2026-09-08 16:08:35.000000
TRD_800965,ORD_500965,USR_HFT_001,BTC,BUY,6939667.6738,0.0103,35.7393,0.0,2026-09-08 17:26:07.000000
TRD_800668,ORD_500668,USR_SYS_006,BTC,BUY,6942824.115,0.0327,227.0303,0.0002,2026-09-08 17:45:00.000000
TRD_800838,ORD_500838,USR_SYS_010,BTC,BUY,6942824.115,0.0347,240.916,0.0002,2026-09-08 17:45:00.000000
TRD_800676,ORD_500676,USR_SYS_006,BTC,BUY,6899606.91,0.0571,393.9676,0.0002,2026-09-08 18:45:00.000000
TRD_800648,ORD_500648,USR_SYS_006,BTC,BUY,6899606.91,0.0319,220.0975,0.0002,2026-09-08 18:45:00.000000
TRD_800316,ORD_500316,USR_RET_013,BTC,BUY,6903746.6741,0.0368,508.1158,0.0006,2026-09-08 18:55:00.000000
TRD_800136,ORD_500136,USR_RET_006,BTC,SELL,6894087.2245,0.0074,102.0325,0.0008,2026-09-08 18:56:00.000000
TRD_800286,ORD_500286,USR_RET_012,BTC,BUY,6920995.6914,0.0124,171.6407,0.0031,2026-09-08 19:01:00.000000
TRD_800973,ORD_500973,USR_HFT_001,BTC,BUY,6898226.9886,0.0038,13.1066,0.0,2026-09-08 19:10:34.000000
TRD_801826,ORD_501826,USR_HFT_004,BTC,BUY,6898226.9886,0.0085,29.3175,0.0,2026-09-08 19:18:18.000000
TRD_800911,ORD_500911,USR_HFT_001,BTC,SELL,6984400.6008,0.0053,18.5087,0.0,2026-09-08 20:42:21.000000
TRD_800482,ORD_500482,USR_SYS_002,BTC,BUY,6983004.0,0.0336,234.6289,0.0002,2026-09-08 20:45:00.000000
TRD_801329,ORD_501329,USR_HFT_002,BTC,SELL,6984400.6008,0.0121,42.2556,0.0,2026-09-08 21:10:07.000000
TRD_802024,ORD_502024,USR_HFT_004,BTC,BUY,6981607.3992,0.0041,14.3123,0.0,2026-09-08 21:21:23.000000
TRD_801471,ORD_501471,USR_HFT_002,BTC,BUY,6966732.6397,0.0061,21.2485,0.0,2026-09-08 22:10:53.000000
TRD_801719,ORD_501719,USR_HFT_003,BTC,BUY,6966732.6397,0.0078,27.1703,0.0,2026-09-08 22:23:54.000000
TRD_802245,ORD_502245,USR_HFT_005,BTC,SELL,6949027.1575,0.0069,23.9741,0.0,2026-09-08 23:01:52.000000
TRD_800969,ORD_500969,USR_HFT_001,BTC,SELL,6949027.1575,0.0087,30.2283,0.0,2026-09-08 23:20:35.000000
TRD_800296,ORD_500296,USR_RET_012,BTC,BUY,6961716.5994,0.0115,160.1195,0.0029,2026-09-08 23:44:00.000000
TRD_801470,ORD_501470,USR_HFT_002,BTC,BUY,6941082.5058,0.0126,43.7288,0.0,2026-09-09 00:30:26.000000
TRD_802014,ORD_502014,USR_HFT_004,BTC,SELL,6943859.4942,0.0061,21.1788,0.0,2026-09-09 00:55:53.000000
TRD_801902,ORD_501902,USR_HFT_004,BTC,SELL,6947576.3524,0.01,34.7379,0.0,2026-09-09 01:32:58.000000
TRD_800504,ORD_500504,USR_SYS_003,BTC,BUY,6946187.115,0.029,201.4394,0.0002,2026-09-09 01:45:00.000000
TRD_800974,ORD_500974,USR_HFT_001,BTC,SELL,6947576.3524,0.0033,11.4635,0.0,2026-09-09 02:00:52.000000
TRD_800947,ORD_500947,USR_HFT_001,BTC,SELL,6947576.3524,0.0108,37.5169,0.0,2026-09-09 02:20:14.000000
TRD_801055,ORD_501055,USR_HFT_001,BTC,SELL,6947947.2416,0.0126,43.7721,0.0,2026-09-09 02:41:54.000000
TRD_801908,ORD_501908,USR_HFT_004,BTC,SELL,6947947.2416,0.0082,28.4866,0.0,2026-09-09 02:57:15.000000
TRD_801383,ORD_501383,USR_HFT_002,BTC,SELL,6947947.2416,0.0035,12.1589,0.0,2026-09-09 03:15:38.000000
TRD_800959,ORD_500959,USR_HFT_001,BTC,BUY,6945168.6184,0.0077,26.7389,0.0,2026-09-09 03:19:51.000000
TRD_802458,ORD_502458,USR_HFT_005,BTC,SELL,6954166.4952,0.0082,28.5121,0.0,2026-09-09 04:13:06.000000
TRD_801095,ORD_501095,USR_HFT_001,BTC,SELL,6954166.4952,0.005,17.3854,0.0,2026-09-09 04:21:28.000000
TRD_800871,ORD_500871,USR_HFT_001,BTC,BUY,6951385.3848,0.0023,7.9941,0.0,2026-09-09 04:27:58.000000
TRD_800205,ORD_500205,USR_RET_009,BTC,BUY,6966251.3164,0.0083,115.6398,0.0033,2026-09-09 04:36:00.000000
TRD_802491,ORD_502491,USR_HFT_005,BTC,BUY,6941949.6323,0.0103,35.751,0.0,2026-09-09 05:14:52.000000
TRD_802086,ORD_502086,USR_HFT_004,BTC,SELL,6972950.8363,0.0053,18.4783,0.0,2026-09-09 06:04:15.000000
TRD_801960,ORD_501960,USR_HFT_004,BTC,BUY,6970162.2137,0.0107,37.2904,0.0,2026-09-09 06:29:23.000000
TRD_800627,ORD_500627,USR_SYS_005,BTC,SELL,6967251.885,0.0269,187.4191,0.0004,2026-09-09 07:30:00.000000
TRD_800631,ORD_500631,USR_SYS_005,BTC,SELL,6967251.885,0.0361,251.5178,0.0004,2026-09-09 07:30:00.000000
TRD_801416,ORD_501416,USR_HFT_002,BTC,BUY,6965858.4346,0.0147,51.1991,0.0,2026-09-09 07:52:41.000000
TRD_800270,ORD_500270,USR_RET_011,BTC,BUY,6974915.8621,0.0382,532.8836,0.0011,2026-09-09 08:14:00.000000
TRD_800401,ORD_500401,USR_SYS_001,BTC,SELL,6959463.885,0.0494,343.7975,0.0004,2026-09-09 08:30:00.000000
TRD_802126,ORD_502126,USR_HFT_004,BTC,BUY,6958071.9922,0.0046,16.0036,0.0,2026-09-09 08:57:33.000000
TRD_800345,ORD_500345,USR_RET_014,BTC,BUY,7012983.76,0.0897,1258.1293,0.0009,2026-09-09 10:14:00.000000
TRD_800697,ORD_500697,USR_SYS_007,BTC,SELL,6984723.555,0.0523,365.301,0.0004,2026-09-09 10:30:00.000000
TRD_801915,ORD_501915,USR_HFT_004,BTC,BUY,6983326.6103,0.0054,18.855,0.0,2026-09-09 10:36:07.000000
TRD_802434,ORD_502434,USR_HFT_005,BTC,BUY,6983326.6103,0.0124,43.2966,0.0,2026-09-09 11:08:41.000000
TRD_800235,ORD_500235,USR_RET_009,BTC,BUY,7001486.8915,0.0318,445.2946,0.0024,2026-09-09 11:23:00.000000
TRD_802352,ORD_502352,USR_HFT_005,BTC,BUY,7004173.0402,0.0049,17.1602,0.0,2026-09-09 11:34:33.000000
TRD_800155,ORD_500155,USR_RET_007,BTC,BUY,7015381.9588,0.0212,297.4522,0.0014,2026-09-09 11:37:00.000000
TRD_801589,ORD_501589,USR_HFT_003,BTC,BUY,7004173.0402,0.0114,39.9238,0.0,2026-09-09 11:43:03.000000
TRD_800126,ORD_500126,USR_RET_006,BTC,BUY,7405233.181,0.0103,152.5478,0.0499,2026-09-09 14:00:00.000000
TRD_800106,ORD_500106,USR_RET_005,BTC,BUY,7062444.0272,0.0648,915.2927,0.0013,2026-09-09 14:20:00.000000
TRD_801924,ORD_501924,USR_HFT_004,BTC,BUY,7051864.115,0.0056,19.7452,0.0,2026-09-09 14:29:22.000000
TRD_800841,ORD_500841,USR_SYS_010,BTC,SELL,6987252.885,0.0445,310.9328,0.0004,2026-09-09 14:30:00.000000
TRD_801835,ORD_501835,USR_HFT_004,BTC,SELL,6988650.3356,0.0036,12.5796,0.0,2026-09-09 14:39:10.000000
TRD_800050,ORD_500050,USR_RET_003,BTC,BUY,6996336.3138,0.0258,361.011,0.0013,2026-09-09 15:02:00.000000
TRD_802432,ORD_502432,USR_HFT_005,BTC,BUY,6985855.4344,0.0066,23.0533,0.0,2026-09-09 15:23:15.000000
TRD_801721,ORD_501721,USR_HFT_003,BTC,BUY,6985855.4344,0.0055,19.2111,0.0,2026-09-09 15:24:46.000000
TRD_800330,ORD_500330,USR_RET_013,BTC,SELL,6970452.0432,0.0382,532.5425,0.002,2026-09-09 15:41:00.000000
TRD_800160,ORD_500160,USR_RET_007,BTC,BUY,6995595.9584,0.0195,272.8282,0.0016,2026-09-09 15:44:00.000000
TRD_802310,ORD_502310,USR_HFT_005,BTC,BUY,6983024.0008,0.0103,35.9626,0.0,2026-09-09 15:45:59.000000
TRD_802128,ORD_502128,USR_HFT_004,BTC,BUY,6983024.0008,0.0087,30.3762,0.0,2026-09-09 16:15:25.000000
TRD_802186,ORD_502186,USR_HFT_005,BTC,SELL,6985817.7692,0.0081,28.2926,0.0,2026-09-09 16:24:34.000000
TRD_802371,ORD_502371,USR_HFT_005,BTC,SELL,6985817.7692,0.0119,41.5656,0.0,2026-09-09 16:27:50.000000
TRD_801605,ORD_501605,USR_HFT_003,BTC,BUY,7018836.3269,0.0054,18.9509,0.0,2026-09-09 16:30:15.000000
TRD_801986,ORD_501986,USR_HFT_004,BTC,SELL,7021644.4231,0.0131,45.9918,0.0,2026-09-09 16:35:31.000000
TRD_801336,ORD_501336,USR_HFT_002,BTC,BUY,7018836.3269,0.0028,9.8264,0.0,2026-09-09 17:00:17.000000
TRD_802533,ORD_502533,USR_HFT_005,BTC,BUY,7018836.3269,0.0134,47.0262,0.0,2026-09-09 17:01:17.000000
TRD_802375,ORD_502375,USR_HFT_005,BTC,SELL,7021644.4231,0.0028,9.8303,0.0,2026-09-09 17:04:41.000000
TRD_801150,ORD_501150,USR_HFT_001,BTC,SELL,7021644.4231,0.0025,8.7771,0.0,2026-09-09 17:21:44.000000
TRD_802170,ORD_502170,USR_HFT_004,BTC,BUY,7043734.3613,0.0094,33.1056,0.0,2026-09-09 17:52:02.000000
TRD_800250,ORD_500250,USR_RET_010,BTC,BUY,7057120.1338,0.0114,160.9023,0.0017,2026-09-09 18:10:00.000000
TRD_800849,ORD_500849,USR_SYS_010,BTC,SELL,7003951.065,0.0536,375.4118,0.0004,2026-09-09 18:30:00.000000
TRD_800423,ORD_500423,USR_SYS_001,BTC,SELL,7003951.065,0.0584,409.0307,0.0004,2026-09-09 18:30:00.000000
TRD_800138,ORD_500138,USR_RET_006,BTC,BUY,7022861.7329,0.0139,195.2356,0.0027,2026-09-09 18:47:00.000000
TRD_800943,ORD_500943,USR_HFT_001,BTC,SELL,7005351.8552,0.0027,9.4572,0.0,2026-09-09 18:47:28.000000
TRD_802069,ORD_502069,USR_HFT_004,BTC,BUY,7002550.2748,0.0041,14.3552,0.0,2026-09-09 19:13:15.000000
TRD_801659,ORD_501659,USR_HFT_003,BTC,SELL,6989181.4418,0.0071,24.8116,0.0,2026-09-09 19:38:13.000000
TRD_800594,ORD_500594,USR_SYS_005,BTC,BUY,6987783.885,0.0384,268.3309,0.0002,2026-09-09 19:45:00.000000
TRD_801003,ORD_501003,USR_HFT_001,BTC,BUY,6986386.3282,0.0124,43.3156,0.0,2026-09-09 19:58:23.000000
TRD_800028,ORD_500028,USR_RET_002,BTC,BUY,6997566.7824,0.0305,426.8516,0.0014,2026-09-09 20:03:00.000000
TRD_801475,ORD_501475,USR_HFT_002,BTC,SELL,6989181.4418,0.0043,15.0267,0.0,2026-09-09 20:12:53.000000
TRD_801646,ORD_501646,USR_HFT_003,BTC,SELL,6989181.4418,0.0134,46.8275,0.0,2026-09-09 20:25:20.000000
TRD_801443,ORD_501443,USR_HFT_002,BTC,SELL,6957199.1116,0.0058,20.1759,0.0,2026-09-09 20:30:38.000000
TRD_801254,ORD_501254,USR_HFT_002,BTC,BUY,6954416.7884,0.0034,11.8225,0.0,2026-09-09 20:32:04.000000
TRD_800067,ORD_500067,USR_RET_003,BTC,BUY,6972501.8891,0.0211,294.2396,0.0024,2026-09-09 20:49:00.000000
TRD_801617,ORD_501617,USR_HFT_003,BTC,BUY,6954416.7884,0.0038,13.2134,0.0,2026-09-09 21:09:04.000000
TRD_802496,ORD_502496,USR_HFT_005,BTC,SELL,6975628.4967,0.0072,25.1123,0.0,2026-09-09 22:02:58.000000
TRD_800124,ORD_500124,USR_RET_006,BTC,BUY,6981905.307,0.0404,564.1379,0.0011,2026-09-09 22:20:00.000000
TRD_800547,ORD_500547,USR_SYS_004,BTC,SELL,6971676.885,0.0499,347.8867,0.0004,2026-09-09 22:30:00.000000
TRD_801034,ORD_501034,USR_HFT_001,BTC,BUY,6970282.5496,0.0146,50.8831,0.0,2026-09-09 22:36:18.000000
TRD_802220,ORD_502220,USR_HFT_005,BTC,SELL,6973071.2204,0.0082,28.5896,0.0,2026-09-09 22:44:23.000000
TRD_800029,ORD_500029,USR_RET_002,BTC,BUY,6977254.2265,0.0216,301.4174,0.0008,2026-09-09 22:46:00.000000
TRD_800475,ORD_500475,USR_SYS_002,BTC,SELL,6939676.17,0.0404,280.3629,0.0004,2026-09-09 23:30:00.000000
TRD_800857,ORD_500857,USR_SYS_010,BTC,SELL,6939676.17,0.0457,317.1432,0.0004,2026-09-09 23:30:00.000000
TRD_800722,ORD_500722,USR_SYS_008,BTC,BUY,6939676.17,0.0578,401.1133,0.0002,2026-09-09 23:45:00.000000
TRD_801132,ORD_501132,USR_HFT_001,BTC,BUY,6938288.2348,0.0105,36.426,0.0,2026-09-09 23:54:52.000000
TRD_801848,ORD_501848,USR_HFT_004,BTC,BUY,6938288.2348,0.0125,43.3643,0.0,2026-09-10 00:04:37.000000
TRD_801839,ORD_501839,USR_HFT_004,BTC,BUY,6938288.2348,0.0033,11.4482,0.0,2026-09-10 00:06:15.000000
TRD_801271,ORD_501271,USR_HFT_002,BTC,SELL,6941064.1052,0.0145,50.3227,0.0,2026-09-10 00:08:25.000000
TRD_801640,ORD_501640,USR_HFT_003,BTC,BUY,6938288.2348,0.0141,48.9149,0.0,2026-09-10 00:15:52.000000
TRD_800451,ORD_500451,USR_SYS_002,BTC,SELL,6923792.19,0.0435,301.185,0.0004,2026-09-10 00:30:00.000000
TRD_800073,ORD_500073,USR_RET_004,BTC,BUY,6946640.7042,0.0225,312.5988,0.0033,2026-09-10 00:38:00.000000
TRD_800416,ORD_500416,USR_SYS_001,BTC,BUY,6923792.19,0.0532,368.3457,0.0002,2026-09-10 00:45:00.000000
TRD_800010,ORD_500010,USR_RET_001,BTC,SELL,6907867.468,0.0072,99.4733,0.0023,2026-09-10 00:47:00.000000
TRD_801411,ORD_501411,USR_HFT_002,BTC,BUY,6922407.4316,0.0143,49.4952,0.0,2026-09-10 00:59:45.000000
TRD_802218,ORD_502218,USR_HFT_005,BTC,BUY,6922407.4316,0.013,44.9956,0.0,2026-09-10 01:14:21.000000
TRD_801481,ORD_501481,USR_HFT_002,BTC,BUY,6930293.859,0.0113,39.1562,0.0,2026-09-10 01:32:52.000000
TRD_801783,ORD_501783,USR_HFT_003,BTC,BUY,6930293.859,0.0093,32.2259,0.0,2026-09-10 02:01:08.000000
TRD_800283,ORD_500283,USR_RET_012,BTC,BUY,6939998.2112,0.0118,163.784,0.0012,2026-09-10 02:19:00.000000
TRD_801818,ORD_501818,USR_HFT_004,BTC,BUY,6930293.859,0.0072,24.9491,0.0,2026-09-10 02:21:20.000000
TRD_801612,ORD_501612,USR_HFT_003,BTC,SELL,6933066.531,0.0067,23.2258,0.0,2026-09-10 02:24:40.000000
TRD_800325,ORD_500325,USR_RET_013,BTC,BUY,6925516.438,0.0562,778.428,0.0014,2026-09-10 02:32:00.000000
TRD_801596,ORD_501596,USR_HFT_003,BTC,SELL,6917217.4369,0.0103,35.6237,0.0,2026-09-10 02:36:24.000000
TRD_801982,ORD_501982,USR_HFT_004,BTC,SELL,6917217.4369,0.0087,30.0899,0.0,2026-09-10 02:36:30.000000
TRD_801369,ORD_501369,USR_HFT_002,BTC,SELL,6917217.4369,0.0041,14.1803,0.0,2026-09-10 03:17:39.000000
TRD_800754,ORD_500754,USR_SYS_008,BTC,BUY,6896279.31,0.0413,284.8163,0.0002,2026-09-10 03:45:00.000000
TRD_802228,ORD_502228,USR_HFT_005,BTC,BUY,6894900.0541,0.005,17.2373,0.0,2026-09-10 04:29:31.000000
TRD_801931,ORD_501931,USR_HFT_004,BTC,BUY,6928733.0312,0.0121,41.9188,0.0,2026-09-10 04:39:29.000000
TRD_800560,ORD_500560,USR_SYS_004,BTC,BUY,6918991.95,0.0334,231.0943,0.0002,2026-09-10 05:45:00.000000
TRD_800211,ORD_500211,USR_RET_009,BTC,BUY,6939748.9258,0.0094,130.4673,0.003,2026-09-10 05:54:00.000000
TRD_802168,ORD_502168,USR_HFT_004,BTC,SELL,6920375.7484,0.0137,47.4046,0.0,2026-09-10 06:17:56.000000
TRD_801017,ORD_501017,USR_HFT_001,BTC,BUY,6909936.7362,0.0022,7.6009,0.0,2026-09-10 06:48:43.000000
TRD_801736,ORD_501736,USR_HFT_003,BTC,BUY,6909936.7362,0.0134,46.2966,0.0,2026-09-10 06:51:21.000000
TRD_801730,ORD_501730,USR_HFT_003,BTC,SELL,6912701.2638,0.012,41.4762,0.0,2026-09-10 06:51:42.000000
TRD_801089,ORD_501089,USR_HFT_001,BTC,SELL,6912701.2638,0.0135,46.6607,0.0,2026-09-10 06:58:28.000000
TRD_800094,ORD_500094,USR_RET_004,BTC,SELL,6903025.4172,0.0461,636.4589,0.0012,2026-09-10 07:03:00.000000
TRD_801899,ORD_501899,USR_HFT_004,BTC,SELL,6912701.2638,0.0097,33.5266,0.0,2026-09-10 07:15:51.000000
TRD_801298,ORD_501298,USR_HFT_002,BTC,SELL,6912701.2638,0.0064,22.1206,0.0,2026-09-10 07:16:50.000000
TRD_800425,ORD_500425,USR_SYS_001,BTC,SELL,6934670.61,0.0541,375.1657,0.0004,2026-09-10 07:30:00.000000
TRD_801061,ORD_501061,USR_HFT_001,BTC,SELL,6936057.5441,0.0087,30.1719,0.0,2026-09-10 08:04:18.000000
TRD_800180,ORD_500180,USR_RET_008,BTC,SELL,6913173.1311,0.0402,555.8191,0.0031,2026-09-10 08:09:00.000000
TRD_801997,ORD_501997,USR_HFT_004,BTC,BUY,6933283.6759,0.0054,18.7199,0.0,2026-09-10 08:13:18.000000
TRD_800946,ORD_500946,USR_HFT_001,BTC,BUY,6933283.6759,0.0084,29.1198,0.0,2026-09-10 08:15:43.000000
TRD_802448,ORD_502448,USR_HFT_005,BTC,SELL,6933421.487,0.0098,33.9738,0.0,2026-09-10 08:48:28.000000
TRD_800311,ORD_500311,USR_RET_013,BTC,SELL,6920250.6204,0.0056,77.5068,0.0017,2026-09-10 09:04:00.000000
TRD_801531,ORD_501531,USR_HFT_002,BTC,BUY,6930648.673,0.0058,20.0989,0.0,2026-09-10 09:21:21.000000
TRD_800669,ORD_500669,USR_SYS_006,BTC,SELL,6938400.0,0.0327,226.8857,0.0004,2026-09-10 09:30:00.000000
TRD_800839,ORD_500839,USR_SYS_010,BTC,SELL,6938400.0,0.0347,240.7625,0.0004,2026-09-10 09:30:00.000000
TRD_800019,ORD_500019,USR_RET_001,BTC,BUY,6949501.44,0.0818,1136.9384,0.0016,2026-09-10 09:37:00.000000
TRD_800649,ORD_500649,USR_SYS_006,BTC,SELL,6950498.835,0.0319,221.7209,0.0004,2026-09-10 10:30:00.000000
TRD_800677,ORD_500677,USR_SYS_006,BTC,SELL,6950498.835,0.0571,396.8735,0.0004,2026-09-10 10:30:00.000000
TRD_800380,ORD_500380,USR_RET_015,BTC,BUY,6965789.9324,0.0602,838.6811,0.0022,2026-09-10 10:46:00.000000
TRD_802233,ORD_502233,USR_HFT_005,BTC,SELL,6951888.9348,0.0026,9.0375,0.0,2026-09-10 11:01:40.000000
TRD_801526,ORD_501526,USR_HFT_002,BTC,BUY,6949108.7352,0.0075,26.0592,0.0,2026-09-10 11:10:40.000000
TRD_802100,ORD_502100,USR_HFT_004,BTC,SELL,6941204.8484,0.0024,8.3294,0.0,2026-09-10 12:10:40.000000
TRD_800396,ORD_500396,USR_RET_015,BTC,BUY,6951614.5737,0.0125,173.7904,0.0017,2026-09-10 12:16:00.000000
TRD_801305,ORD_501305,USR_HFT_002,BTC,BUY,6938428.9216,0.0059,20.4684,0.0,2026-09-10 12:19:09.000000
TRD_800483,ORD_500483,USR_SYS_002,BTC,SELL,6912912.0,0.0336,232.2738,0.0004,2026-09-10 12:30:00.000000
TRD_800964,ORD_500964,USR_HFT_001,BTC,BUY,6911352.453,0.0066,22.8075,0.0,2026-09-10 13:34:48.000000
TRD_800131,ORD_500131,USR_RET_006,BTC,SELL,6901674.624,0.0255,351.9854,0.0016,2026-09-10 14:20:00.000000
TRD_801494,ORD_501494,USR_HFT_002,BTC,SELL,6914117.547,0.0089,30.7678,0.0,2026-09-10 14:20:42.000000
TRD_801516,ORD_501516,USR_HFT_002,BTC,SELL,6903673.3436,0.003,10.3555,0.0,2026-09-10 14:33:20.000000
TRD_802334,ORD_502334,USR_HFT_005,BTC,BUY,6900912.4264,0.0141,48.6514,0.0,2026-09-10 14:38:30.000000
TRD_800468,ORD_500468,USR_SYS_002,BTC,BUY,6902292.885,0.0503,347.1853,0.0002,2026-09-10 14:45:00.000000
TRD_802049,ORD_502049,USR_HFT_004,BTC,BUY,6900912.4264,0.0115,39.6802,0.0,2026-09-10 14:53:42.000000
TRD_801301,ORD_501301,USR_HFT_002,BTC,SELL,6903673.3436,0.0148,51.0872,0.0,2026-09-10 15:29:36.000000
TRD_801149,ORD_501149,USR_HFT_001,BTC,SELL,6892272.2638,0.0072,24.8122,0.0,2026-09-10 15:30:38.000000
TRD_801574,ORD_501574,USR_HFT_003,BTC,SELL,6892272.2638,0.0044,15.163,0.0,2026-09-10 15:37:23.000000
TRD_800505,ORD_500505,USR_SYS_003,BTC,SELL,6805296.885,0.029,197.3536,0.0004,2026-09-10 17:30:00.000000
TRD_801327,ORD_501327,USR_HFT_002,BTC,SELL,6806657.9444,0.0137,46.6256,0.0,2026-09-10 17:34:20.000000
TRD_800494,ORD_500494,USR_SYS_003,BTC,BUY,6805296.885,0.0493,335.5011,0.0002,2026-09-10 17:45:00.000000
TRD_800568,ORD_500568,USR_SYS_004,BTC,BUY,6805296.885,0.0215,146.3139,0.0002,2026-09-10 17:45:00.000000
TRD_801935,ORD_501935,USR_HFT_004,BTC,BUY,6803935.8256,0.005,17.0098,0.0,2026-09-10 17:47:36.000000
TRD_801564,ORD_501564,USR_HFT_003,BTC,BUY,6803935.8256,0.0111,37.7618,0.0,2026-09-10 18:24:32.000000
TRD_801956,ORD_501956,USR_HFT_004,BTC,SELL,6806657.9444,0.0112,38.1173,0.0,2026-09-10 18:27:30.000000
TRD_801618,ORD_501618,USR_HFT_003,BTC,SELL,6831303.9276,0.0065,22.2017,0.0,2026-09-10 18:32:50.000000
TRD_800057,ORD_500057,USR_RET_003,BTC,BUY,6869460.4848,0.0099,136.0153,0.0027,2026-09-10 19:39:00.000000
TRD_801951,ORD_501951,USR_HFT_004,BTC,BUY,6849592.6924,0.0097,33.2205,0.0,2026-09-10 19:46:46.000000
TRD_800950,ORD_500950,USR_HFT_001,BTC,BUY,6849592.6924,0.0118,40.4126,0.0,2026-09-10 19:56:25.000000
TRD_800108,ORD_500108,USR_RET_005,BTC,SELL,6594051.7768,0.0267,352.1224,0.0375,2026-09-10 20:13:00.000000
TRD_801544,ORD_501544,USR_HFT_002,BTC,BUY,6849592.6924,0.0098,33.563,0.0,2026-09-10 20:15:48.000000
TRD_802471,ORD_502471,USR_HFT_005,BTC,SELL,6837992.325,0.0119,40.6861,0.0,2026-09-10 20:47:30.000000
TRD_801203,ORD_501203,USR_HFT_001,BTC,SELL,6833567.3252,0.0117,39.9764,0.0,2026-09-10 22:01:56.000000
TRD_800774,ORD_500774,USR_SYS_009,BTC,BUY,6843591.72,0.0532,364.0791,0.0002,2026-09-10 22:45:00.000000
TRD_801642,ORD_501642,USR_HFT_003,BTC,BUY,6842223.0017,0.0133,45.5008,0.0,2026-09-10 23:20:20.000000
TRD_800498,ORD_500498,USR_SYS_003,BTC,BUY,6828733.455,0.0289,197.3504,0.0002,2026-09-11 00:45:00.000000
TRD_801442,ORD_501442,USR_HFT_002,BTC,BUY,6827367.7083,0.0041,13.9961,0.0,2026-09-11 00:53:07.000000
TRD_801501,ORD_501501,USR_HFT_002,BTC,BUY,6827367.7083,0.0042,14.3375,0.0,2026-09-11 01:13:17.000000
TRD_801888,ORD_501888,USR_HFT_004,BTC,BUY,6836857.435,0.0061,20.8524,0.0,2026-09-11 01:42:27.000000
TRD_800865,ORD_500865,USR_HFT_001,BTC,SELL,6839592.725,0.0077,26.3324,0.0,2026-09-11 01:50:16.000000
TRD_800233,ORD_500233,USR_RET_009,BTC,SELL,6830703.0324,0.0399,545.0901,0.0011,2026-09-11 02:11:00.000000
TRD_801259,ORD_501259,USR_HFT_002,BTC,BUY,6836857.435,0.0133,45.4651,0.0,2026-09-11 02:14:31.000000
TRD_801085,ORD_501085,USR_HFT_001,BTC,BUY,6825878.5512,0.0039,13.3105,0.0,2026-09-11 02:50:51.000000
TRD_801321,ORD_501321,USR_HFT_002,BTC,SELL,6801385.8302,0.0101,34.347,0.0,2026-09-11 03:47:07.000000
TRD_801569,ORD_501569,USR_HFT_003,BTC,BUY,6798665.8198,0.0052,17.6765,0.0,2026-09-11 04:02:08.000000
TRD_802296,ORD_502296,USR_HFT_005,BTC,SELL,6801385.8302,0.0034,11.5624,0.0,2026-09-11 04:27:41.000000
TRD_800881,ORD_500881,USR_HFT_001,BTC,BUY,6774976.4537,0.0143,48.4411,0.0,2026-09-11 04:30:31.000000
TRD_800686,ORD_500686,USR_SYS_007,BTC,BUY,6776331.72,0.0435,294.7704,0.0002,2026-09-11 04:45:00.000000
TRD_800240,ORD_500240,USR_RET_010,BTC,BUY,6791917.283,0.0121,164.3644,0.0023,2026-09-11 05:15:00.000000
TRD_801063,ORD_501063,USR_HFT_001,BTC,SELL,6807771.497,0.0114,38.8043,0.0,2026-09-11 05:47:49.000000
TRD_802139,ORD_502139,USR_HFT_004,BTC,BUY,6805048.933,0.0111,37.768,0.0,2026-09-11 05:54:55.000000
TRD_800975,ORD_500975,USR_HFT_001,BTC,SELL,6807771.497,0.011,37.4427,0.0,2026-09-11 06:00:45.000000
TRD_800976,ORD_500976,USR_HFT_001,BTC,BUY,6807771.497,0.011,37.4427,0.0,2026-09-11 06:00:46.041554
TRD_801740,ORD_501740,USR_HFT_003,BTC,SELL,6807771.497,0.0079,26.8907,0.0,2026-09-11 06:07:47.000000
TRD_801701,ORD_501701,USR_HFT_003,BTC,SELL,6813333.9493,0.0039,13.286,0.0,2026-09-11 06:37:38.000000
TRD_800780,ORD_500780,USR_SYS_009,BTC,BUY,6811971.555,0.0235,160.0813,0.0002,2026-09-11 06:45:00.000000
TRD_801726,ORD_501726,USR_HFT_003,BTC,SELL,6813333.9493,0.0033,11.242,0.0,2026-09-11 07:08:49.000000
TRD_801996,ORD_501996,USR_HFT_004,BTC,BUY,6798863.1354,0.0026,8.8385,0.0,2026-09-11 07:31:49.000000
TRD_801734,ORD_501734,USR_HFT_003,BTC,BUY,6798863.1354,0.0058,19.7167,0.0,2026-09-11 07:50:47.000000
TRD_801523,ORD_501523,USR_HFT_002,BTC,SELL,6801583.2246,0.0051,17.344,0.0,2026-09-11 07:53:15.000000
TRD_801218,ORD_501218,USR_HFT_001,BTC,SELL,6801583.2246,0.0127,43.1901,0.0,2026-09-11 07:53:16.000000
TRD_802312,ORD_502312,USR_HFT_005,BTC,SELL,6806285.2849,0.0074,25.1833,0.0,2026-09-11 08:57:39.000000
TRD_800993,ORD_500993,USR_HFT_001,BTC,SELL,6806285.2849,0.0088,29.9477,0.0,2026-09-11 09:01:53.000000
TRD_802297,ORD_502297,USR_HFT_005,BTC,BUY,6803563.3151,0.003,10.2053,0.0,2026-09-11 09:05:58.000000
TRD_800251,ORD_500251,USR_RET_010,BTC,BUY,6834144.3108,0.0292,399.114,0.0014,2026-09-11 10:09:00.000000
TRD_802332,ORD_502332,USR_HFT_005,BTC,BUY,6823224.967,0.0093,31.728,0.0,2026-09-11 10:22:27.000000
TRD_800359,ORD_500359,USR_RET_014,BTC,BUY,6849184.4906,0.0709,971.2144,0.0018,2026-09-11 10:40:00.000000
TRD_800734,ORD_500734,USR_SYS_008,BTC,BUY,6836878.11,0.0366,250.2297,0.0002,2026-09-11 10:45:00.000000
TRD_800595,ORD_500595,USR_SYS_005,BTC,SELL,6840873.885,0.0384,262.6896,0.0004,2026-09-11 11:30:00.000000
TRD_800337,ORD_500337,USR_RET_013,BTC,BUY,6849082.9337,0.0257,352.0429,0.0012,2026-09-11 11:49:00.000000
TRD_802416,ORD_502416,USR_HFT_005,BTC,SELL,6842242.0598,0.0106,36.2639,0.0,2026-09-11 12:15:19.000000
TRD_800308,ORD_500308,USR_RET_012,BTC,SELL,6828765.5247,0.0186,254.0301,0.0009,2026-09-11 12:40:00.000000
TRD_801436,ORD_501436,USR_HFT_002,BTC,BUY,6845426.9457,0.014,47.918,0.0,2026-09-11 13:38:30.000000
TRD_801673,ORD_501673,USR_HFT_003,BTC,BUY,6845426.9457,0.0098,33.5426,0.0,2026-09-11 13:41:07.000000
TRD_800192,ORD_500192,USR_RET_008,BTC,BUY,6855697.1402,0.082,1124.3343,0.0013,2026-09-11 13:45:00.000000
TRD_801250,ORD_501250,USR_HFT_002,BTC,SELL,6848165.6643,0.0038,13.0115,0.0,2026-09-11 14:28:47.000000
TRD_800237,ORD_500237,USR_RET_009,BTC,BUY,6828444.3255,0.0443,605.0002,0.0015,2026-09-11 14:33:00.000000
TRD_801753,ORD_501753,USR_HFT_003,BTC,BUY,6816853.3566,0.0077,26.2449,0.0,2026-09-11 14:39:42.000000
TRD_802343,ORD_502343,USR_HFT_005,BTC,SELL,6819580.6434,0.0093,31.711,0.0,2026-09-11 14:56:58.000000
TRD_801813,ORD_501813,USR_HFT_003,BTC,SELL,6819580.6434,0.0043,14.6621,0.0,2026-09-11 15:15:28.000000
TRD_800723,ORD_500723,USR_SYS_008,BTC,SELL,6813902.625,0.0578,393.8436,0.0004,2026-09-11 15:30:00.000000
TRD_800344,ORD_500344,USR_RET_013,BTC,BUY,6822760.6984,0.0084,114.6224,0.0013,2026-09-11 15:46:00.000000
TRD_800417,ORD_500417,USR_SYS_001,BTC,SELL,6817696.62,0.0532,362.7015,0.0004,2026-09-11 16:30:00.000000
TRD_800193,ORD_500193,USR_RET_008,BTC,BUY,6834059.0919,0.0194,265.1615,0.0024,2026-09-11 16:57:00.000000
TRD_800084,ORD_500084,USR_RET_004,BTC,BUY,6838831.4795,0.0184,251.669,0.0031,2026-09-11 17:14:00.000000
TRD_800150,ORD_500150,USR_RET_007,BTC,BUY,6910063.1668,0.0306,422.8959,0.0006,2026-09-11 17:32:00.000000
TRD_801144,ORD_501144,USR_HFT_001,BTC,SELL,6907300.7989,0.0091,31.4282,0.0,2026-09-11 17:38:57.000000
TRD_800768,ORD_500768,USR_SYS_008,BTC,BUY,6905919.615,0.0319,220.2988,0.0002,2026-09-11 17:45:00.000000
TRD_800271,ORD_500271,USR_RET_011,BTC,SELL,6883820.6722,0.0156,214.7752,0.0032,2026-09-11 17:57:00.000000
TRD_801075,ORD_501075,USR_HFT_001,BTC,BUY,6904538.4311,0.0128,44.189,0.0,2026-09-11 18:03:53.000000
TRD_800700,ORD_500700,USR_SYS_007,BTC,BUY,7012966.56,0.0364,255.272,0.0002,2026-09-11 18:45:00.000000
TRD_800556,ORD_500556,USR_SYS_004,BTC,BUY,7012966.56,0.0528,370.2846,0.0002,2026-09-11 18:45:00.000000
TRD_800919,ORD_500919,USR_HFT_001,BTC,BUY,7011563.9667,0.0043,15.0749,0.0,2026-09-11 19:10:08.000000
TRD_800755,ORD_500755,USR_SYS_008,BTC,SELL,6973668.135,0.0413,288.0125,0.0004,2026-09-11 19:30:00.000000
TRD_801317,ORD_501317,USR_HFT_002,BTC,BUY,6972273.4014,0.0056,19.5224,0.0,2026-09-11 19:32:34.000000
TRD_800132,ORD_500132,USR_RET_006,BTC,SELL,6952049.7638,0.0167,232.1985,0.0031,2026-09-11 19:34:00.000000
TRD_800917,ORD_500917,USR_HFT_001,BTC,BUY,6972273.4014,0.0115,40.0906,0.0,2026-09-11 20:10:20.000000
TRD_800022,ORD_500022,USR_RET_001,BTC,BUY,6991799.6722,0.0606,847.4061,0.0026,2026-09-11 20:17:00.000000
TRD_801791,ORD_501791,USR_HFT_003,BTC,BUY,6877928.2642,0.0117,40.2359,0.0,2026-09-11 21:09:18.000000
TRD_801668,ORD_501668,USR_HFT_003,BTC,BUY,6877928.2642,0.0045,15.4753,0.0,2026-09-11 21:21:56.000000
TRD_801029,ORD_501029,USR_HFT_001,BTC,SELL,6880679.9858,0.0041,14.1054,0.0,2026-09-11 21:28:48.000000
TRD_800561,ORD_500561,USR_SYS_004,BTC,SELL,6895566.0,0.0334,230.3119,0.0004,2026-09-11 21:30:00.000000
TRD_800249,ORD_500249,USR_RET_010,BTC,BUY,6902461.566,0.0351,484.5528,0.001,2026-09-11 21:49:00.000000
TRD_800867,ORD_500867,USR_HFT_001,BTC,BUY,6894186.8868,0.0108,37.2286,0.0,2026-09-11 22:08:21.000000
TRD_801145,ORD_501145,USR_HFT_001,BTC,SELL,6863131.3518,0.0133,45.6398,0.0,2026-09-11 22:36:57.000000
TRD_800662,ORD_500662,USR_SYS_006,BTC,BUY,6861759.0,0.0311,213.4007,0.0002,2026-09-11 22:45:00.000000
TRD_802089,ORD_502089,USR_HFT_004,BTC,SELL,6863131.3518,0.0104,35.6883,0.0,2026-09-11 22:53:45.000000
TRD_802472,ORD_502472,USR_HFT_005,BTC,SELL,6863131.3518,0.0086,29.5115,0.0,2026-09-11 23:02:02.000000
TRD_800524,ORD_500524,USR_SYS_003,BTC,BUY,6819279.0,0.0343,233.9013,0.0002,2026-09-11 23:45:00.000000
TRD_800674,ORD_500674,USR_SYS_006,BTC,BUY,6819279.0,0.0373,254.3591,0.0002,2026-09-11 23:45:00.000000
TRD_801872,ORD_501872,USR_HFT_004,BTC,BUY,6817915.1442,0.0066,22.4991,0.0,2026-09-12 00:13:05.000000
TRD_802164,ORD_502164,USR_HFT_004,BTC,SELL,6841179.8474,0.0034,11.63,0.0,2026-09-12 00:30:00.000000
TRD_801570,ORD_501570,USR_HFT_003,BTC,BUY,6838443.9226,0.0135,46.1595,0.0,2026-09-12 00:39:42.000000
TRD_800038,ORD_500038,USR_RET_002,BTC,BUY,6856911.4147,0.0319,437.4709,0.0025,2026-09-12 01:01:00.000000
TRD_800389,ORD_500389,USR_RET_015,BTC,BUY,6861015.3018,0.0295,404.7999,0.0031,2026-09-12 01:03:00.000000
TRD_802063,ORD_502063,USR_HFT_004,BTC,SELL,6841179.8474,0.0098,33.5218,0.0,2026-09-12 01:17:23.000000
TRD_800021,ORD_500021,USR_RET_001,BTC,SELL,6839055.0804,0.0215,294.0794,0.0008,2026-09-12 01:33:00.000000
TRD_801959,ORD_501959,USR_HFT_004,BTC,BUY,6843161.7989,0.0052,17.7922,0.0,2026-09-12 01:43:02.000000
TRD_802154,ORD_502154,USR_HFT_004,BTC,SELL,6845899.6111,0.0104,35.5987,0.0,2026-09-12 02:00:15.000000
TRD_800391,ORD_500391,USR_RET_015,BTC,BUY,6844531.0617,0.0928,1270.345,0.003,2026-09-12 02:33:00.000000
TRD_800243,ORD_500243,USR_RET_010,BTC,SELL,6561332.6179,0.0122,160.0965,0.0385,2026-09-12 02:34:00.000000
TRD_802353,ORD_502353,USR_HFT_005,BTC,BUY,6822694.0732,0.0146,49.8057,0.0,2026-09-12 02:42:59.000000
TRD_800347,ORD_500347,USR_RET_014,BTC,BUY,6850989.435,0.0125,171.2747,0.0034,2026-09-12 03:32:00.000000
TRD_802103,ORD_502103,USR_HFT_004,BTC,SELL,6829140.555,0.0144,49.1698,0.0,2026-09-12 03:40:17.000000
TRD_802383,ORD_502383,USR_HFT_005,BTC,BUY,6826409.445,0.0122,41.6411,0.0,2026-09-12 03:49:05.000000
TRD_802124,ORD_502124,USR_HFT_004,BTC,BUY,6826409.445,0.0045,15.3594,0.0,2026-09-12 03:50:06.000000
TRD_801626,ORD_501626,USR_HFT_003,BTC,BUY,6826409.445,0.011,37.5453,0.0,2026-09-12 04:02:18.000000
TRD_801381,ORD_501381,USR_HFT_002,BTC,SELL,6835841.3449,0.0106,36.23,0.0,2026-09-12 04:58:51.000000
TRD_802035,ORD_502035,USR_HFT_004,BTC,BUY,6833107.5551,0.0035,11.9579,0.0,2026-09-12 04:59:34.000000
TRD_801129,ORD_501129,USR_HFT_001,BTC,SELL,6835841.3449,0.0063,21.5329,0.0,2026-09-12 05:26:26.000000
TRD_801105,ORD_501105,USR_HFT_001,BTC,BUY,6838569.5675,0.0129,44.1088,0.0,2026-09-12 05:50:11.000000
TRD_800469,ORD_500469,USR_SYS_002,BTC,SELL,6838604.745,0.0503,343.9818,0.0004,2026-09-12 06:30:00.000000
TRD_800520,ORD_500520,USR_SYS_003,BTC,BUY,6838604.745,0.0396,270.8087,0.0002,2026-09-12 06:45:00.000000
TRD_800190,ORD_500190,USR_RET_008,BTC,BUY,6852281.9545,0.0172,235.7185,0.002,2026-09-12 06:54:00.000000
TRD_801553,ORD_501553,USR_HFT_003,BTC,BUY,6837237.0241,0.0031,10.5977,0.0,2026-09-12 06:54:44.000000
TRD_802229,ORD_502229,USR_HFT_005,BTC,SELL,6839972.4659,0.01,34.1999,0.0,2026-09-12 07:05:40.000000
TRD_802025,ORD_502025,USR_HFT_004,BTC,BUY,6837237.0241,0.0106,36.2374,0.0,2026-09-12 07:10:30.000000
TRD_801946,ORD_501946,USR_HFT_004,BTC,BUY,6837237.0241,0.0142,48.5444,0.0,2026-09-12 07:12:51.000000
TRD_801548,ORD_501548,USR_HFT_003,BTC,SELL,6839972.4659,0.0085,29.0699,0.0,2026-09-12 07:26:15.000000
TRD_800123,ORD_500123,USR_RET_006,BTC,SELL,6823181.8679,0.0064,87.3367,0.0022,2026-09-12 09:01:00.000000
TRD_800297,ORD_500297,USR_RET_012,BTC,BUY,6862159.7559,0.0271,371.9291,0.0035,2026-09-12 09:06:00.000000
TRD_801285,ORD_501285,USR_HFT_002,BTC,BUY,6836858.3198,0.014,47.858,0.0,2026-09-12 09:28:43.000000
TRD_801534,ORD_501534,USR_HFT_002,BTC,SELL,6839593.6102,0.0122,41.7215,0.0,2026-09-12 09:28:54.000000
TRD_800569,ORD_500569,USR_SYS_004,BTC,SELL,6834213.375,0.0215,146.9356,0.0004,2026-09-12 09:30:00.000000
TRD_800495,ORD_500495,USR_SYS_003,BTC,SELL,6834213.375,0.0493,336.9267,0.0004,2026-09-12 09:30:00.000000
TRD_800592,ORD_500592,USR_SYS_005,BTC,BUY,6834213.375,0.044,300.7054,0.0002,2026-09-12 09:45:00.000000
TRD_801395,ORD_501395,USR_HFT_002,BTC,SELL,6835580.2177,0.0134,45.7984,0.0,2026-09-12 10:22:09.000000
TRD_801780,ORD_501780,USR_HFT_003,BTC,BUY,6832426.2414,0.0117,39.9697,0.0,2026-09-12 11:10:08.000000
TRD_800262,ORD_500262,USR_RET_011,BTC,BUY,6854977.7583,0.0144,197.4234,0.0031,2026-09-12 11:17:00.000000
TRD_800878,ORD_500878,USR_HFT_001,BTC,BUY,6832426.2414,0.0057,19.4724,0.0,2026-09-12 11:23:09.000000
TRD_801223,ORD_501223,USR_HFT_001,BTC,BUY,6838773.0768,0.0058,19.8324,0.0,2026-09-12 12:07:41.000000
TRD_801707,ORD_501707,USR_HFT_003,BTC,SELL,6839722.846,0.0143,48.904,0.0,2026-09-12 12:30:54.000000
TRD_802057,ORD_502057,USR_HFT_004,BTC,SELL,6839722.846,0.0059,20.1772,0.0,2026-09-12 12:40:30.000000
TRD_800097,ORD_500097,USR_RET_005,BTC,SELL,6832884.4909,0.0406,554.8302,0.0008,2026-09-12 13:06:00.000000
TRD_802414,ORD_502414,USR_HFT_005,BTC,SELL,6847730.1572,0.0023,7.8749,0.0,2026-09-12 13:39:36.000000
TRD_802123,ORD_502123,USR_HFT_004,BTC,SELL,6847730.1572,0.0034,11.6411,0.0,2026-09-12 13:39:56.000000
TRD_801159,ORD_501159,USR_HFT_001,BTC,BUY,6844991.6128,0.0034,11.6365,0.0,2026-09-12 14:04:03.000000
TRD_801717,ORD_501717,USR_HFT_003,BTC,SELL,6847730.1572,0.0038,13.0107,0.0,2026-09-12 14:08:21.000000
TRD_801261,ORD_501261,USR_HFT_002,BTC,SELL,6847730.1572,0.0126,43.1407,0.0,2026-09-12 14:11:17.000000
TRD_801082,ORD_501082,USR_HFT_001,BTC,SELL,6847730.1572,0.0048,16.4346,0.0,2026-09-12 14:17:45.000000
TRD_800351,ORD_500351,USR_RET_014,BTC,BUY,6858684.3346,0.0166,227.7083,0.0018,2026-09-12 14:18:00.000000
TRD_801453,ORD_501453,USR_HFT_002,BTC,SELL,6847730.1572,0.0098,33.5539,0.0,2026-09-12 14:19:42.000000
TRD_800775,ORD_500775,USR_SYS_009,BTC,SELL,6845425.44,0.0532,364.1766,0.0004,2026-09-12 14:30:00.000000
TRD_801316,ORD_501316,USR_HFT_002,BTC,BUY,6844056.3549,0.0064,21.901,0.0,2026-09-12 14:42:10.000000
TRD_801022,ORD_501022,USR_HFT_001,BTC,BUY,6842596.397,0.0096,32.8445,0.0,2026-09-12 15:38:08.000000
TRD_801845,ORD_501845,USR_HFT_004,BTC,BUY,6842596.397,0.0097,33.1866,0.0,2026-09-12 15:38:32.000000
TRD_801507,ORD_501507,USR_HFT_002,BTC,SELL,6845333.983,0.0082,28.0659,0.0,2026-09-12 15:53:09.000000
TRD_801201,ORD_501201,USR_HFT_001,BTC,SELL,6845333.983,0.0036,12.3216,0.0,2026-09-12 16:00:14.000000
TRD_800278,ORD_500278,USR_RET_011,BTC,SELL,6821380.1049,0.0122,166.4417,0.0033,2026-09-12 16:01:00.000000
TRD_800214,ORD_500214,USR_RET_009,BTC,SELL,6835752.4318,0.0352,481.237,0.0012,2026-09-12 16:16:00.000000
TRD_800386,ORD_500386,USR_RET_015,BTC,SELL,6837805.6213,0.0093,127.1832,0.0009,2026-09-12 16:20:00.000000
TRD_801981,ORD_501981,USR_HFT_004,BTC,SELL,6845333.983,0.0124,42.4411,0.0,2026-09-12 16:27:59.000000
TRD_800499,ORD_500499,USR_SYS_003,BTC,SELL,6846009.54,0.0289,197.8497,0.0004,2026-09-12 16:30:00.000000
TRD_801977,ORD_501977,USR_HFT_004,BTC,BUY,6843221.082,0.0071,24.2934,0.0,2026-09-12 17:55:34.000000
TRD_800152,ORD_500152,USR_RET_007,BTC,BUY,6862385.934,0.0344,472.1322,0.0026,2026-09-12 18:17:00.000000
TRD_800824,ORD_500824,USR_SYS_010,BTC,BUY,6846937.02,0.0589,403.2846,0.0002,2026-09-12 18:45:00.000000
TRD_800314,ORD_500314,USR_RET_013,BTC,SELL,6829819.6775,0.0244,333.2952,0.0025,2026-09-12 18:53:00.000000
TRD_801606,ORD_501606,USR_HFT_003,BTC,BUY,6845567.6326,0.0057,19.5099,0.0,2026-09-12 18:54:17.000000
TRD_800195,ORD_500195,USR_RET_008,BTC,BUY,6859946.2003,0.0313,429.4326,0.0019,2026-09-12 19:17:00.000000
TRD_801950,ORD_501950,USR_HFT_004,BTC,BUY,6845567.6326,0.0088,30.1205,0.0,2026-09-12 19:17:16.000000
TRD_800360,ORD_500360,USR_RET_014,BTC,BUY,6873143.5713,0.0497,683.1905,0.0026,2026-09-12 19:38:00.000000
TRD_801103,ORD_501103,USR_HFT_001,BTC,SELL,6856690.8039,0.0028,9.5994,0.0,2026-09-12 19:39:05.000000
TRD_800185,ORD_500185,USR_RET_008,BTC,SELL,6845722.2924,0.0083,113.639,0.0014,2026-09-12 19:46:00.000000
TRD_802258,ORD_502258,USR_HFT_005,BTC,SELL,6856690.8039,0.009,30.8551,0.0,2026-09-12 19:48:32.000000
TRD_801658,ORD_501658,USR_HFT_003,BTC,BUY,6853948.6761,0.012,41.1237,0.0,2026-09-12 20:26:49.000000
TRD_800687,ORD_500687,USR_SYS_007,BTC,SELL,6848162.745,0.0435,297.8951,0.0004,2026-09-12 20:30:00.000000
TRD_801948,ORD_501948,USR_HFT_004,BTC,SELL,6849532.3775,0.012,41.0972,0.0,2026-09-12 20:34:08.000000
TRD_801438,ORD_501438,USR_HFT_002,BTC,SELL,6849532.3775,0.0021,7.192,0.0,2026-09-12 20:51:51.000000
TRD_802060,ORD_502060,USR_HFT_004,BTC,SELL,6849532.3775,0.0022,7.5345,0.0,2026-09-12 21:10:34.000000
TRD_802523,ORD_502523,USR_HFT_005,BTC,SELL,6849532.3775,0.0043,14.7265,0.0,2026-09-12 21:17:08.000000
TRD_802257,ORD_502257,USR_HFT_005,BTC,BUY,6844814.6482,0.0039,13.3474,0.0,2026-09-12 22:22:12.000000
TRD_800781,ORD_500781,USR_SYS_009,BTC,SELL,6833136.33,0.0235,160.5787,0.0004,2026-09-12 22:30:00.000000
TRD_802196,ORD_502196,USR_HFT_005,BTC,SELL,6834502.9573,0.0023,7.8597,0.0,2026-09-12 22:38:32.000000
TRD_802238,ORD_502238,USR_HFT_005,BTC,SELL,6834502.9573,0.0021,7.1762,0.0,2026-09-12 22:53:50.000000
TRD_802092,ORD_502092,USR_HFT_004,BTC,BUY,6831769.7027,0.0107,36.55,0.0,2026-09-12 23:11:26.000000
TRD_802096,ORD_502096,USR_HFT_004,BTC,BUY,6824728.2813,0.0117,39.9247,0.0,2026-09-12 23:31:10.000000
TRD_802181,ORD_502181,USR_HFT_005,BTC,SELL,6827458.7187,0.013,44.3785,0.0,2026-09-12 23:47:33.000000
TRD_801448,ORD_501448,USR_HFT_002,BTC,BUY,6824728.2813,0.0146,49.8205,0.0,2026-09-13 00:08:37.000000
TRD_800986,ORD_500986,USR_HFT_001,BTC,SELL,6826041.5503,0.0061,20.8194,0.0,2026-09-13 00:58:07.000000
TRD_801952,ORD_501952,USR_HFT_004,BTC,BUY,6823311.6797,0.0145,49.469,0.0,2026-09-13 01:10:41.000000
TRD_802237,ORD_502237,USR_HFT_005,BTC,SELL,6826041.5503,0.0115,39.2497,0.0,2026-09-13 01:15:02.000000
TRD_800420,ORD_500420,USR_SYS_001,BTC,BUY,6829545.0,0.028,191.2273,0.0002,2026-09-13 01:45:00.000000
TRD_800206,ORD_500206,USR_RET_009,BTC,BUY,6843887.0445,0.0279,381.8889,0.0021,2026-09-13 02:04:00.000000
TRD_800245,ORD_500245,USR_RET_010,BTC,SELL,6815885.91,0.023,313.5308,0.002,2026-09-13 02:23:00.000000
TRD_800735,ORD_500735,USR_SYS_008,BTC,SELL,6837864.885,0.0366,250.2659,0.0004,2026-09-13 02:30:00.000000
TRD_801277,ORD_501277,USR_HFT_002,BTC,SELL,6839232.458,0.0116,39.6675,0.0,2026-09-13 02:37:01.000000
TRD_801314,ORD_501314,USR_HFT_002,BTC,BUY,6836497.312,0.007,23.9277,0.0,2026-09-13 03:02:20.000000
TRD_801155,ORD_501155,USR_HFT_001,BTC,BUY,6836497.312,0.0126,43.0699,0.0,2026-09-13 03:27:10.000000
TRD_800967,ORD_500967,USR_HFT_001,BTC,BUY,6836497.312,0.0025,8.5456,0.0,2026-09-13 03:27:33.000000
TRD_801532,ORD_501532,USR_HFT_002,BTC,SELL,6839232.458,0.0066,22.5695,0.0,2026-09-13 03:29:38.000000
TRD_800343,ORD_500343,USR_RET_013,BTC,SELL,6826844.9885,0.0473,645.8195,0.0012,2026-09-13 03:44:00.000000
TRD_800293,ORD_500293,USR_RET_012,BTC,SELL,6825477.9791,0.0127,173.3671,0.0014,2026-09-13 04:03:00.000000
TRD_800361,ORD_500361,USR_RET_014,BTC,SELL,6815908.9133,0.0149,203.1141,0.0028,2026-09-13 04:06:00.000000
TRD_801972,ORD_501972,USR_HFT_004,BTC,SELL,6836414.0544,0.0141,48.1967,0.0,2026-09-13 04:22:59.000000
TRD_800616,ORD_500616,USR_SYS_005,BTC,BUY,6839167.605,0.0594,406.2466,0.0002,2026-09-13 04:45:00.000000
TRD_801679,ORD_501679,USR_HFT_003,BTC,BUY,6837799.7715,0.0055,18.8039,0.0,2026-09-13 05:05:42.000000
TRD_802449,ORD_502449,USR_HFT_005,BTC,BUY,6837799.7715,0.0103,35.2147,0.0,2026-09-13 05:14:48.000000
TRD_801975,ORD_501975,USR_HFT_004,BTC,BUY,6837799.7715,0.0069,23.5904,0.0,2026-09-13 05:16:33.000000
TRD_802280,ORD_502280,USR_HFT_005,BTC,SELL,6840535.4385,0.0131,44.8055,0.0,2026-09-13 05:29:14.000000
TRD_800042,ORD_500042,USR_RET_002,BTC,BUY,7112484.8808,0.0349,496.4514,0.04,2026-09-13 05:58:00.000000
TRD_801099,ORD_501099,USR_HFT_001,BTC,BUY,6837559.9844,0.0036,12.3076,0.0,2026-09-13 06:00:13.000000
TRD_800204,ORD_500204,USR_RET_009,BTC,SELL,6831404.9495,0.0142,194.0119,0.0011,2026-09-13 06:05:00.000000
TRD_802065,ORD_502065,USR_HFT_004,BTC,SELL,6840295.5556,0.0127,43.4359,0.0,2026-09-13 06:14:47.000000
TRD_802392,ORD_502392,USR_HFT_005,BTC,SELL,6844185.9085,0.0125,42.7762,0.0,2026-09-13 06:36:30.000000
TRD_800191,ORD_500191,USR_RET_008,BTC,SELL,6831184.5555,0.0093,127.06,0.0017,2026-09-13 06:56:00.000000
TRD_801409,ORD_501409,USR_HFT_002,BTC,BUY,6838793.4277,0.0097,33.1681,0.0,2026-09-13 07:43:19.000000
TRD_802013,ORD_502013,USR_HFT_004,BTC,SELL,6841529.4923,0.0137,46.8645,0.0,2026-09-13 07:47:08.000000
TRD_801262,ORD_501262,USR_HFT_002,BTC,SELL,6832859.1836,0.0093,31.7728,0.0,2026-09-13 08:32:20.000000
TRD_801198,ORD_501198,USR_HFT_001,BTC,BUY,6830126.5864,0.0037,12.6357,0.0,2026-09-13 08:41:51.000000
TRD_800769,ORD_500769,USR_SYS_008,BTC,SELL,6833085.885,0.0319,217.9754,0.0004,2026-09-13 09:30:00.000000
TRD_801290,ORD_501290,USR_HFT_002,BTC,SELL,6834452.5022,0.0092,31.4385,0.0,2026-09-13 09:47:40.000000
TRD_800980,ORD_500980,USR_HFT_001,BTC,BUY,6831719.2678,0.0122,41.6735,0.0,2026-09-13 09:56:49.000000
TRD_802484,ORD_502484,USR_HFT_005,BTC,BUY,6831719.2678,0.0058,19.812,0.0,2026-09-13 09:57:43.000000
TRD_801081,ORD_501081,USR_HFT_001,BTC,BUY,6831719.2678,0.0032,10.9308,0.0,2026-09-13 10:11:09.000000
TRD_800701,ORD_500701,USR_SYS_007,BTC,SELL,6842997.885,0.0364,249.0851,0.0004,2026-09-13 10:30:00.000000
TRD_800557,ORD_500557,USR_SYS_004,BTC,SELL,6842997.885,0.0528,361.3103,0.0004,2026-09-13 10:30:00.000000
TRD_801014,ORD_501014,USR_HFT_001,BTC,SELL,6844366.4846,0.0026,8.8977,0.0,2026-09-13 11:23:19.000000
TRD_801385,ORD_501385,USR_HFT_002,BTC,BUY,6823962.9094,0.0122,41.6262,0.0,2026-09-13 12:10:06.000000
TRD_801814,ORD_501814,USR_HFT_003,BTC,SELL,6826693.0406,0.0058,19.7974,0.0,2026-09-13 12:11:02.000000
TRD_802531,ORD_502531,USR_HFT_005,BTC,BUY,6823962.9094,0.0147,50.1561,0.0,2026-09-13 12:20:21.000000
TRD_801886,ORD_501886,USR_HFT_004,BTC,SELL,6826693.0406,0.0021,7.168,0.0,2026-09-13 12:23:49.000000
TRD_802313,ORD_502313,USR_HFT_005,BTC,SELL,6827192.2804,0.012,40.9632,0.0,2026-09-13 12:36:49.000000
TRD_800978,ORD_500978,USR_HFT_001,BTC,SELL,6827192.2804,0.0081,27.6501,0.0,2026-09-13 12:40:24.000000
TRD_800979,ORD_500979,USR_HFT_001,BTC,BUY,6827192.2804,0.0081,27.6501,0.0,2026-09-13 12:40:26.042343
TRD_802447,ORD_502447,USR_HFT_005,BTC,SELL,6827192.2804,0.0042,14.3371,0.0,2026-09-13 12:40:40.000000
TRD_800822,ORD_500822,USR_SYS_010,BTC,BUY,6825827.115,0.039,266.2073,0.0002,2026-09-13 12:45:00.000000
TRD_800261,ORD_500261,USR_RET_010,BTC,SELL,6788496.1163,0.033,448.0407,0.0014,2026-09-13 13:34:00.000000
TRD_801126,ORD_501126,USR_HFT_001,BTC,BUY,6796653.7323,0.0117,39.7604,0.0,2026-09-13 13:36:40.000000
TRD_802160,ORD_502160,USR_HFT_004,BTC,BUY,6796653.7323,0.0109,37.0418,0.0,2026-09-13 13:46:02.000000
TRD_801060,ORD_501060,USR_HFT_001,BTC,BUY,6796653.7323,0.0057,19.3705,0.0,2026-09-13 14:01:34.000000
TRD_802455,ORD_502455,USR_HFT_005,BTC,SELL,6799372.9377,0.0099,33.6569,0.0,2026-09-13 14:24:29.000000
TRD_800663,ORD_500663,USR_SYS_006,BTC,SELL,6797508.885,0.0311,211.4025,0.0004,2026-09-13 14:30:00.000000
TRD_801185,ORD_501185,USR_HFT_001,BTC,BUY,6796149.3832,0.0021,7.136,0.0,2026-09-13 14:36:26.000000
TRD_801421,ORD_501421,USR_HFT_002,BTC,BUY,6796149.3832,0.0038,12.9127,0.0,2026-09-13 14:39:35.000000
TRD_801847,ORD_501847,USR_HFT_004,BTC,BUY,6796149.3832,0.0034,11.5535,0.0,2026-09-13 14:41:36.000000
TRD_801742,ORD_501742,USR_HFT_003,BTC,SELL,6798868.3868,0.0096,32.6346,0.0,2026-09-13 15:19:16.000000
TRD_800675,ORD_500675,USR_SYS_006,BTC,SELL,6785940.165,0.0373,253.1156,0.0004,2026-09-13 15:30:00.000000
TRD_800525,ORD_500525,USR_SYS_003,BTC,SELL,6785940.165,0.0343,232.7577,0.0004,2026-09-13 15:30:00.000000
TRD_801074,ORD_501074,USR_HFT_001,BTC,BUY,6784582.977,0.0091,30.8699,0.0,2026-09-13 15:32:11.000000
TRD_800698,ORD_500698,USR_SYS_007,BTC,BUY,6785940.165,0.026,176.4344,0.0002,2026-09-13 15:45:00.000000
TRD_800011,ORD_500011,USR_RET_001,BTC,BUY,7101486.3827,0.0668,948.7586,0.0465,2026-09-13 15:48:00.000000
TRD_801661,ORD_501661,USR_HFT_003,BTC,BUY,6784582.977,0.0071,24.0853,0.0,2026-09-13 16:12:26.000000
TRD_800265,ORD_500265,USR_RET_011,BTC,BUY,6799512.0453,0.0071,96.5531,0.002,2026-09-13 16:14:00.000000
TRD_800043,ORD_500043,USR_RET_002,BTC,BUY,6804262.2034,0.0139,189.1585,0.0027,2026-09-13 16:24:00.000000
TRD_801920,ORD_501920,USR_HFT_004,BTC,SELL,6787297.353,0.0064,21.7194,0.0,2026-09-13 16:27:19.000000
TRD_801033,ORD_501033,USR_HFT_001,BTC,BUY,6794761.0959,0.0132,44.8454,0.0,2026-09-13 16:43:53.000000
TRD_801508,ORD_501508,USR_HFT_002,BTC,BUY,6794761.0959,0.0144,48.9223,0.0,2026-09-13 17:11:03.000000
TRD_802052,ORD_502052,USR_HFT_004,BTC,SELL,6794913.4159,0.0141,47.9041,0.0,2026-09-13 17:35:40.000000
TRD_801500,ORD_501500,USR_HFT_002,BTC,SELL,6794913.4159,0.0073,24.8014,0.0,2026-09-13 17:43:26.000000
TRD_801790,ORD_501790,USR_HFT_003,BTC,SELL,6794913.4159,0.0119,40.4297,0.0,2026-09-13 17:50:07.000000
TRD_801459,ORD_501459,USR_HFT_002,BTC,SELL,6794913.4159,0.0054,18.3463,0.0,2026-09-13 18:11:20.000000
TRD_801278,ORD_501278,USR_HFT_002,BTC,SELL,6794913.4159,0.0078,26.5002,0.0,2026-09-13 18:22:36.000000
TRD_801962,ORD_501962,USR_HFT_004,BTC,SELL,6802852.5685,0.0076,25.8508,0.0,2026-09-13 18:38:29.000000
TRD_801917,ORD_501917,USR_HFT_004,BTC,SELL,6802852.5685,0.0125,42.5178,0.0,2026-09-13 18:57:05.000000
TRD_801482,ORD_501482,USR_HFT_002,BTC,SELL,6834983.6084,0.0114,38.9594,0.0,2026-09-13 19:37:34.000000
TRD_801483,ORD_501483,USR_HFT_002,BTC,BUY,6834983.6084,0.0114,38.9594,0.0,2026-09-13 19:37:36.098878
TRD_802074,ORD_502074,USR_HFT_004,BTC,SELL,6834983.6084,0.0091,31.0992,0.0,2026-09-13 19:46:11.000000
TRD_802283,ORD_502283,USR_HFT_005,BTC,BUY,6825067.1685,0.0149,50.8468,0.0,2026-09-13 20:35:36.000000
TRD_802323,ORD_502323,USR_HFT_005,BTC,SELL,6827797.7415,0.0102,34.8218,0.0,2026-09-13 20:43:02.000000
TRD_800999,ORD_500999,USR_HFT_001,BTC,SELL,6827797.7415,0.0104,35.5045,0.0,2026-09-13 20:52:04.000000
TRD_800340,ORD_500340,USR_RET_013,BTC,SELL,6821653.9523,0.0161,219.6573,0.0007,2026-09-13 21:12:00.000000
TRD_801941,ORD_501941,USR_HFT_004,BTC,SELL,6840306.1777,0.0132,45.146,0.0,2026-09-13 21:37:46.000000
TRD_800834,ORD_500834,USR_SYS_010,BTC,BUY,6838938.39,0.0526,359.7282,0.0002,2026-09-13 21:45:00.000000
TRD_800137,ORD_500137,USR_RET_006,BTC,BUY,6850564.5853,0.0202,276.7628,0.0017,2026-09-13 21:47:00.000000
TRD_801863,ORD_501863,USR_HFT_004,BTC,SELL,6840306.1777,0.0059,20.1789,0.0,2026-09-13 22:13:20.000000
TRD_800521,ORD_500521,USR_SYS_003,BTC,SELL,6843611.19,0.0396,271.007,0.0004,2026-09-13 22:30:00.000000
TRD_800369,ORD_500369,USR_RET_015,BTC,SELL,6827186.5231,0.0062,84.6571,0.0024,2026-09-13 22:36:00.000000
TRD_800364,ORD_500364,USR_RET_014,BTC,SELL,6827870.8843,0.0245,334.5657,0.0023,2026-09-13 22:37:00.000000
TRD_800670,ORD_500670,USR_SYS_006,BTC,BUY,6843611.19,0.0429,293.5909,0.0002,2026-09-13 22:45:00.000000
TRD_801745,ORD_501745,USR_HFT_003,BTC,BUY,6842242.4678,0.0033,11.2897,0.0,2026-09-13 22:54:52.000000
TRD_802520,ORD_502520,USR_HFT_005,BTC,SELL,6844979.9122,0.005,17.1124,0.0,2026-09-13 23:01:48.000000
TRD_801112,ORD_501112,USR_HFT_001,BTC,SELL,6844979.9122,0.0035,11.9787,0.0,2026-09-13 23:13:11.000000
TRD_802077,ORD_502077,USR_HFT_004,BTC,BUY,6843121.097,0.0133,45.5068,0.0,2026-09-13 23:46:44.000000
TRD_801334,ORD_501334,USR_HFT_002,BTC,SELL,6845858.893,0.0143,48.9479,0.0,2026-09-14 00:15:25.000000
TRD_801491,ORD_501491,USR_HFT_002,BTC,SELL,6841001.9268,0.0082,28.0481,0.0,2026-09-14 00:45:57.000000
TRD_800098,ORD_500098,USR_RET_005,BTC,SELL,6829374.549,0.0628,857.7694,0.0015,2026-09-14 00:53:00.000000
TRD_801121,ORD_501121,USR_HFT_001,BTC,SELL,6841001.9268,0.0097,33.1789,0.0,2026-09-14 01:11:26.000000
TRD_801735,ORD_501735,USR_HFT_003,BTC,SELL,6841001.9268,0.0091,31.1266,0.0,2026-09-14 01:19:25.000000
TRD_801247,ORD_501247,USR_HFT_002,BTC,SELL,6841001.9268,0.012,41.046,0.0,2026-09-14 01:28:56.000000
TRD_800593,ORD_500593,USR_SYS_005,BTC,SELL,6845298.885,0.044,301.1932,0.0004,2026-09-14 01:30:00.000000
TRD_800299,ORD_500299,USR_RET_012,BTC,BUY,6856251.3632,0.0411,563.5839,0.0016,2026-09-14 02:17:00.000000
TRD_801490,ORD_501490,USR_HFT_002,BTC,BUY,6841097.5068,0.0046,15.7345,0.0,2026-09-14 02:38:36.000000
TRD_801486,ORD_501486,USR_HFT_002,BTC,BUY,6841097.5068,0.0066,22.5756,0.0,2026-09-14 02:43:44.000000
TRD_800818,ORD_500818,USR_SYS_010,BTC,BUY,6842466.0,0.0459,314.0692,0.0002,2026-09-14 02:45:00.000000
TRD_800129,ORD_500129,USR_RET_006,BTC,BUY,6855466.6854,0.007,95.9765,0.0019,2026-09-14 02:50:00.000000
TRD_800927,ORD_500927,USR_HFT_001,BTC,BUY,6841097.5068,0.0086,29.4167,0.0,2026-09-14 03:21:47.000000
TRD_801810,ORD_501810,USR_HFT_003,BTC,BUY,6787831.1622,0.0065,22.0605,0.0,2026-09-14 03:40:35.000000
TRD_801577,ORD_501577,USR_HFT_003,BTC,SELL,6790546.8378,0.0079,26.8227,0.0,2026-09-14 03:42:15.000000
TRD_800470,ORD_500470,USR_SYS_002,BTC,BUY,6789189.0,0.0329,223.3643,0.0002,2026-09-14 03:45:00.000000
TRD_802006,ORD_502006,USR_HFT_004,BTC,SELL,6790546.8378,0.0146,49.571,0.0,2026-09-14 03:52:57.000000
TRD_800864,ORD_500864,USR_HFT_001,BTC,BUY,6787831.1622,0.0138,46.836,0.0,2026-09-14 04:05:01.000000
TRD_800894,ORD_500894,USR_HFT_001,BTC,BUY,6799157.7814,0.0025,8.4989,0.0,2026-09-14 04:30:58.000000
TRD_800186,ORD_500186,USR_RET_008,BTC,SELL,6785556.7457,0.0053,71.9269,0.0022,2026-09-14 04:43:00.000000
TRD_801583,ORD_501583,USR_HFT_003,BTC,BUY,6799157.7814,0.0112,38.0753,0.0,2026-09-14 05:06:02.000000
TRD_801181,ORD_501181,USR_HFT_001,BTC,SELL,6801877.9886,0.0126,42.8518,0.0,2026-09-14 05:22:31.000000
TRD_802222,ORD_502222,USR_HFT_005,BTC,SELL,6798867.5016,0.008,27.1955,0.0,2026-09-14 05:44:35.000000
TRD_801019,ORD_501019,USR_HFT_001,BTC,BUY,6796148.4984,0.008,27.1846,0.0,2026-09-14 06:21:37.000000
TRD_801939,ORD_501939,USR_HFT_004,BTC,SELL,6826393.8508,0.0079,26.9643,0.0,2026-09-14 07:00:00.000000
TRD_801357,ORD_501357,USR_HFT_002,BTC,SELL,6826393.8508,0.0118,40.2757,0.0,2026-09-14 07:14:18.000000
TRD_802274,ORD_502274,USR_HFT_005,BTC,SELL,6826393.8508,0.0036,12.2875,0.0,2026-09-14 07:26:28.000000
TRD_800953,ORD_500953,USR_HFT_001,BTC,BUY,6823663.8392,0.0037,12.6238,0.0,2026-09-14 07:28:40.000000
TRD_802515,ORD_502515,USR_HFT_005,BTC,SELL,6868973.52,0.004,13.7379,0.0,2026-09-14 07:39:25.000000
TRD_802219,ORD_502219,USR_HFT_005,BTC,BUY,6866226.48,0.0063,21.6286,0.0,2026-09-14 08:19:31.000000
TRD_800877,ORD_500877,USR_HFT_001,BTC,SELL,6868648.66,0.0108,37.0907,0.0,2026-09-14 09:09:21.000000
TRD_802321,ORD_502321,USR_HFT_005,BTC,BUY,6865901.75,0.0057,19.5678,0.0,2026-09-14 09:10:26.000000
TRD_801331,ORD_501331,USR_HFT_002,BTC,SELL,6868648.66,0.0065,22.3231,0.0,2026-09-14 09:28:27.000000
TRD_802194,ORD_502194,USR_HFT_005,BTC,BUY,6873462.5625,0.0139,47.7706,0.0,2026-09-14 09:30:47.000000
TRD_801502,ORD_501502,USR_HFT_002,BTC,SELL,6876212.4975,0.0046,15.8153,0.0,2026-09-14 10:14:34.000000
TRD_800930,ORD_500930,USR_HFT_001,BTC,BUY,6873462.5625,0.0079,27.1502,0.0,2026-09-14 10:18:29.000000
TRD_800825,ORD_500825,USR_SYS_010,BTC,SELL,6868643.415,0.0589,404.5631,0.0004,2026-09-14 10:30:00.000000
TRD_801636,ORD_501636,USR_HFT_003,BTC,BUY,6867269.6863,0.0132,45.324,0.0,2026-09-14 10:55:56.000000
TRD_801798,ORD_501798,USR_HFT_003,BTC,SELL,6868367.1738,0.0023,7.8986,0.0,2026-09-14 11:35:11.000000
TRD_800081,ORD_500081,USR_RET_004,BTC,BUY,6871113.9713,0.0144,197.8881,0.0006,2026-09-14 11:44:00.000000
TRD_801750,ORD_501750,USR_HFT_003,BTC,SELL,6868367.1738,0.0025,8.5855,0.0,2026-09-14 11:49:24.000000
TRD_801230,ORD_501230,USR_HFT_002,BTC,SELL,6868367.1738,0.0044,15.1104,0.0,2026-09-14 11:51:10.000000
TRD_801530,ORD_501530,USR_HFT_002,BTC,SELL,6868367.1738,0.014,48.0786,0.0,2026-09-14 12:12:37.000000
TRD_801138,ORD_501138,USR_HFT_001,BTC,SELL,6868367.1738,0.0071,24.3827,0.0,2026-09-14 12:26:22.000000
TRD_800576,ORD_500576,USR_SYS_004,BTC,BUY,6893463.24,0.0582,401.1996,0.0002,2026-09-14 12:45:00.000000
TRD_801122,ORD_501122,USR_HFT_001,BTC,BUY,6892084.5474,0.0101,34.805,0.0,2026-09-14 13:17:04.000000
TRD_801871,ORD_501871,USR_HFT_004,BTC,BUY,6877623.0002,0.0101,34.732,0.0,2026-09-14 13:31:11.000000
TRD_801843,ORD_501843,USR_HFT_004,BTC,BUY,6877623.0002,0.0036,12.3797,0.0,2026-09-14 13:37:56.000000
TRD_800053,ORD_500053,USR_RET_003,BTC,BUY,7134751.2126,0.0131,186.9305,0.0317,2026-09-14 14:36:00.000000
TRD_802002,ORD_502002,USR_HFT_004,BTC,SELL,6916912.0508,0.0095,32.8553,0.0,2026-09-14 15:07:30.000000
TRD_802111,ORD_502111,USR_HFT_004,BTC,SELL,6916912.0508,0.0109,37.6972,0.0,2026-09-14 15:26:45.000000
TRD_800163,ORD_500163,USR_RET_007,BTC,BUY,6916797.2491,0.0166,229.6377,0.0032,2026-09-14 15:40:00.000000
TRD_801304,ORD_501304,USR_HFT_002,BTC,SELL,6896113.0468,0.0068,23.4468,0.0,2026-09-14 15:42:41.000000
TRD_801857,ORD_501857,USR_HFT_004,BTC,BUY,6893355.1532,0.0039,13.442,0.0,2026-09-14 15:51:59.000000
TRD_801744,ORD_501744,USR_HFT_003,BTC,BUY,6893355.1532,0.0123,42.3941,0.0,2026-09-14 15:59:13.000000
TRD_802512,ORD_502512,USR_HFT_005,BTC,BUY,6893355.1532,0.0111,38.2581,0.0,2026-09-14 16:22:52.000000
TRD_801348,ORD_501348,USR_HFT_002,BTC,SELL,6884552.6352,0.0043,14.8018,0.0,2026-09-14 16:57:14.000000
TRD_801392,ORD_501392,USR_HFT_002,BTC,SELL,6884552.6352,0.01,34.4228,0.0,2026-09-14 16:58:14.000000
TRD_801831,ORD_501831,USR_HFT_004,BTC,SELL,6884552.6352,0.0064,22.0306,0.0,2026-09-14 17:17:06.000000
TRD_800421,ORD_500421,USR_SYS_001,BTC,SELL,6876273.885,0.028,192.5357,0.0004,2026-09-14 17:30:00.000000
TRD_801009,ORD_501009,USR_HFT_001,BTC,SELL,6877649.1398,0.0104,35.7638,0.0,2026-09-14 17:49:51.000000
TRD_801978,ORD_501978,USR_HFT_004,BTC,SELL,6919252.4588,0.009,31.1366,0.0,2026-09-14 18:38:47.000000
TRD_800476,ORD_500476,USR_SYS_002,BTC,BUY,6917868.885,0.0319,220.68,0.0002,2026-09-14 18:45:00.000000
TRD_801400,ORD_501400,USR_HFT_002,BTC,BUY,6916485.3112,0.013,44.9572,0.0,2026-09-14 19:23:28.000000
TRD_800454,ORD_500454,USR_SYS_002,BTC,BUY,6949113.81,0.0322,223.7615,0.0002,2026-09-14 19:45:00.000000
TRD_800255,ORD_500255,USR_RET_010,BTC,SELL,6942859.6076,0.0119,165.2401,0.0009,2026-09-14 20:01:00.000000
TRD_800617,ORD_500617,USR_SYS_005,BTC,SELL,6954154.77,0.0594,413.0768,0.0004,2026-09-14 20:30:00.000000
TRD_800890,ORD_500890,USR_HFT_001,BTC,BUY,6952763.939,0.0059,20.5107,0.0,2026-09-14 21:04:36.000000
TRD_802388,ORD_502388,USR_HFT_005,BTC,BUY,6952763.939,0.01,34.7638,0.0,2026-09-14 21:14:49.000000
TRD_801077,ORD_501077,USR_HFT_001,BTC,BUY,6952763.939,0.0054,18.7725,0.0,2026-09-14 21:24:35.000000
TRD_801275,ORD_501275,USR_HFT_002,BTC,BUY,6969699.4513,0.0141,49.1364,0.0,2026-09-14 21:44:34.000000
TRD_800796,ORD_500796,USR_SYS_009,BTC,BUY,6971093.67,0.0499,347.8576,0.0002,2026-09-14 21:45:00.000000
TRD_802492,ORD_502492,USR_HFT_005,BTC,BUY,6969699.4513,0.0133,46.3485,0.0,2026-09-14 22:23:25.000000
TRD_800366,ORD_500366,USR_RET_015,BTC,SELL,6981819.6233,0.0086,120.0873,0.0006,2026-09-14 22:35:00.000000
TRD_800620,ORD_500620,USR_SYS_005,BTC,BUY,6986011.23,0.0378,264.0712,0.0002,2026-09-14 22:45:00.000000
TRD_801794,ORD_501794,USR_HFT_003,BTC,SELL,6987408.4322,0.0068,23.7572,0.0,2026-09-14 22:51:22.000000
TRD_800989,ORD_500989,USR_HFT_001,BTC,BUY,6984614.0278,0.0037,12.9215,0.0,2026-09-14 23:21:51.000000
TRD_802387,ORD_502387,USR_HFT_005,BTC,SELL,6987408.4322,0.0149,52.0562,0.0,2026-09-14 23:28:49.000000
TRD_801775,ORD_501775,USR_HFT_003,BTC,BUY,7010099.5846,0.0057,19.9788,0.0,2026-09-14 23:38:29.000000
TRD_800820,ORD_500820,USR_SYS_010,BTC,BUY,7011501.885,0.0547,383.5292,0.0002,2026-09-14 23:45:00.000000
TRD_802221,ORD_502221,USR_HFT_005,BTC,BUY,7010099.5846,0.0101,35.401,0.0,2026-09-14 23:45:16.000000
TRD_801925,ORD_501925,USR_HFT_004,BTC,SELL,7012904.1854,0.0074,25.9477,0.0,2026-09-14 23:47:16.000000
TRD_801821,ORD_501821,USR_HFT_004,BTC,BUY,7010099.5846,0.0073,25.5869,0.0,2026-09-14 23:56:17.000000
TRD_800985,ORD_500985,USR_HFT_001,BTC,BUY,7010099.5846,0.003,10.5151,0.0,2026-09-15 00:08:18.000000
TRD_800196,ORD_500196,USR_RET_008,BTC,BUY,7030432.9401,0.0719,1010.9763,0.0027,2026-09-15 00:21:00.000000
TRD_801911,ORD_501911,USR_HFT_004,BTC,SELL,7012904.1854,0.0058,20.3374,0.0,2026-09-15 00:25:13.000000
TRD_801173,ORD_501173,USR_HFT_001,BTC,BUY,6988509.0186,0.0139,48.5701,0.0,2026-09-15 00:55:23.000000
TRD_800955,ORD_500955,USR_HFT_001,BTC,BUY,6988509.0186,0.0138,48.2207,0.0,2026-09-15 01:14:52.000000
TRD_801451,ORD_501451,USR_HFT_002,BTC,SELL,7001750.07,0.0132,46.2116,0.0,2026-09-15 02:29:22.000000
TRD_801182,ORD_501182,USR_HFT_001,BTC,BUY,6968673.9414,0.013,45.2964,0.0,2026-09-15 02:33:17.000000
TRD_802399,ORD_502399,USR_HFT_005,BTC,BUY,6968673.9414,0.0105,36.5855,0.0,2026-09-15 02:59:22.000000
TRD_800113,ORD_500113,USR_RET_005,BTC,BUY,6963505.04,0.0288,401.0979,0.0016,2026-09-15 03:51:00.000000
TRD_802265,ORD_502265,USR_HFT_005,BTC,SELL,6953771.7062,0.0113,39.2888,0.0,2026-09-15 03:57:34.000000
TRD_801152,ORD_501152,USR_HFT_001,BTC,SELL,6953771.7062,0.0108,37.5504,0.0,2026-09-15 04:06:45.000000
TRD_800263,ORD_500263,USR_RET_011,BTC,BUY,6966981.2306,0.0168,234.0906,0.0021,2026-09-15 04:18:00.000000
TRD_800041,ORD_500041,USR_RET_002,BTC,BUY,6975324.0881,0.0131,182.7535,0.0033,2026-09-15 04:20:00.000000
TRD_800823,ORD_500823,USR_SYS_010,BTC,SELL,6919745.085,0.039,269.8701,0.0004,2026-09-15 04:30:00.000000
TRD_802389,ORD_502389,USR_HFT_005,BTC,SELL,6921129.034,0.0125,43.2571,0.0,2026-09-15 04:39:59.000000
TRD_800432,ORD_500432,USR_SYS_001,BTC,BUY,6919745.085,0.0315,217.972,0.0002,2026-09-15 04:45:00.000000
TRD_801979,ORD_501979,USR_HFT_004,BTC,SELL,6921129.034,0.015,51.9085,0.0,2026-09-15 05:16:10.000000
TRD_800385,ORD_500385,USR_RET_015,BTC,SELL,6894695.0044,0.0059,81.3574,0.0006,2026-09-15 05:42:00.000000
TRD_801282,ORD_501282,USR_HFT_002,BTC,SELL,6900214.0719,0.0095,32.776,0.0,2026-09-15 05:57:09.000000
TRD_801945,ORD_501945,USR_HFT_004,BTC,SELL,6900214.0719,0.0036,12.4204,0.0,2026-09-15 06:19:59.000000
TRD_801709,ORD_501709,USR_HFT_003,BTC,BUY,6897454.5381,0.0027,9.3116,0.0,2026-09-15 06:23:38.000000
TRD_801292,ORD_501292,USR_HFT_002,BTC,SELL,6897109.7561,0.01,34.4855,0.0,2026-09-15 06:30:13.000000
TRD_802429,ORD_502429,USR_HFT_005,BTC,BUY,6894351.4639,0.0055,18.9595,0.0,2026-09-15 06:41:28.000000
TRD_800810,ORD_500810,USR_SYS_009,BTC,BUY,6895730.61,0.0586,404.0898,0.0002,2026-09-15 06:45:00.000000
TRD_801639,ORD_501639,USR_HFT_003,BTC,SELL,6897109.7561,0.0119,41.0378,0.0,2026-09-15 06:53:44.000000
TRD_800276,ORD_500276,USR_RET_011,BTC,BUY,6917796.948,0.0532,736.0536,0.0032,2026-09-15 06:54:00.000000
TRD_800236,ORD_500236,USR_RET_009,BTC,BUY,6900557.6214,0.0385,531.3429,0.0007,2026-09-15 07:21:00.000000
TRD_800699,ORD_500699,USR_SYS_007,BTC,SELL,6895364.22,0.026,179.2795,0.0004,2026-09-15 07:30:00.000000
TRD_800274,ORD_500274,USR_RET_011,BTC,BUY,6918118.9219,0.0289,399.8673,0.0033,2026-09-15 07:39:00.000000
TRD_801302,ORD_501302,USR_HFT_002,BTC,BUY,6893985.1472,0.0107,36.8828,0.0,2026-09-15 07:45:43.000000
TRD_802294,ORD_502294,USR_HFT_005,BTC,SELL,6896743.2928,0.0105,36.2079,0.0,2026-09-15 08:04:57.000000
TRD_801384,ORD_501384,USR_HFT_002,BTC,BUY,6873038.7323,0.0075,25.7739,0.0,2026-09-15 08:40:43.000000
TRD_800658,ORD_500658,USR_SYS_006,BTC,BUY,6874413.615,0.0509,349.9077,0.0002,2026-09-15 08:45:00.000000
TRD_802348,ORD_502348,USR_HFT_005,BTC,BUY,6873038.7323,0.0024,8.2476,0.0,2026-09-15 08:51:46.000000
TRD_800036,ORD_500036,USR_RET_002,BTC,BUY,6879913.1459,0.0292,401.7869,0.0008,2026-09-15 09:13:00.000000
TRD_801807,ORD_501807,USR_HFT_003,BTC,BUY,6868880.949,0.014,48.0822,0.0,2026-09-15 10:31:31.000000
TRD_801693,ORD_501693,USR_HFT_003,BTC,SELL,6871629.051,0.0107,36.7632,0.0,2026-09-15 10:43:32.000000
TRD_802463,ORD_502463,USR_HFT_005,BTC,SELL,6871629.051,0.0082,28.1737,0.0,2026-09-15 11:25:05.000000
TRD_801797,ORD_501797,USR_HFT_003,BTC,SELL,6871629.051,0.0122,41.9169,0.0,2026-09-15 11:25:15.000000
TRD_801581,ORD_501581,USR_HFT_003,BTC,BUY,6868880.949,0.0085,29.1927,0.0,2026-09-15 11:27:57.000000
TRD_801965,ORD_501965,USR_HFT_004,BTC,SELL,6841240.9246,0.0028,9.5777,0.0,2026-09-15 11:31:15.000000
TRD_801319,ORD_501319,USR_HFT_002,BTC,BUY,6838504.9754,0.0097,33.1667,0.0,2026-09-15 11:40:33.000000
TRD_801827,ORD_501827,USR_HFT_004,BTC,BUY,6838504.9754,0.0111,37.9537,0.0,2026-09-15 12:19:54.000000
TRD_800088,ORD_500088,USR_RET_004,BTC,BUY,6850132.7594,0.0308,421.9682,0.0015,2026-09-15 12:23:00.000000
TRD_800061,ORD_500061,USR_RET_003,BTC,BUY,6822603.3274,0.0725,989.2775,0.0021,2026-09-15 12:43:00.000000
TRD_800430,ORD_500430,USR_SYS_001,BTC,BUY,6808305.885,0.0583,396.9242,0.0002,2026-09-15 12:45:00.000000
TRD_802075,ORD_502075,USR_HFT_004,BTC,SELL,6809667.5462,0.008,27.2387,0.0,2026-09-15 13:06:50.000000
TRD_800835,ORD_500835,USR_SYS_010,BTC,SELL,6814500.885,0.0526,358.4427,0.0004,2026-09-15 13:30:00.000000
TRD_801258,ORD_501258,USR_HFT_002,BTC,SELL,6815863.7852,0.0044,14.9949,0.0,2026-09-15 13:48:41.000000
TRD_801297,ORD_501297,USR_HFT_002,BTC,SELL,6815863.7852,0.0072,24.5371,0.0,2026-09-15 14:11:17.000000
TRD_800671,ORD_500671,USR_SYS_006,BTC,SELL,6813088.425,0.0429,292.2815,0.0004,2026-09-15 14:30:00.000000
TRD_802042,ORD_502042,USR_HFT_004,BTC,BUY,6811725.8073,0.0074,25.2034,0.0,2026-09-15 14:46:59.000000
TRD_801472,ORD_501472,USR_HFT_002,BTC,SELL,6820625.1523,0.0099,33.7621,0.0,2026-09-15 15:35:35.000000
TRD_801256,ORD_501256,USR_HFT_002,BTC,BUY,6817897.4477,0.01,34.0895,0.0,2026-09-15 15:52:36.000000
TRD_800031,ORD_500031,USR_RET_002,BTC,SELL,6809032.408,0.0259,352.7079,0.0015,2026-09-15 16:10:00.000000
TRD_801820,ORD_501820,USR_HFT_004,BTC,BUY,6817897.4477,0.0142,48.4071,0.0,2026-09-15 16:10:47.000000
TRD_801183,ORD_501183,USR_HFT_001,BTC,BUY,6817897.4477,0.0093,31.7032,0.0,2026-09-15 16:14:16.000000
TRD_801090,ORD_501090,USR_HFT_001,BTC,BUY,6807829.0468,0.0062,21.1043,0.0,2026-09-15 16:33:20.000000
TRD_800179,ORD_500179,USR_RET_008,BTC,BUY,6824171.1049,0.0697,951.2895,0.0022,2026-09-15 16:37:00.000000
TRD_800323,ORD_500323,USR_RET_013,BTC,BUY,6828937.5386,0.0111,151.6024,0.0029,2026-09-15 16:51:00.000000
TRD_801602,ORD_501602,USR_HFT_003,BTC,BUY,6809389.8746,0.0115,39.154,0.0,2026-09-15 17:39:58.000000
TRD_800744,ORD_500744,USR_SYS_008,BTC,BUY,6810752.025,0.0526,358.2456,0.0002,2026-09-15 17:45:00.000000
TRD_801299,ORD_501299,USR_HFT_002,BTC,SELL,6812114.1754,0.0058,19.7551,0.0,2026-09-15 18:11:15.000000
TRD_800819,ORD_500819,USR_SYS_010,BTC,SELL,6780761.145,0.0459,311.2369,0.0004,2026-09-15 18:30:00.000000
TRD_801743,ORD_501743,USR_HFT_003,BTC,SELL,6782117.2972,0.01,33.9106,0.0,2026-09-15 19:14:26.000000
TRD_800471,ORD_500471,USR_SYS_002,BTC,SELL,6720867.885,0.0329,221.1166,0.0004,2026-09-15 19:30:00.000000
TRD_800640,ORD_500640,USR_SYS_006,BTC,BUY,6720867.885,0.0438,294.374,0.0002,2026-09-15 19:45:00.000000
TRD_802359,ORD_502359,USR_HFT_005,BTC,SELL,6722212.0586,0.0035,11.7639,0.0,2026-09-15 19:53:30.000000
TRD_800376,ORD_500376,USR_RET_015,BTC,SELL,6711458.67,0.0335,449.6677,0.0014,2026-09-15 20:02:00.000000
TRD_800242,ORD_500242,USR_RET_010,BTC,SELL,6739380.9522,0.0806,1086.3882,0.0031,2026-09-15 21:57:00.000000
TRD_800273,ORD_500273,USR_RET_011,BTC,BUY,6775886.7774,0.0983,1332.1393,0.0023,2026-09-15 22:14:00.000000
TRD_801216,ORD_501216,USR_HFT_001,BTC,BUY,6758985.9324,0.0049,16.5595,0.0,2026-09-15 22:25:10.000000
TRD_800528,ORD_500528,USR_SYS_003,BTC,BUY,6811137.0,0.0525,357.5847,0.0002,2026-09-15 22:45:00.000000
TRD_800310,ORD_500310,USR_RET_013,BTC,SELL,6791384.7027,0.0219,297.4626,0.0029,2026-09-15 22:56:00.000000
TRD_802329,ORD_502329,USR_HFT_005,BTC,BUY,6809774.7726,0.0126,42.9016,0.0,2026-09-15 23:27:01.000000
TRD_800034,ORD_500034,USR_RET_002,BTC,SELL,6715238.4,0.0176,236.3764,0.0016,2026-09-15 23:43:00.000000
TRD_800621,ORD_500621,USR_SYS_005,BTC,SELL,6620118.8918,0.0378,250.2405,0.0004,2026-09-16 00:00:00.000000
TRD_800821,ORD_500821,USR_SYS_010,BTC,SELL,6644274.4738,0.0547,363.4418,0.0004,2026-09-16 00:00:00.000000
TRD_801252,ORD_501252,USR_HFT_002,BTC,SELL,6743851.9807,0.0068,22.9291,0.0,2026-09-16 00:32:38.000000
TRD_800327,ORD_500327,USR_RET_013,BTC,BUY,6761382.4897,0.0083,112.2389,0.0028,2026-09-16 01:09:00.000000
TRD_802529,ORD_502529,USR_HFT_005,BTC,BUY,6741154.9793,0.0095,32.0205,0.0,2026-09-16 01:09:07.000000
TRD_801280,ORD_501280,USR_HFT_002,BTC,SELL,6743851.9807,0.0141,47.5442,0.0,2026-09-16 01:21:27.000000
TRD_801153,ORD_501153,USR_HFT_001,BTC,BUY,6741154.9793,0.0069,23.257,0.0,2026-09-16 01:21:32.000000
TRD_800923,ORD_500923,USR_HFT_001,BTC,BUY,6718924.6863,0.0055,18.477,0.0,2026-09-16 01:31:05.000000
TRD_801087,ORD_501087,USR_HFT_001,BTC,BUY,6718924.6863,0.0087,29.2273,0.0,2026-09-16 01:36:49.000000
TRD_800444,ORD_500444,USR_SYS_002,BTC,BUY,6720268.74,0.0574,385.7434,0.0002,2026-09-16 01:45:00.000000
TRD_801213,ORD_501213,USR_HFT_001,BTC,BUY,6718924.6863,0.0149,50.056,0.0,2026-09-16 02:23:18.000000
TRD_800122,ORD_500122,USR_RET_006,BTC,SELL,6668316.993,0.0179,238.7257,0.0014,2026-09-16 02:55:00.000000
TRD_800281,ORD_500281,USR_RET_011,BTC,BUY,6697030.9556,0.0083,111.1707,0.0029,2026-09-16 03:09:00.000000
TRD_802324,ORD_502324,USR_HFT_005,BTC,BUY,6676330.1919,0.0069,23.0333,0.0,2026-09-16 03:09:23.000000
TRD_800577,ORD_500577,USR_SYS_004,BTC,SELL,6694536.48,0.0582,389.622,0.0004,2026-09-16 04:30:00.000000
TRD_802398,ORD_502398,USR_HFT_005,BTC,SELL,6695875.3873,0.0085,28.4575,0.0,2026-09-16 04:46:33.000000
TRD_801346,ORD_501346,USR_HFT_002,BTC,SELL,6695875.3873,0.0126,42.184,0.0,2026-09-16 05:04:26.000000
TRD_802261,ORD_502261,USR_HFT_005,BTC,SELL,6695875.3873,0.0027,9.0394,0.0,2026-09-16 05:27:01.000000
TRD_801525,ORD_501525,USR_HFT_002,BTC,SELL,6707172.0162,0.0047,15.7619,0.0,2026-09-16 05:35:32.000000
TRD_801603,ORD_501603,USR_HFT_003,BTC,BUY,6704489.6838,0.0058,19.443,0.0,2026-09-16 05:38:30.000000
TRD_802249,ORD_502249,USR_HFT_005,BTC,SELL,6707172.0162,0.0098,32.8651,0.0,2026-09-16 05:48:48.000000
TRD_800208,ORD_500208,USR_RET_009,BTC,SELL,6675444.2589,0.0112,149.53,0.0008,2026-09-16 07:16:00.000000
TRD_802127,ORD_502127,USR_HFT_004,BTC,BUY,6679452.7322,0.0078,26.0499,0.0,2026-09-16 07:28:42.000000
TRD_801943,ORD_501943,USR_HFT_004,BTC,BUY,6714598.7866,0.0033,11.0791,0.0,2026-09-16 07:55:43.000000
TRD_800288,ORD_500288,USR_RET_012,BTC,SELL,6705868.062,0.0302,405.0344,0.0015,2026-09-16 08:02:00.000000
TRD_801178,ORD_501178,USR_HFT_001,BTC,SELL,6717285.1634,0.0143,48.0286,0.0,2026-09-16 08:21:13.000000
TRD_801846,ORD_501846,USR_HFT_004,BTC,BUY,6709082.8,0.0129,43.2736,0.0,2026-09-16 08:49:13.000000
TRD_801894,ORD_501894,USR_HFT_004,BTC,SELL,6711766.97,0.0119,39.935,0.0,2026-09-16 08:51:03.000000
TRD_801166,ORD_501166,USR_HFT_001,BTC,SELL,6711766.97,0.009,30.203,0.0,2026-09-16 09:25:35.000000
TRD_800578,ORD_500578,USR_SYS_004,BTC,BUY,6713965.77,0.0227,152.407,0.0002,2026-09-16 09:45:00.000000
TRD_802252,ORD_502252,USR_HFT_005,BTC,SELL,6715308.5632,0.0115,38.613,0.0,2026-09-16 09:48:04.000000
TRD_800348,ORD_500348,USR_RET_014,BTC,SELL,6692481.0795,0.0114,152.5886,0.0032,2026-09-16 10:18:00.000000
TRD_800477,ORD_500477,USR_SYS_002,BTC,SELL,6722637.885,0.0319,214.4521,0.0004,2026-09-16 10:30:00.000000
TRD_801137,ORD_501137,USR_HFT_001,BTC,BUY,6721293.3574,0.0123,41.336,0.0,2026-09-16 10:42:32.000000
TRD_800580,ORD_500580,USR_SYS_004,BTC,BUY,6722637.885,0.0305,205.0405,0.0002,2026-09-16 10:45:00.000000
TRD_801215,ORD_501215,USR_HFT_001,BTC,SELL,6723982.4126,0.0096,32.2751,0.0,2026-09-16 10:47:43.000000
TRD_800089,ORD_500089,USR_RET_004,BTC,SELL,6700453.18,0.0217,290.7997,0.0033,2026-09-16 10:48:00.000000
TRD_800915,ORD_500915,USR_HFT_001,BTC,BUY,6721293.3574,0.0082,27.5573,0.0,2026-09-16 11:21:17.000000
TRD_800455,ORD_500455,USR_SYS_002,BTC,SELL,6728655.885,0.0322,216.6627,0.0004,2026-09-16 11:30:00.000000
TRD_800908,ORD_500908,USR_HFT_001,BTC,SELL,6706687.8244,0.014,46.9468,0.0,2026-09-16 12:46:17.000000
TRD_800797,ORD_500797,USR_SYS_009,BTC,SELL,6702636.885,0.0499,334.4616,0.0004,2026-09-16 13:30:00.000000
TRD_800319,ORD_500319,USR_RET_013,BTC,BUY,6723415.0593,0.025,336.1708,0.0031,2026-09-16 14:13:00.000000
TRD_801841,ORD_501841,USR_HFT_004,BTC,SELL,6703977.4124,0.0104,34.8607,0.0,2026-09-16 14:17:21.000000
TRD_802327,ORD_502327,USR_HFT_005,BTC,BUY,6701296.3576,0.0136,45.5688,0.0,2026-09-16 14:19:18.000000
TRD_801716,ORD_501716,USR_HFT_003,BTC,BUY,6724035.4239,0.0133,44.7148,0.0,2026-09-16 14:30:40.000000
TRD_800564,ORD_500564,USR_SYS_004,BTC,BUY,6725132.7,0.0592,398.1279,0.0002,2026-09-16 15:45:00.000000
TRD_802016,ORD_502016,USR_HFT_004,BTC,SELL,6726477.7265,0.0069,23.2063,0.0,2026-09-16 15:47:22.000000
TRD_801696,ORD_501696,USR_HFT_003,BTC,SELL,6726477.7265,0.0057,19.1705,0.0,2026-09-16 16:13:15.000000
TRD_801919,ORD_501919,USR_HFT_004,BTC,SELL,6749474.625,0.0035,11.8116,0.0,2026-09-16 16:38:41.000000
TRD_800794,ORD_500794,USR_SYS_009,BTC,BUY,6748125.0,0.0523,352.9269,0.0002,2026-09-16 16:45:00.000000
TRD_800164,ORD_500164,USR_RET_007,BTC,BUY,6771068.625,0.009,121.8792,0.0034,2026-09-16 16:51:00.000000
TRD_802189,ORD_502189,USR_HFT_005,BTC,SELL,6724511.7484,0.0044,14.7939,0.0,2026-09-16 17:31:49.000000
TRD_800762,ORD_500762,USR_SYS_008,BTC,BUY,6723167.115,0.024,161.356,0.0002,2026-09-16 17:45:00.000000
TRD_802430,ORD_502430,USR_HFT_005,BTC,SELL,6724511.7484,0.0081,27.2343,0.0,2026-09-16 18:06:49.000000
TRD_800931,ORD_500931,USR_HFT_001,BTC,SELL,6696010.8194,0.003,10.044,0.0,2026-09-16 19:28:52.000000
TRD_802379,ORD_502379,USR_HFT_005,BTC,BUY,6697917.2186,0.0053,17.7495,0.0,2026-09-16 19:35:37.000000
TRD_802146,ORD_502146,USR_HFT_004,BTC,BUY,6697917.2186,0.0034,11.3865,0.0,2026-09-16 20:01:50.000000
TRD_801467,ORD_501467,USR_HFT_002,BTC,SELL,6700596.9214,0.0116,38.8635,0.0,2026-09-16 20:23:29.000000
TRD_801322,ORD_501322,USR_HFT_002,BTC,BUY,6697917.2186,0.014,46.8854,0.0,2026-09-16 20:23:46.000000
TRD_800433,ORD_500433,USR_SYS_001,BTC,SELL,6707274.285,0.0315,211.2791,0.0004,2026-09-16 20:30:00.000000
TRD_802494,ORD_502494,USR_HFT_005,BTC,SELL,6708615.7399,0.0055,18.4487,0.0,2026-09-16 20:33:42.000000
TRD_800905,ORD_500905,USR_HFT_001,BTC,BUY,6705932.8301,0.0089,29.8414,0.0,2026-09-16 21:10:55.000000
TRD_801674,ORD_501674,USR_HFT_003,BTC,BUY,6705932.8301,0.0025,8.3824,0.0,2026-09-16 21:21:34.000000
TRD_802467,ORD_502467,USR_HFT_005,BTC,BUY,6705932.8301,0.0044,14.7531,0.0,2026-09-16 21:26:39.000000
TRD_800912,ORD_500912,USR_HFT_001,BTC,BUY,6704126.9064,0.0061,20.4476,0.0,2026-09-16 21:33:06.000000
TRD_801175,ORD_501175,USR_HFT_001,BTC,BUY,6704126.9064,0.0048,16.0899,0.0,2026-09-16 21:58:17.000000
TRD_800295,ORD_500295,USR_RET_012,BTC,BUY,6724243.3104,0.0305,410.1788,0.0028,2026-09-16 22:10:00.000000
TRD_800093,ORD_500093,USR_RET_004,BTC,SELL,6686692.6896,0.0513,686.0547,0.0028,2026-09-16 22:15:00.000000
TRD_800254,ORD_500254,USR_RET_010,BTC,BUY,6721561.1232,0.0112,150.563,0.0024,2026-09-16 22:17:00.000000
TRD_800811,ORD_500811,USR_SYS_009,BTC,SELL,6705468.885,0.0586,392.9405,0.0004,2026-09-16 22:30:00.000000
TRD_802080,ORD_502080,USR_HFT_004,BTC,SELL,6706809.9788,0.003,10.0602,0.0,2026-09-16 22:47:04.000000
TRD_800764,ORD_500764,USR_SYS_008,BTC,BUY,6693432.0,0.0499,334.0023,0.0002,2026-09-16 23:45:00.000000
TRD_800518,ORD_500518,USR_SYS_003,BTC,BUY,6693432.0,0.0388,259.7052,0.0002,2026-09-16 23:45:00.000000
TRD_800738,ORD_500738,USR_SYS_008,BTC,BUY,6693432.0,0.0486,325.3008,0.0002,2026-09-16 23:45:00.000000
TRD_800659,ORD_500659,USR_SYS_006,BTC,SELL,6733080.0,0.0509,342.7138,0.0004,2026-09-17 00:30:00.000000
TRD_800341,ORD_500341,USR_RET_013,BTC,BUY,6748566.084,0.0143,193.009,0.0023,2026-09-17 00:51:00.000000
TRD_802517,ORD_502517,USR_HFT_005,BTC,SELL,6734426.616,0.0149,50.1715,0.0,2026-09-17 00:54:43.000000
TRD_801026,ORD_501026,USR_HFT_001,BTC,SELL,6734426.616,0.0098,32.9987,0.0,2026-09-17 00:56:02.000000
TRD_800074,ORD_500074,USR_RET_004,BTC,BUY,6753918.2996,0.009,121.5705,0.0018,2026-09-17 01:35:00.000000
TRD_801352,ORD_501352,USR_HFT_002,BTC,SELL,6743131.4466,0.0129,43.4932,0.0,2026-09-17 01:54:02.000000
TRD_800188,ORD_500188,USR_RET_008,BTC,BUY,6729255.1008,0.0492,662.1587,0.0008,2026-09-17 02:32:00.000000
TRD_801782,ORD_501782,USR_HFT_003,BTC,SELL,6725220.7752,0.012,40.3513,0.0,2026-09-17 02:44:02.000000
TRD_802350,ORD_502350,USR_HFT_005,BTC,SELL,6725220.7752,0.0035,11.7691,0.0,2026-09-17 03:25:30.000000
TRD_802351,ORD_502351,USR_HFT_005,BTC,BUY,6725220.7752,0.0035,11.7691,0.0,2026-09-17 03:25:33.243669
TRD_801313,ORD_501313,USR_HFT_002,BTC,SELL,6698654.8431,0.0025,8.3733,0.0,2026-09-17 04:07:57.000000
TRD_801568,ORD_501568,USR_HFT_003,BTC,BUY,6695975.9169,0.0055,18.4139,0.0,2026-09-17 04:14:52.000000
TRD_801458,ORD_501458,USR_HFT_002,BTC,SELL,6698654.8431,0.0149,49.905,0.0,2026-09-17 04:17:09.000000
TRD_800431,ORD_500431,USR_SYS_001,BTC,SELL,6744231.885,0.0583,393.1887,0.0004,2026-09-17 04:30:00.000000
TRD_801162,ORD_501162,USR_HFT_001,BTC,SELL,6745580.7314,0.0065,21.9231,0.0,2026-09-17 04:31:31.000000
TRD_802053,ORD_502053,USR_HFT_004,BTC,SELL,6745580.7314,0.0028,9.4438,0.0,2026-09-17 04:43:08.000000
TRD_801399,ORD_501399,USR_HFT_002,BTC,BUY,6742883.0386,0.0056,18.8801,0.0,2026-09-17 05:00:07.000000
TRD_802040,ORD_502040,USR_HFT_004,BTC,SELL,6745580.7314,0.0111,37.438,0.0,2026-09-17 05:07:32.000000
TRD_800399,ORD_500399,USR_RET_015,BTC,BUY,6762441.3111,0.0068,91.9692,0.0027,2026-09-17 05:08:00.000000
TRD_802415,ORD_502415,USR_HFT_005,BTC,BUY,6754983.878,0.0102,34.4504,0.0,2026-09-17 05:35:02.000000
TRD_800183,ORD_500183,USR_RET_008,BTC,SELL,6751605.7104,0.0076,102.6244,0.0007,2026-09-17 05:38:00.000000
TRD_800438,ORD_500438,USR_SYS_001,BTC,BUY,6756335.145,0.0201,135.8023,0.0002,2026-09-17 05:45:00.000000
TRD_800880,ORD_500880,USR_HFT_001,BTC,SELL,6757686.412,0.0129,43.5871,0.0,2026-09-17 06:17:43.000000
TRD_801209,ORD_501209,USR_HFT_001,BTC,SELL,6760469.4085,0.0032,10.8168,0.0,2026-09-17 06:58:02.000000
TRD_801311,ORD_501311,USR_HFT_002,BTC,BUY,6757394.1358,0.0044,14.8663,0.0,2026-09-17 07:30:02.000000
TRD_802457,ORD_502457,USR_HFT_005,BTC,BUY,6757394.1358,0.008,27.0296,0.0,2026-09-17 07:59:57.000000
TRD_801237,ORD_501237,USR_HFT_002,BTC,BUY,6763763.0918,0.0098,33.1424,0.0,2026-09-17 08:32:55.000000
TRD_800745,ORD_500745,USR_SYS_008,BTC,SELL,6773773.185,0.0526,356.3005,0.0004,2026-09-17 09:30:00.000000
TRD_800375,ORD_500375,USR_RET_015,BTC,BUY,6781901.7128,0.02,271.2761,0.0012,2026-09-17 09:55:00.000000
TRD_800897,ORD_500897,USR_HFT_001,BTC,SELL,6775127.9396,0.0122,41.3283,0.0,2026-09-17 10:00:36.000000
TRD_802247,ORD_502247,USR_HFT_005,BTC,BUY,6772418.4304,0.0048,16.2538,0.0,2026-09-17 10:15:50.000000
TRD_801288,ORD_501288,USR_HFT_002,BTC,BUY,6772418.4304,0.014,47.4069,0.0,2026-09-17 10:24:47.000000
TRD_800047,ORD_500047,USR_RET_003,BTC,SELL,6741361.7284,0.0084,113.2549,0.0021,2026-09-17 10:38:00.000000
TRD_801363,ORD_501363,USR_HFT_002,BTC,SELL,6756899.4897,0.0135,45.6091,0.0,2026-09-17 10:42:23.000000
TRD_800500,ORD_500500,USR_SYS_003,BTC,BUY,6755548.38,0.0473,319.5374,0.0002,2026-09-17 10:45:00.000000
TRD_800238,ORD_500238,USR_RET_010,BTC,BUY,6773112.8058,0.0051,69.0858,0.0026,2026-09-17 10:52:00.000000
TRD_800641,ORD_500641,USR_SYS_006,BTC,SELL,6768254.325,0.0438,296.4495,0.0004,2026-09-17 11:30:00.000000
TRD_800174,ORD_500174,USR_RET_007,BTC,BUY,6778406.7065,0.0367,497.5351,0.0015,2026-09-17 11:46:00.000000
TRD_800998,ORD_500998,USR_HFT_001,BTC,SELL,6769607.9759,0.0092,31.1402,0.0,2026-09-17 11:56:38.000000
TRD_802488,ORD_502488,USR_HFT_005,BTC,BUY,6766900.6741,0.012,40.6014,0.0,2026-09-17 12:22:18.000000
TRD_801157,ORD_501157,USR_HFT_001,BTC,SELL,6769607.9759,0.0095,32.1556,0.0,2026-09-17 12:26:54.000000
TRD_801428,ORD_501428,USR_HFT_002,BTC,BUY,6765600.8691,0.0087,29.4304,0.0,2026-09-17 13:03:56.000000
TRD_800972,ORD_500972,USR_HFT_001,BTC,BUY,6765600.8691,0.0108,36.5342,0.0,2026-09-17 13:08:59.000000
TRD_801179,ORD_501179,USR_HFT_001,BTC,SELL,6778210.126,0.003,10.1673,0.0,2026-09-17 14:17:30.000000
TRD_801705,ORD_501705,USR_HFT_003,BTC,SELL,6778210.126,0.0108,36.6023,0.0,2026-09-17 14:24:43.000000
TRD_801300,ORD_501300,USR_HFT_002,BTC,SELL,6778210.126,0.0124,42.0249,0.0,2026-09-17 14:25:17.000000
TRD_800529,ORD_500529,USR_SYS_003,BTC,SELL,6767422.425,0.0525,355.2897,0.0004,2026-09-17 14:30:00.000000
TRD_801869,ORD_501869,USR_HFT_004,BTC,BUY,6766068.9405,0.0028,9.4725,0.0,2026-09-17 14:40:34.000000
TRD_802134,ORD_502134,USR_HFT_004,BTC,BUY,6760225.5694,0.0071,23.9988,0.0,2026-09-17 15:31:25.000000
TRD_800408,ORD_500408,USR_SYS_001,BTC,BUY,6768657.0,0.0267,180.7231,0.0002,2026-09-17 16:45:00.000000
TRD_800873,ORD_500873,USR_HFT_001,BTC,BUY,6767303.2686,0.0099,33.4982,0.0,2026-09-17 16:47:02.000000
TRD_802406,ORD_502406,USR_HFT_005,BTC,SELL,6770010.7314,0.0079,26.7415,0.0,2026-09-17 16:52:04.000000
TRD_800445,ORD_500445,USR_SYS_002,BTC,SELL,6791188.215,0.0574,389.8142,0.0004,2026-09-17 17:30:00.000000
TRD_801349,ORD_501349,USR_HFT_002,BTC,BUY,6789829.9774,0.002,6.7898,0.0,2026-09-17 18:08:37.000000
TRD_800353,ORD_500353,USR_RET_014,BTC,BUY,6803715.0155,0.0055,74.8409,0.0024,2026-09-17 18:38:00.000000
TRD_802501,ORD_502501,USR_HFT_005,BTC,BUY,6786067.71,0.0048,16.2866,0.0,2026-09-17 18:46:49.000000
TRD_801763,ORD_501763,USR_HFT_003,BTC,SELL,6788782.68,0.0037,12.5592,0.0,2026-09-17 19:03:12.000000
TRD_801024,ORD_501024,USR_HFT_001,BTC,SELL,6788782.68,0.0106,35.9805,0.0,2026-09-17 19:14:12.000000
TRD_800046,ORD_500046,USR_RET_003,BTC,SELL,6765051.3358,0.0086,116.3589,0.0008,2026-09-17 19:31:00.000000
TRD_800913,ORD_500913,USR_HFT_001,BTC,BUY,6769113.6165,0.0056,18.9535,0.0,2026-09-17 19:43:04.000000
TRD_800558,ORD_500558,USR_SYS_004,BTC,BUY,6770467.71,0.034,230.1959,0.0002,2026-09-17 19:45:00.000000
TRD_800854,ORD_500854,USR_SYS_010,BTC,BUY,6770467.71,0.0251,169.9387,0.0002,2026-09-17 19:45:00.000000
TRD_802211,ORD_502211,USR_HFT_005,BTC,BUY,6769113.6165,0.0055,18.6151,0.0,2026-09-17 19:49:08.000000
TRD_802011,ORD_502011,USR_HFT_004,BTC,BUY,6769113.6165,0.008,27.0765,0.0,2026-09-17 20:06:46.000000
TRD_801855,ORD_501855,USR_HFT_004,BTC,SELL,6771821.8035,0.0114,38.5994,0.0,2026-09-17 20:14:09.000000
TRD_801264,ORD_501264,USR_HFT_002,BTC,SELL,6796389.8912,0.0126,42.8173,0.0,2026-09-17 20:31:35.000000
TRD_801561,ORD_501561,USR_HFT_003,BTC,BUY,6793671.8788,0.0021,7.1334,0.0,2026-09-17 20:41:01.000000
TRD_802041,ORD_502041,USR_HFT_004,BTC,BUY,6793671.8788,0.0143,48.5748,0.0,2026-09-17 20:52:09.000000
TRD_801804,ORD_501804,USR_HFT_003,BTC,BUY,6793671.8788,0.0034,11.5492,0.0,2026-09-17 21:10:37.000000
TRD_800002,ORD_500002,USR_RET_001,BTC,BUY,6814736.4746,0.0731,996.3145,0.0029,2026-09-17 21:12:00.000000
TRD_800223,ORD_500223,USR_RET_009,BTC,SELL,6779095.8476,0.0202,273.8755,0.002,2026-09-17 21:35:00.000000
TRD_800704,ORD_500704,USR_SYS_007,BTC,BUY,6792681.21,0.0548,372.2389,0.0002,2026-09-17 21:45:00.000000
TRD_802061,ORD_502061,USR_HFT_004,BTC,BUY,6783748.5889,0.0119,40.3633,0.0,2026-09-17 22:33:23.000000
TRD_802094,ORD_502094,USR_HFT_004,BTC,BUY,6783748.5889,0.01,33.9187,0.0,2026-09-17 23:05:16.000000
TRD_801066,ORD_501066,USR_HFT_001,BTC,BUY,6783748.5889,0.0088,29.8485,0.0,2026-09-17 23:06:26.000000
TRD_801678,ORD_501678,USR_HFT_003,BTC,BUY,6775617.0655,0.0096,32.523,0.0,2026-09-17 23:46:02.000000
TRD_802413,ORD_502413,USR_HFT_005,BTC,SELL,6778327.8545,0.0106,35.9251,0.0,2026-09-17 23:49:09.000000
TRD_800305,ORD_500305,USR_RET_012,BTC,BUY,6790526.4049,0.0455,617.9379,0.002,2026-09-18 00:02:00.000000
TRD_801374,ORD_501374,USR_HFT_002,BTC,SELL,6778327.8545,0.0108,36.603,0.0,2026-09-18 00:13:14.000000
TRD_802206,ORD_502206,USR_HFT_005,BTC,SELL,6778327.8545,0.0145,49.1429,0.0,2026-09-18 00:19:53.000000
TRD_801802,ORD_501802,USR_HFT_003,BTC,BUY,6775617.0655,0.0074,25.0698,0.0,2026-09-18 00:21:09.000000
TRD_801803,ORD_501803,USR_HFT_003,BTC,SELL,6775617.0655,0.0074,25.0698,0.0,2026-09-18 00:21:10.453403
TRD_801326,ORD_501326,USR_HFT_002,BTC,BUY,6777214.171,0.0036,12.199,0.0,2026-09-18 00:36:03.000000
TRD_801296,ORD_501296,USR_HFT_002,BTC,BUY,6777214.171,0.0032,10.8435,0.0,2026-09-18 00:36:16.000000
TRD_800379,ORD_500379,USR_RET_015,BTC,BUY,6783992.7409,0.0807,1094.9364,0.0008,2026-09-18 00:44:00.000000
TRD_802466,ORD_502466,USR_HFT_005,BTC,SELL,6779925.599,0.015,50.8494,0.0,2026-09-18 00:44:07.000000
TRD_800910,ORD_500910,USR_HFT_001,BTC,BUY,6777214.171,0.0054,18.2985,0.0,2026-09-18 00:53:56.000000
TRD_801391,ORD_501391,USR_HFT_002,BTC,SELL,6779925.599,0.0021,7.1189,0.0,2026-09-18 01:15:31.000000
TRD_800579,ORD_500579,USR_SYS_004,BTC,SELL,6775206.885,0.0227,153.7972,0.0004,2026-09-18 01:30:00.000000
TRD_801437,ORD_501437,USR_HFT_002,BTC,BUY,6773851.8436,0.0058,19.6442,0.0,2026-09-18 01:50:26.000000
TRD_801147,ORD_501147,USR_HFT_001,BTC,BUY,6773851.8436,0.0089,30.1436,0.0,2026-09-18 02:18:59.000000
TRD_800372,ORD_500372,USR_RET_015,BTC,BUY,6787402.2574,0.0231,313.578,0.0018,2026-09-18 02:22:00.000000
TRD_800201,ORD_500201,USR_RET_008,BTC,SELL,6768431.6781,0.0212,286.9815,0.001,2026-09-18 02:24:00.000000
TRD_800581,ORD_500581,USR_SYS_004,BTC,SELL,6762802.725,0.0305,206.2655,0.0004,2026-09-18 02:30:00.000000
TRD_801111,ORD_501111,USR_HFT_001,BTC,SELL,6764155.2855,0.0049,16.5722,0.0,2026-09-18 02:34:56.000000
TRD_802202,ORD_502202,USR_HFT_005,BTC,SELL,6764155.2855,0.0044,14.8811,0.0,2026-09-18 02:47:55.000000
TRD_801042,ORD_501042,USR_HFT_001,BTC,BUY,6761450.1645,0.0035,11.8325,0.0,2026-09-18 02:53:19.000000
TRD_800194,ORD_500194,USR_RET_008,BTC,BUY,6776696.34,0.0278,376.7843,0.002,2026-09-18 04:00:00.000000
TRD_800006,ORD_500006,USR_RET_001,BTC,BUY,6771020.8715,0.053,717.7282,0.0012,2026-09-18 04:56:00.000000
TRD_800209,ORD_500209,USR_RET_009,BTC,SELL,6757495.0607,0.0136,183.8039,0.0008,2026-09-18 05:05:00.000000
TRD_801197,ORD_501197,USR_HFT_001,BTC,SELL,6779570.643,0.0039,13.2202,0.0,2026-09-18 05:38:12.000000
TRD_800412,ORD_500412,USR_SYS_001,BTC,BUY,6778215.0,0.0574,389.0695,0.0002,2026-09-18 05:45:00.000000
TRD_801600,ORD_501600,USR_HFT_003,BTC,BUY,6776859.357,0.0144,48.7934,0.0,2026-09-18 06:19:29.000000
TRD_802254,ORD_502254,USR_HFT_005,BTC,BUY,6776859.357,0.0126,42.6942,0.0,2026-09-18 06:21:28.000000
TRD_800458,ORD_500458,USR_SYS_002,BTC,BUY,6791844.885,0.0337,228.8852,0.0002,2026-09-18 06:45:00.000000
TRD_800565,ORD_500565,USR_SYS_004,BTC,SELL,6813464.55,0.0592,403.3571,0.0004,2026-09-18 07:30:00.000000
TRD_800220,ORD_500220,USR_RET_009,BTC,BUY,6829135.5185,0.0245,334.6276,0.0023,2026-09-18 07:38:00.000000
TRD_801656,ORD_501656,USR_HFT_003,BTC,BUY,6812101.8571,0.0141,48.0253,0.0,2026-09-18 07:49:34.000000
TRD_800795,ORD_500795,USR_SYS_009,BTC,SELL,6848437.095,0.0523,358.1733,0.0004,2026-09-18 08:30:00.000000
TRD_802335,ORD_502335,USR_HFT_005,BTC,BUY,6847067.4076,0.0026,8.9012,0.0,2026-09-18 08:37:19.000000
TRD_801662,ORD_501662,USR_HFT_003,BTC,BUY,6847067.4076,0.0028,9.5859,0.0,2026-09-18 08:44:13.000000
TRD_800496,ORD_500496,USR_SYS_003,BTC,BUY,6848437.095,0.0464,317.7675,0.0002,2026-09-18 08:45:00.000000
TRD_801727,ORD_501727,USR_HFT_003,BTC,BUY,6847067.4076,0.0095,32.5236,0.0,2026-09-18 09:11:52.000000
TRD_801866,ORD_501866,USR_HFT_004,BTC,SELL,6849806.7824,0.0107,36.6465,0.0,2026-09-18 09:21:22.000000
TRD_801345,ORD_501345,USR_HFT_002,BTC,SELL,6849806.7824,0.0124,42.4688,0.0,2026-09-18 09:27:14.000000
TRD_800763,ORD_500763,USR_SYS_008,BTC,SELL,6865473.345,0.024,164.7714,0.0004,2026-09-18 09:30:00.000000
TRD_801200,ORD_501200,USR_HFT_001,BTC,SELL,6866846.4397,0.006,20.6005,0.0,2026-09-18 09:33:27.000000
TRD_800828,ORD_500828,USR_SYS_010,BTC,BUY,6865473.345,0.0575,394.7647,0.0002,2026-09-18 09:45:00.000000
TRD_800776,ORD_500776,USR_SYS_009,BTC,BUY,6865473.345,0.036,247.157,0.0002,2026-09-18 09:45:00.000000
TRD_802101,ORD_502101,USR_HFT_004,BTC,SELL,6866846.4397,0.0067,23.0039,0.0,2026-09-18 09:54:18.000000
TRD_801001,ORD_501001,USR_HFT_001,BTC,BUY,6856829.6597,0.0113,38.7411,0.0,2026-09-18 10:42:31.000000
TRD_801954,ORD_501954,USR_HFT_004,BTC,SELL,6859572.9403,0.0074,25.3804,0.0,2026-09-18 11:06:10.000000
TRD_801980,ORD_501980,USR_HFT_004,BTC,SELL,6869327.5908,0.0077,26.4469,0.0,2026-09-18 11:35:34.000000
TRD_801214,ORD_501214,USR_HFT_001,BTC,SELL,6869327.5908,0.0056,19.2341,0.0,2026-09-18 11:42:47.000000
TRD_800162,ORD_500162,USR_RET_007,BTC,SELL,6859712.4552,0.0115,157.7734,0.0012,2026-09-18 11:45:00.000000
TRD_800284,ORD_500284,USR_RET_012,BTC,SELL,6848723.7288,0.0548,750.6201,0.0028,2026-09-18 11:47:00.000000
TRD_801462,ORD_501462,USR_HFT_002,BTC,SELL,6869327.5908,0.0114,39.1552,0.0,2026-09-18 12:03:25.000000
TRD_800234,ORD_500234,USR_RET_009,BTC,BUY,6907156.2814,0.0313,432.388,0.0032,2026-09-18 12:46:00.000000
TRD_800218,ORD_500218,USR_RET_009,BTC,SELL,6861025.9514,0.0391,536.5322,0.0035,2026-09-18 13:08:00.000000
TRD_802159,ORD_502159,USR_HFT_004,BTC,SELL,6886500.9098,0.0068,23.4141,0.0,2026-09-18 13:11:44.000000
TRD_800387,ORD_500387,USR_RET_015,BTC,BUY,6949251.9479,0.0565,785.2655,0.0032,2026-09-18 13:54:00.000000
TRD_801340,ORD_501340,USR_HFT_002,BTC,BUY,6925699.8579,0.0092,31.8582,0.0,2026-09-18 13:58:11.000000
TRD_802131,ORD_502131,USR_HFT_004,BTC,SELL,6928470.6921,0.0085,29.446,0.0,2026-09-18 14:12:14.000000
TRD_802179,ORD_502179,USR_HFT_005,BTC,SELL,6928470.6921,0.0112,38.7994,0.0,2026-09-18 14:18:13.000000
TRD_802438,ORD_502438,USR_HFT_005,BTC,SELL,6923147.2376,0.003,10.3847,0.0,2026-09-18 15:02:59.000000
TRD_801403,ORD_501403,USR_HFT_002,BTC,SELL,6923147.2376,0.0043,14.8848,0.0,2026-09-18 15:29:35.000000
TRD_800739,ORD_500739,USR_SYS_008,BTC,SELL,6928252.59,0.0486,336.7131,0.0004,2026-09-18 15:30:00.000000
TRD_800765,ORD_500765,USR_SYS_008,BTC,SELL,6928252.59,0.0499,345.7198,0.0004,2026-09-18 15:30:00.000000
TRD_800519,ORD_500519,USR_SYS_003,BTC,SELL,6928252.59,0.0388,268.8162,0.0004,2026-09-18 15:30:00.000000
TRD_801239,ORD_501239,USR_HFT_002,BTC,SELL,6929638.2405,0.0076,26.3326,0.0,2026-09-18 15:38:04.000000
TRD_802330,ORD_502330,USR_HFT_005,BTC,SELL,6929638.2405,0.0134,46.4286,0.0,2026-09-18 16:01:15.000000
TRD_801308,ORD_501308,USR_HFT_002,BTC,BUY,6926866.9395,0.0105,36.3661,0.0,2026-09-18 16:08:40.000000
TRD_801890,ORD_501890,USR_HFT_004,BTC,BUY,6907105.3026,0.011,37.9891,0.0,2026-09-18 17:05:46.000000
TRD_801160,ORD_501160,USR_HFT_001,BTC,SELL,6908196.598,0.0082,28.3236,0.0,2026-09-18 17:34:43.000000
TRD_801446,ORD_501446,USR_HFT_002,BTC,SELL,6908196.598,0.0082,28.3236,0.0,2026-09-18 17:41:40.000000
TRD_801651,ORD_501651,USR_HFT_003,BTC,BUY,6905433.872,0.0136,46.957,0.0,2026-09-18 17:57:16.000000
TRD_801251,ORD_501251,USR_HFT_002,BTC,BUY,6905433.872,0.0124,42.8137,0.0,2026-09-18 18:02:23.000000
TRD_802289,ORD_502289,USR_HFT_005,BTC,BUY,6905433.872,0.0149,51.4455,0.0,2026-09-18 18:03:21.000000
TRD_800005,ORD_500005,USR_RET_001,BTC,BUY,7107727.8704,0.0133,189.0656,0.003,2026-09-18 18:34:00.000000
TRD_802456,ORD_502456,USR_HFT_005,BTC,BUY,7085051.1713,0.0089,31.5285,0.0,2026-09-18 18:58:49.000000
TRD_801379,ORD_501379,USR_HFT_002,BTC,BUY,7085051.1713,0.0075,26.5689,0.0,2026-09-18 19:17:51.000000
TRD_801844,ORD_501844,USR_HFT_004,BTC,SELL,7087885.7587,0.0035,12.4038,0.0,2026-09-18 19:26:51.000000
TRD_802078,ORD_502078,USR_HFT_004,BTC,SELL,7164430.5546,0.0116,41.5537,0.0,2026-09-18 19:41:26.000000
TRD_800582,ORD_500582,USR_SYS_004,BTC,BUY,7162997.955,0.0457,327.349,0.0002,2026-09-18 19:45:00.000000
TRD_800200,ORD_500200,USR_RET_008,BTC,SELL,7143657.8605,0.0093,132.872,0.0027,2026-09-18 20:03:00.000000
TRD_800936,ORD_500936,USR_HFT_001,BTC,BUY,7142786.7569,0.0073,26.0712,0.0,2026-09-18 20:58:44.000000
TRD_800439,ORD_500439,USR_SYS_001,BTC,SELL,7154936.49,0.0201,143.8142,0.0004,2026-09-18 21:30:00.000000
TRD_801868,ORD_501868,USR_HFT_004,BTC,SELL,7156367.4773,0.0029,10.3767,0.0,2026-09-18 21:47:32.000000
TRD_801652,ORD_501652,USR_HFT_003,BTC,BUY,7153505.5027,0.0091,32.5485,0.0,2026-09-18 21:57:11.000000
TRD_801341,ORD_501341,USR_HFT_002,BTC,SELL,7156367.4773,0.0113,40.4335,0.0,2026-09-18 21:57:30.000000
TRD_802271,ORD_502271,USR_HFT_005,BTC,SELL,7156367.4773,0.0098,35.0662,0.0,2026-09-18 22:17:45.000000
TRD_800315,ORD_500315,USR_RET_013,BTC,BUY,7162091.4265,0.0074,105.999,0.001,2026-09-18 22:19:00.000000
TRD_801192,ORD_501192,USR_HFT_001,BTC,BUY,7153505.5027,0.0087,31.1177,0.0,2026-09-18 22:19:27.000000
TRD_802251,ORD_502251,USR_HFT_005,BTC,SELL,7171615.5363,0.0134,48.0498,0.0,2026-09-18 22:43:00.000000
TRD_802288,ORD_502288,USR_HFT_005,BTC,SELL,7171615.5363,0.012,43.0297,0.0,2026-09-18 22:44:30.000000
TRD_801046,ORD_501046,USR_HFT_001,BTC,SELL,7171615.5363,0.009,32.2723,0.0,2026-09-18 22:56:10.000000
TRD_801692,ORD_501692,USR_HFT_003,BTC,BUY,7161618.4448,0.0062,22.201,0.0,2026-09-18 23:37:44.000000
TRD_800716,ORD_500716,USR_SYS_007,BTC,BUY,7163051.055,0.0455,325.9188,0.0002,2026-09-18 23:45:00.000000
TRD_802337,ORD_502337,USR_HFT_005,BTC,SELL,7164483.6652,0.009,32.2402,0.0,2026-09-19 00:09:17.000000
TRD_801002,ORD_501002,USR_HFT_001,BTC,SELL,7164483.6652,0.0087,31.1655,0.0,2026-09-19 00:10:55.000000
TRD_801136,ORD_501136,USR_HFT_001,BTC,BUY,7161618.4448,0.012,42.9697,0.0,2026-09-19 00:13:35.000000
TRD_801043,ORD_501043,USR_HFT_001,BTC,BUY,7161618.4448,0.0043,15.3975,0.0,2026-09-19 00:22:44.000000
TRD_801764,ORD_501764,USR_HFT_003,BTC,BUY,7185183.9357,0.0073,26.2259,0.0,2026-09-19 00:33:19.000000
TRD_801666,ORD_501666,USR_HFT_003,BTC,SELL,7188058.5843,0.0069,24.7988,0.0,2026-09-19 00:34:11.000000
TRD_800610,ORD_500610,USR_SYS_005,BTC,BUY,7186621.26,0.0404,290.3395,0.0002,2026-09-19 00:45:00.000000
TRD_800642,ORD_500642,USR_SYS_006,BTC,BUY,7186621.26,0.0297,213.4427,0.0002,2026-09-19 00:45:00.000000
TRD_802000,ORD_502000,USR_HFT_004,BTC,SELL,7188058.5843,0.0065,23.3612,0.0,2026-09-19 00:52:12.000000
TRD_801419,ORD_501419,USR_HFT_002,BTC,BUY,7185183.9357,0.0029,10.4185,0.0,2026-09-19 01:07:57.000000
TRD_800355,ORD_500355,USR_RET_014,BTC,BUY,7188285.4152,0.0143,205.585,0.0014,2026-09-19 02:03:00.000000
TRD_801554,ORD_501554,USR_HFT_003,BTC,BUY,7176800.2378,0.0111,39.8312,0.0,2026-09-19 02:15:31.000000
TRD_800501,ORD_500501,USR_SYS_003,BTC,SELL,7189580.7,0.0473,340.0672,0.0004,2026-09-19 02:30:00.000000
TRD_802253,ORD_502253,USR_HFT_005,BTC,SELL,7191018.6161,0.0074,26.6068,0.0,2026-09-19 02:42:47.000000
TRD_801774,ORD_501774,USR_HFT_003,BTC,BUY,7188142.7839,0.0086,30.909,0.0,2026-09-19 03:15:40.000000
TRD_801406,ORD_501406,USR_HFT_002,BTC,SELL,7182239.4307,0.0058,20.8285,0.0,2026-09-19 03:31:07.000000
TRD_801039,ORD_501039,USR_HFT_001,BTC,BUY,7179367.1093,0.0146,52.4094,0.0,2026-09-19 03:36:25.000000
TRD_801408,ORD_501408,USR_HFT_002,BTC,BUY,7179367.1093,0.0093,33.3841,0.0,2026-09-19 03:37:20.000000
TRD_800808,ORD_500808,USR_SYS_009,BTC,BUY,7180803.27,0.0466,334.6254,0.0002,2026-09-19 03:45:00.000000
TRD_800040,ORD_500040,USR_RET_002,BTC,BUY,7194446.7962,0.028,402.889,0.0019,2026-09-19 03:50:00.000000
TRD_800448,ORD_500448,USR_SYS_002,BTC,BUY,7158222.495,0.0389,278.4549,0.0002,2026-09-19 04:45:00.000000
TRD_800092,ORD_500092,USR_RET_004,BTC,SELL,7221199.7957,0.0287,414.4969,0.0009,2026-09-19 05:39:00.000000
TRD_800213,ORD_500213,USR_RET_009,BTC,SELL,7206021.6158,0.0251,361.7423,0.003,2026-09-19 06:02:00.000000
TRD_800052,ORD_500052,USR_RET_003,BTC,BUY,7238546.2871,0.1104,1598.271,0.0015,2026-09-19 06:23:00.000000
TRD_800279,ORD_500279,USR_RET_011,BTC,BUY,7236377.9757,0.0079,114.3348,0.0012,2026-09-19 06:23:00.000000
TRD_801375,ORD_501375,USR_HFT_002,BTC,BUY,7191928.9415,0.0137,49.2647,0.0,2026-09-19 06:49:47.000000
TRD_801281,ORD_501281,USR_HFT_002,BTC,BUY,7191928.9415,0.0145,52.1415,0.0,2026-09-19 07:02:47.000000
TRD_801420,ORD_501420,USR_HFT_002,BTC,SELL,7194806.2885,0.0035,12.5909,0.0,2026-09-19 07:05:47.000000
TRD_802033,ORD_502033,USR_HFT_004,BTC,SELL,7194806.2885,0.0043,15.4688,0.0,2026-09-19 07:19:54.000000
TRD_801433,ORD_501433,USR_HFT_002,BTC,BUY,7191928.9415,0.0054,19.4182,0.0,2026-09-19 07:21:14.000000
TRD_800133,ORD_500133,USR_RET_006,BTC,SELL,7185394.0652,0.0335,481.4214,0.0014,2026-09-19 07:57:00.000000
TRD_801969,ORD_501969,USR_HFT_004,BTC,BUY,7194028.6265,0.0113,40.6463,0.0,2026-09-19 08:13:50.000000
TRD_802232,ORD_502232,USR_HFT_005,BTC,BUY,7194028.6265,0.008,28.7761,0.0,2026-09-19 08:18:36.000000
TRD_800409,ORD_500409,USR_SYS_001,BTC,SELL,7180536.885,0.0267,191.7203,0.0004,2026-09-19 08:30:00.000000
TRD_801232,ORD_501232,USR_HFT_002,BTC,BUY,7179100.7776,0.0032,11.4866,0.0,2026-09-19 08:59:36.000000
TRD_801427,ORD_501427,USR_HFT_002,BTC,SELL,7181972.9924,0.0054,19.3913,0.0,2026-09-19 09:11:49.000000
TRD_801865,ORD_501865,USR_HFT_004,BTC,SELL,7181972.9924,0.0032,11.4912,0.0,2026-09-19 09:11:54.000000
TRD_800339,ORD_500339,USR_RET_013,BTC,SELL,6837907.0464,0.011,150.434,0.0464,2026-09-19 09:36:00.000000
TRD_802473,ORD_502473,USR_HFT_005,BTC,SELL,7173475.2932,0.0043,15.423,0.0,2026-09-19 10:32:21.000000
TRD_800855,ORD_500855,USR_SYS_010,BTC,SELL,7173102.885,0.0251,180.0449,0.0004,2026-09-19 11:30:00.000000
TRD_800559,ORD_500559,USR_SYS_004,BTC,SELL,7173102.885,0.034,243.8855,0.0004,2026-09-19 11:30:00.000000
TRD_800383,ORD_500383,USR_RET_015,BTC,BUY,7178124.057,0.0393,564.2006,0.0007,2026-09-19 11:48:00.000000
TRD_801195,ORD_501195,USR_HFT_001,BTC,BUY,7171668.2644,0.0034,12.1918,0.0,2026-09-19 12:03:24.000000
TRD_801694,ORD_501694,USR_HFT_003,BTC,SELL,7174537.5056,0.007,25.1109,0.0,2026-09-19 12:03:25.000000
TRD_802308,ORD_502308,USR_HFT_005,BTC,SELL,7174537.5056,0.0144,51.6567,0.0,2026-09-19 12:28:10.000000
TRD_802241,ORD_502241,USR_HFT_005,BTC,BUY,7171668.2644,0.0126,45.1815,0.0,2026-09-19 12:29:47.000000
TRD_800646,ORD_500646,USR_SYS_006,BTC,BUY,7177364.16,0.0576,413.4162,0.0002,2026-09-19 12:45:00.000000
TRD_802062,ORD_502062,USR_HFT_004,BTC,BUY,7175928.6872,0.0058,20.8102,0.0,2026-09-19 13:00:17.000000
TRD_800300,ORD_500300,USR_RET_012,BTC,BUY,7191001.1519,0.0069,99.2358,0.0019,2026-09-19 13:21:00.000000
TRD_801524,ORD_501524,USR_HFT_002,BTC,BUY,7175928.6872,0.0069,24.757,0.0,2026-09-19 13:26:07.000000
TRD_800705,ORD_500705,USR_SYS_007,BTC,SELL,7196112.885,0.0548,394.347,0.0004,2026-09-19 13:30:00.000000
TRD_802435,ORD_502435,USR_HFT_005,BTC,BUY,7194673.6624,0.0124,44.607,0.0,2026-09-19 14:02:59.000000
TRD_801303,ORD_501303,USR_HFT_002,BTC,BUY,7194673.6624,0.004,14.3893,0.0,2026-09-19 14:06:24.000000
TRD_801425,ORD_501425,USR_HFT_002,BTC,SELL,7197552.1076,0.0039,14.0352,0.0,2026-09-19 14:07:32.000000
TRD_801413,ORD_501413,USR_HFT_002,BTC,BUY,7194673.6624,0.0146,52.5211,0.0,2026-09-19 14:10:31.000000
TRD_801325,ORD_501325,USR_HFT_002,BTC,SELL,7198770.1111,0.0028,10.0783,0.0,2026-09-19 14:32:37.000000
TRD_801812,ORD_501812,USR_HFT_003,BTC,BUY,7195891.1789,0.0026,9.3547,0.0,2026-09-19 14:36:11.000000
TRD_802046,ORD_502046,USR_HFT_004,BTC,SELL,7198770.1111,0.0076,27.3553,0.0,2026-09-19 14:48:01.000000
TRD_802118,ORD_502118,USR_HFT_004,BTC,BUY,7195891.1789,0.009,32.3815,0.0,2026-09-19 14:51:54.000000
TRD_802292,ORD_502292,USR_HFT_005,BTC,BUY,7195891.1789,0.0073,26.265,0.0,2026-09-19 15:00:34.000000
TRD_800176,ORD_500176,USR_RET_007,BTC,BUY,7219642.37,0.0245,353.7625,0.0031,2026-09-19 15:08:00.000000
TRD_801702,ORD_501702,USR_HFT_003,BTC,BUY,7195891.1789,0.009,32.3815,0.0,2026-09-19 15:27:23.000000
TRD_800464,ORD_500464,USR_SYS_002,BTC,BUY,7187677.95,0.0596,428.3856,0.0002,2026-09-19 15:45:00.000000
TRD_800023,ORD_500023,USR_RET_001,BTC,BUY,7523342.5103,0.0096,144.4482,0.0467,2026-09-19 15:52:00.000000
TRD_801760,ORD_501760,USR_HFT_003,BTC,BUY,7186240.4144,0.0076,27.3077,0.0,2026-09-19 16:19:22.000000
TRD_800246,ORD_500246,USR_RET_010,BTC,SELL,7162521.0772,0.0155,222.0382,0.0035,2026-09-19 16:22:00.000000
TRD_802276,ORD_502276,USR_HFT_005,BTC,SELL,7189115.4856,0.0093,33.4294,0.0,2026-09-19 16:24:21.000000
TRD_800935,ORD_500935,USR_HFT_001,BTC,BUY,7193843.6984,0.0139,49.9972,0.0,2026-09-19 17:16:38.000000
TRD_801504,ORD_501504,USR_HFT_002,BTC,SELL,7199144.541,0.0023,8.279,0.0,2026-09-19 17:41:29.000000
TRD_802004,ORD_502004,USR_HFT_004,BTC,SELL,7199144.541,0.0076,27.3567,0.0,2026-09-19 18:28:27.000000
TRD_801072,ORD_501072,USR_HFT_001,BTC,BUY,7199274.742,0.0048,17.2783,0.0,2026-09-19 18:39:42.000000
TRD_800666,ORD_500666,USR_SYS_006,BTC,BUY,7200714.885,0.0269,193.6992,0.0002,2026-09-19 18:45:00.000000
TRD_800486,ORD_500486,USR_SYS_002,BTC,BUY,7200714.885,0.053,381.6379,0.0002,2026-09-19 18:45:00.000000
TRD_800510,ORD_500510,USR_SYS_003,BTC,BUY,7200714.885,0.0252,181.458,0.0002,2026-09-19 18:45:00.000000
TRD_800239,ORD_500239,USR_RET_010,BTC,BUY,7212236.0288,0.0322,464.468,0.0016,2026-09-19 18:50:00.000000
TRD_801386,ORD_501386,USR_HFT_002,BTC,SELL,7202155.028,0.0045,16.2048,0.0,2026-09-19 19:13:56.000000
TRD_801599,ORD_501599,USR_HFT_003,BTC,BUY,7218917.8126,0.0136,49.0886,0.0,2026-09-19 20:21:40.000000
TRD_800942,ORD_500942,USR_HFT_001,BTC,SELL,7221805.9574,0.0038,13.7214,0.0,2026-09-19 20:22:09.000000
TRD_800682,ORD_500682,USR_SYS_007,BTC,BUY,7224786.885,0.0522,377.1339,0.0002,2026-09-19 20:45:00.000000
TRD_802005,ORD_502005,USR_HFT_004,BTC,BUY,7223341.9276,0.0028,10.1127,0.0,2026-09-19 20:56:34.000000
TRD_801585,ORD_501585,USR_HFT_003,BTC,SELL,7226231.8424,0.0148,53.4741,0.0,2026-09-19 21:08:29.000000
TRD_801597,ORD_501597,USR_HFT_003,BTC,SELL,7226231.8424,0.0101,36.4925,0.0,2026-09-19 21:13:13.000000
TRD_801435,ORD_501435,USR_HFT_002,BTC,BUY,7223341.9276,0.013,46.9517,0.0,2026-09-19 21:25:14.000000
TRD_800413,ORD_500413,USR_SYS_001,BTC,SELL,7242794.865,0.0574,415.7364,0.0004,2026-09-19 21:30:00.000000
TRD_802112,ORD_502112,USR_HFT_004,BTC,BUY,7241346.306,0.0035,12.6724,0.0,2026-09-19 21:35:43.000000
TRD_802255,ORD_502255,USR_HFT_005,BTC,BUY,7241346.306,0.0032,11.5862,0.0,2026-09-19 21:44:57.000000
TRD_802178,ORD_502178,USR_HFT_005,BTC,BUY,7241346.306,0.0051,18.4654,0.0,2026-09-19 22:07:03.000000
TRD_801806,ORD_501806,USR_HFT_003,BTC,SELL,7244243.424,0.0123,44.5521,0.0,2026-09-19 22:18:53.000000
TRD_801307,ORD_501307,USR_HFT_002,BTC,SELL,7244243.424,0.0098,35.4968,0.0,2026-09-19 22:22:18.000000
TRD_800459,ORD_500459,USR_SYS_002,BTC,SELL,7209564.885,0.0337,242.9623,0.0004,2026-09-19 22:30:00.000000
TRD_800562,ORD_500562,USR_SYS_004,BTC,BUY,7209564.885,0.0441,317.9418,0.0002,2026-09-19 22:45:00.000000
TRD_801211,ORD_501211,USR_HFT_001,BTC,SELL,7211006.798,0.0143,51.5587,0.0,2026-09-19 22:49:55.000000
TRD_802163,ORD_502163,USR_HFT_004,BTC,BUY,7204942.9182,0.0115,41.4284,0.0,2026-09-19 23:36:44.000000
TRD_801000,ORD_501000,USR_HFT_001,BTC,BUY,7204942.9182,0.0146,52.5961,0.0,2026-09-19 23:49:21.000000
TRD_802193,ORD_502193,USR_HFT_005,BTC,SELL,7207825.4718,0.0133,47.932,0.0,2026-09-20 00:07:37.000000
TRD_800497,ORD_500497,USR_SYS_003,BTC,SELL,7199829.885,0.0464,334.0721,0.0004,2026-09-20 00:30:00.000000
TRD_801047,ORD_501047,USR_HFT_001,BTC,SELL,7201269.851,0.0141,50.769,0.0,2026-09-20 00:37:39.000000
TRD_800394,ORD_500394,USR_RET_015,BTC,BUY,7205589.7489,0.0202,291.1058,0.0008,2026-09-20 00:55:00.000000
TRD_801938,ORD_501938,USR_HFT_004,BTC,SELL,7201269.851,0.0042,15.1227,0.0,2026-09-20 01:07:28.000000
TRD_802095,ORD_502095,USR_HFT_004,BTC,SELL,7201269.851,0.0124,44.6479,0.0,2026-09-20 01:09:56.000000
TRD_800829,ORD_500829,USR_SYS_010,BTC,SELL,7182246.705,0.0575,412.9792,0.0004,2026-09-20 01:30:00.000000
TRD_800777,ORD_500777,USR_SYS_009,BTC,SELL,7182246.705,0.036,258.5609,0.0004,2026-09-20 01:30:00.000000
TRD_802210,ORD_502210,USR_HFT_005,BTC,SELL,7183683.1543,0.0133,47.7715,0.0,2026-09-20 01:40:52.000000
TRD_801455,ORD_501455,USR_HFT_002,BTC,BUY,7180810.2557,0.0141,50.6247,0.0,2026-09-20 01:42:06.000000
TRD_800929,ORD_500929,USR_HFT_001,BTC,SELL,7183683.1543,0.0056,20.1143,0.0,2026-09-20 02:05:57.000000
TRD_802076,ORD_502076,USR_HFT_004,BTC,SELL,7183683.1543,0.0121,43.4613,0.0,2026-09-20 02:22:36.000000
TRD_800111,ORD_500111,USR_RET_005,BTC,BUY,7181692.7168,0.0101,145.0702,0.0006,2026-09-20 02:45:00.000000
TRD_800392,ORD_500392,USR_RET_015,BTC,SELL,7165902.4669,0.0114,163.3826,0.0016,2026-09-20 02:50:00.000000
TRD_802143,ORD_502143,USR_HFT_004,BTC,SELL,7178821.7623,0.0121,43.4319,0.0,2026-09-20 02:58:10.000000
TRD_801484,ORD_501484,USR_HFT_002,BTC,SELL,7193067.8009,0.0051,18.3423,0.0,2026-09-20 03:30:28.000000
TRD_801027,ORD_501027,USR_HFT_001,BTC,SELL,7193067.8009,0.0114,41.0005,0.0,2026-09-20 03:34:25.000000
TRD_802022,ORD_502022,USR_HFT_004,BTC,BUY,7190191.1491,0.0125,44.9387,0.0,2026-09-20 03:36:27.000000
TRD_801676,ORD_501676,USR_HFT_003,BTC,SELL,7193067.8009,0.0072,25.895,0.0,2026-09-20 03:43:54.000000
TRD_800418,ORD_500418,USR_SYS_001,BTC,BUY,7191629.475,0.0355,255.3028,0.0002,2026-09-20 03:45:00.000000
TRD_800151,ORD_500151,USR_RET_007,BTC,BUY,7211046.8746,0.0149,214.8892,0.0027,2026-09-20 04:12:00.000000
TRD_801878,ORD_501878,USR_HFT_004,BTC,SELL,7193067.8009,0.0075,26.974,0.0,2026-09-20 04:16:30.000000
TRD_801169,ORD_501169,USR_HFT_001,BTC,SELL,7193067.8009,0.0039,14.0265,0.0,2026-09-20 04:27:37.000000
TRD_802267,ORD_502267,USR_HFT_005,BTC,SELL,7192062.2398,0.0113,40.6352,0.0,2026-09-20 04:42:45.000000
TRD_800994,ORD_500994,USR_HFT_001,BTC,SELL,7192062.2398,0.0144,51.7828,0.0,2026-09-20 04:58:08.000000
TRD_800896,ORD_500896,USR_HFT_001,BTC,SELL,7192062.2398,0.0109,39.1967,0.0,2026-09-20 05:15:03.000000
TRD_801104,ORD_501104,USR_HFT_001,BTC,SELL,7195902.1376,0.009,32.3816,0.0,2026-09-20 06:10:12.000000
TRD_800692,ORD_500692,USR_SYS_007,BTC,BUY,7177172.115,0.0409,293.5463,0.0002,2026-09-20 06:45:00.000000
TRD_801110,ORD_501110,USR_HFT_001,BTC,SELL,7178607.5494,0.0128,45.9431,0.0,2026-09-20 06:57:22.000000
TRD_800628,ORD_500628,USR_SYS_005,BTC,BUY,7109339.52,0.0286,203.3271,0.0002,2026-09-20 07:45:00.000000
TRD_800608,ORD_500608,USR_SYS_005,BTC,BUY,7109339.52,0.0212,150.718,0.0002,2026-09-20 07:45:00.000000
TRD_800277,ORD_500277,USR_RET_011,BTC,SELL,7111647.7586,0.0893,1270.1403,0.0016,2026-09-20 08:39:00.000000
TRD_800371,ORD_500371,USR_RET_015,BTC,BUY,7133729.1969,0.007,99.8722,0.0015,2026-09-20 08:44:00.000000
TRD_800588,ORD_500588,USR_SYS_004,BTC,BUY,7123044.63,0.0346,246.4573,0.0002,2026-09-20 08:45:00.000000
TRD_802451,ORD_502451,USR_HFT_005,BTC,SELL,7124469.2389,0.0065,23.1545,0.0,2026-09-20 08:49:45.000000
TRD_800153,ORD_500153,USR_RET_007,BTC,BUY,7137290.7193,0.0093,132.7536,0.002,2026-09-20 08:52:00.000000
TRD_801625,ORD_501625,USR_HFT_003,BTC,SELL,7124469.2389,0.0145,51.6524,0.0,2026-09-20 09:08:51.000000
TRD_802054,ORD_502054,USR_HFT_004,BTC,SELL,7125171.1843,0.0137,48.8074,0.0,2026-09-20 10:35:49.000000
TRD_800792,ORD_500792,USR_SYS_009,BTC,BUY,7123746.435,0.037,263.5786,0.0002,2026-09-20 10:45:00.000000
TRD_801439,ORD_501439,USR_HFT_002,BTC,BUY,7122321.6857,0.0087,30.9821,0.0,2026-09-20 10:59:16.000000
TRD_801480,ORD_501480,USR_HFT_002,BTC,SELL,7125171.1843,0.0066,23.5131,0.0,2026-09-20 11:01:02.000000
TRD_800583,ORD_500583,USR_SYS_004,BTC,SELL,7107385.44,0.0457,324.8075,0.0004,2026-09-20 11:30:00.000000
TRD_800614,ORD_500614,USR_SYS_005,BTC,BUY,7107577.485,0.0297,211.0951,0.0002,2026-09-20 12:45:00.000000
TRD_801682,ORD_501682,USR_HFT_003,BTC,SELL,7108999.0005,0.0091,32.3459,0.0,2026-09-20 12:50:40.000000
TRD_800398,ORD_500398,USR_RET_015,BTC,SELL,7088387.0258,0.0133,188.5511,0.0027,2026-09-20 12:53:00.000000
TRD_801680,ORD_501680,USR_HFT_003,BTC,BUY,7106155.9695,0.013,46.19,0.0,2026-09-20 13:03:12.000000
TRD_800069,ORD_500069,USR_RET_003,BTC,SELL,7090519.299,0.0158,224.0604,0.0024,2026-09-20 13:05:00.000000
TRD_800740,ORD_500740,USR_SYS_008,BTC,BUY,7103439.225,0.0258,183.2687,0.0002,2026-09-20 13:45:00.000000
TRD_801335,ORD_501335,USR_HFT_002,BTC,SELL,7104859.9128,0.0133,47.2473,0.0,2026-09-20 13:57:56.000000
TRD_801910,ORD_501910,USR_HFT_004,BTC,SELL,7104859.9128,0.0025,8.8811,0.0,2026-09-20 14:09:50.000000
TRD_802009,ORD_502009,USR_HFT_004,BTC,BUY,7120171.5658,0.0145,51.6212,0.0,2026-09-20 14:44:25.000000
TRD_800650,ORD_500650,USR_SYS_006,BTC,BUY,7121595.885,0.0424,301.9557,0.0002,2026-09-20 14:45:00.000000
TRD_800442,ORD_500442,USR_SYS_002,BTC,BUY,7121595.885,0.0277,197.2682,0.0002,2026-09-20 14:45:00.000000
TRD_801715,ORD_501715,USR_HFT_003,BTC,SELL,7123020.2042,0.0093,33.122,0.0,2026-09-20 15:07:55.000000
TRD_800717,ORD_500717,USR_SYS_007,BTC,SELL,7108282.83,0.0455,323.4269,0.0004,2026-09-20 15:30:00.000000
TRD_801051,ORD_501051,USR_HFT_001,BTC,BUY,7106861.1734,0.0113,40.1538,0.0,2026-09-20 15:50:06.000000
TRD_801687,ORD_501687,USR_HFT_003,BTC,SELL,7109704.4866,0.0029,10.3091,0.0,2026-09-20 16:11:18.000000
TRD_801608,ORD_501608,USR_HFT_003,BTC,BUY,7106861.1734,0.011,39.0877,0.0,2026-09-20 16:27:39.000000
TRD_800611,ORD_500611,USR_SYS_005,BTC,SELL,7123648.2,0.0404,287.7954,0.0004,2026-09-20 16:30:00.000000
TRD_800643,ORD_500643,USR_SYS_006,BTC,SELL,7123648.2,0.0297,211.5724,0.0004,2026-09-20 16:30:00.000000
TRD_801424,ORD_501424,USR_HFT_002,BTC,BUY,7122223.4704,0.0122,43.4456,0.0,2026-09-20 16:30:41.000000
TRD_801776,ORD_501776,USR_HFT_003,BTC,SELL,7125122.4996,0.0133,47.3821,0.0,2026-09-20 17:30:49.000000
TRD_800554,ORD_500554,USR_SYS_004,BTC,BUY,7123697.76,0.0532,378.9807,0.0002,2026-09-20 17:45:00.000000
TRD_800065,ORD_500065,USR_RET_003,BTC,SELL,7108025.6249,0.0395,561.534,0.0022,2026-09-20 17:45:00.000000
TRD_802174,ORD_502174,USR_HFT_004,BTC,BUY,7122273.0204,0.0097,34.543,0.0,2026-09-20 18:20:59.000000
TRD_800809,ORD_500809,USR_SYS_009,BTC,SELL,7140357.885,0.0466,332.7407,0.0004,2026-09-20 19:30:00.000000
TRD_802465,ORD_502465,USR_HFT_005,BTC,SELL,7141785.9566,0.0108,38.5656,0.0,2026-09-20 20:19:01.000000
TRD_800449,ORD_500449,USR_SYS_002,BTC,SELL,7160712.0,0.0389,278.5517,0.0004,2026-09-20 20:30:00.000000
TRD_801205,ORD_501205,USR_HFT_001,BTC,BUY,7159279.8576,0.0025,8.9491,0.0,2026-09-20 20:47:05.000000
TRD_801217,ORD_501217,USR_HFT_001,BTC,SELL,7162144.1424,0.0132,47.2702,0.0,2026-09-20 21:06:25.000000
TRD_800080,ORD_500080,USR_RET_004,BTC,SELL,7152835.2168,0.0056,80.1118,0.0011,2026-09-20 21:21:00.000000
TRD_800784,ORD_500784,USR_SYS_009,BTC,BUY,7198059.885,0.0588,423.2459,0.0002,2026-09-20 21:45:00.000000
TRD_802066,ORD_502066,USR_HFT_004,BTC,SELL,7199499.497,0.0138,49.6765,0.0,2026-09-20 21:59:12.000000
TRD_801793,ORD_501793,USR_HFT_003,BTC,SELL,7199499.497,0.0143,51.4764,0.0,2026-09-20 22:07:26.000000
TRD_801324,ORD_501324,USR_HFT_002,BTC,SELL,7199499.497,0.0126,45.3568,0.0,2026-09-20 22:07:40.000000
TRD_802088,ORD_502088,USR_HFT_004,BTC,BUY,7196620.273,0.0032,11.5146,0.0,2026-09-20 22:07:54.000000
TRD_802384,ORD_502384,USR_HFT_005,BTC,SELL,7199499.497,0.0124,44.6369,0.0,2026-09-20 22:26:58.000000
TRD_801041,ORD_501041,USR_HFT_001,BTC,SELL,7199499.497,0.008,28.798,0.0,2026-09-20 22:27:28.000000
TRD_802380,ORD_502380,USR_HFT_005,BTC,BUY,7180156.3715,0.0148,53.1332,0.0,2026-09-20 22:31:39.000000
TRD_801260,ORD_501260,USR_HFT_002,BTC,BUY,7180156.3715,0.0079,28.3616,0.0,2026-09-20 23:01:56.000000
TRD_802018,ORD_502018,USR_HFT_004,BTC,SELL,7183029.0085,0.0039,14.0069,0.0,2026-09-20 23:05:06.000000
TRD_801836,ORD_501836,USR_HFT_004,BTC,BUY,7180156.3715,0.004,14.3603,0.0,2026-09-20 23:05:25.000000
TRD_802464,ORD_502464,USR_HFT_005,BTC,BUY,7170251.6628,0.0139,49.8332,0.0,2026-09-20 23:34:07.000000
TRD_801914,ORD_501914,USR_HFT_004,BTC,SELL,7173120.3372,0.015,53.7984,0.0,2026-09-20 23:40:51.000000
TRD_800680,ORD_500680,USR_SYS_006,BTC,BUY,7171686.0,0.0468,335.6349,0.0002,2026-09-20 23:45:00.000000
TRD_801238,ORD_501238,USR_HFT_002,BTC,SELL,7173120.3372,0.0034,12.1943,0.0,2026-09-20 23:54:47.000000
TRD_801141,ORD_501141,USR_HFT_001,BTC,SELL,7173120.3372,0.0083,29.7684,0.0,2026-09-21 00:02:10.000000
TRD_800020,ORD_500020,USR_RET_001,BTC,BUY,7183877.8662,0.0407,584.7677,0.0017,2026-09-21 00:08:00.000000
TRD_802172,ORD_502172,USR_HFT_004,BTC,BUY,7170251.6628,0.0142,50.9088,0.0,2026-09-21 00:29:16.000000
TRD_801984,ORD_501984,USR_HFT_004,BTC,SELL,7185629.6586,0.0139,49.9401,0.0,2026-09-21 00:43:37.000000
TRD_801944,ORD_501944,USR_HFT_004,BTC,BUY,7182755.9814,0.013,46.6879,0.0,2026-09-21 00:48:07.000000
TRD_800313,ORD_500313,USR_RET_013,BTC,SELL,7165513.9187,0.0252,361.1419,0.0026,2026-09-21 00:50:00.000000
TRD_802499,ORD_502499,USR_HFT_005,BTC,SELL,7185629.6586,0.0045,16.1677,0.0,2026-09-21 00:59:19.000000
TRD_801654,ORD_501654,USR_HFT_003,BTC,SELL,7185629.6586,0.0063,22.6347,0.0,2026-09-21 00:59:45.000000
TRD_802114,ORD_502114,USR_HFT_004,BTC,BUY,7182755.9814,0.0093,33.3998,0.0,2026-09-21 01:08:07.000000
TRD_802395,ORD_502395,USR_HFT_005,BTC,BUY,7182755.9814,0.0137,49.2019,0.0,2026-09-21 01:23:39.000000
TRD_802528,ORD_502528,USR_HFT_005,BTC,SELL,7178064.0507,0.0091,32.6602,0.0,2026-09-21 01:50:07.000000
TRD_802530,ORD_502530,USR_HFT_005,BTC,SELL,7178064.0507,0.0126,45.2218,0.0,2026-09-21 01:56:44.000000
TRD_801811,ORD_501811,USR_HFT_003,BTC,BUY,7175193.3993,0.0035,12.5566,0.0,2026-09-21 01:58:27.000000
TRD_801065,ORD_501065,USR_HFT_001,BTC,BUY,7175193.3993,0.0142,50.9439,0.0,2026-09-21 02:02:59.000000
TRD_801970,ORD_501970,USR_HFT_004,BTC,BUY,7161050.3884,0.0136,48.6951,0.0,2026-09-21 03:21:33.000000
TRD_802370,ORD_502370,USR_HFT_005,BTC,SELL,7189659.8694,0.0081,29.1181,0.0,2026-09-21 03:33:14.000000
TRD_800373,ORD_500373,USR_RET_015,BTC,SELL,7164501.0917,0.0342,490.0519,0.0033,2026-09-21 03:59:00.000000
TRD_800147,ORD_500147,USR_RET_006,BTC,BUY,7212662.1806,0.0684,986.6922,0.0034,2026-09-21 04:10:00.000000
TRD_800647,ORD_500647,USR_SYS_006,BTC,SELL,7184253.0,0.0576,413.813,0.0004,2026-09-21 04:30:00.000000
TRD_800244,ORD_500244,USR_RET_010,BTC,SELL,7179942.4482,0.0109,156.5227,0.0006,2026-09-21 04:56:00.000000
TRD_802144,ORD_502144,USR_HFT_004,BTC,BUY,7182816.1494,0.0069,24.7807,0.0,2026-09-21 05:27:09.000000
TRD_801143,ORD_501143,USR_HFT_001,BTC,BUY,7220838.7634,0.0097,35.0211,0.0,2026-09-21 05:41:15.000000
TRD_800602,ORD_500602,USR_SYS_005,BTC,BUY,7222283.22,0.0353,254.9466,0.0002,2026-09-21 05:45:00.000000
TRD_802366,ORD_502366,USR_HFT_005,BTC,SELL,7223727.6766,0.0147,53.0944,0.0,2026-09-21 05:54:26.000000
TRD_800096,ORD_500096,USR_RET_005,BTC,BUY,7234561.1015,0.0064,92.6024,0.0017,2026-09-21 06:08:00.000000
TRD_800290,ORD_500290,USR_RET_012,BTC,SELL,7150311.2654,0.0103,147.2964,0.0025,2026-09-21 06:57:00.000000
TRD_800465,ORD_500465,USR_SYS_002,BTC,SELL,7195988.985,0.0596,428.8809,0.0004,2026-09-21 07:30:00.000000
TRD_802420,ORD_502420,USR_HFT_005,BTC,BUY,7194549.7872,0.0125,44.9659,0.0,2026-09-21 07:32:10.000000
TRD_800066,ORD_500066,USR_RET_003,BTC,SELL,7180877.4081,0.0268,384.895,0.0021,2026-09-21 07:44:00.000000
TRD_800490,ORD_500490,USR_SYS_002,BTC,BUY,7195988.985,0.0552,397.2186,0.0002,2026-09-21 07:45:00.000000
TRD_800708,ORD_500708,USR_SYS_007,BTC,BUY,7195988.985,0.0326,234.5892,0.0002,2026-09-21 07:45:00.000000
TRD_801638,ORD_501638,USR_HFT_003,BTC,BUY,7194549.7872,0.0073,26.2601,0.0,2026-09-21 07:46:42.000000
TRD_801614,ORD_501614,USR_HFT_003,BTC,BUY,7194549.7872,0.0077,27.699,0.0,2026-09-21 08:06:41.000000
TRD_800103,ORD_500103,USR_RET_005,BTC,BUY,7206063.3696,0.0141,203.211,0.0014,2026-09-21 08:13:00.000000
TRD_800982,ORD_500982,USR_HFT_001,BTC,BUY,7194549.7872,0.0032,11.5113,0.0,2026-09-21 08:18:59.000000
TRD_801613,ORD_501613,USR_HFT_003,BTC,SELL,7197428.1828,0.0041,14.7547,0.0,2026-09-21 08:26:44.000000
TRD_801253,ORD_501253,USR_HFT_002,BTC,SELL,7207574.0816,0.0074,26.668,0.0,2026-09-21 08:47:28.000000
TRD_800667,ORD_500667,USR_SYS_006,BTC,SELL,7217175.0,0.0269,194.142,0.0004,2026-09-21 10:30:00.000000
TRD_800487,ORD_500487,USR_SYS_002,BTC,SELL,7217175.0,0.053,382.5103,0.0004,2026-09-21 10:30:00.000000
TRD_800511,ORD_500511,USR_SYS_003,BTC,SELL,7217175.0,0.0252,181.8728,0.0004,2026-09-21 10:30:00.000000
TRD_801048,ORD_501048,USR_HFT_001,BTC,BUY,7215731.565,0.0125,45.0983,0.0,2026-09-21 10:34:46.000000
TRD_801590,ORD_501590,USR_HFT_003,BTC,SELL,7218618.435,0.012,43.3117,0.0,2026-09-21 11:02:33.000000
TRD_801697,ORD_501697,USR_HFT_003,BTC,BUY,7215731.565,0.0116,41.8512,0.0,2026-09-21 11:03:29.000000
TRD_801754,ORD_501754,USR_HFT_003,BTC,BUY,7223686.1238,0.0023,8.3072,0.0,2026-09-21 11:39:14.000000
TRD_801053,ORD_501053,USR_HFT_001,BTC,BUY,7223686.1238,0.0025,9.0296,0.0,2026-09-21 11:39:59.000000
TRD_801856,ORD_501856,USR_HFT_004,BTC,BUY,7223686.1238,0.015,54.1776,0.0,2026-09-21 11:46:43.000000
TRD_801809,ORD_501809,USR_HFT_003,BTC,SELL,7226576.1762,0.0046,16.6211,0.0,2026-09-21 11:57:41.000000
TRD_801119,ORD_501119,USR_HFT_001,BTC,SELL,7226576.1762,0.0088,31.7969,0.0,2026-09-21 12:13:31.000000
TRD_801170,ORD_501170,USR_HFT_001,BTC,SELL,7226576.1762,0.0112,40.4688,0.0,2026-09-21 12:29:21.000000
TRD_800683,ORD_500683,USR_SYS_007,BTC,SELL,7232220.885,0.0522,377.5219,0.0004,2026-09-21 12:30:00.000000
TRD_801657,ORD_501657,USR_HFT_003,BTC,BUY,7230774.4408,0.0057,20.6077,0.0,2026-09-21 12:35:59.000000
TRD_800230,ORD_500230,USR_RET_009,BTC,BUY,7253194.3256,0.0284,411.9814,0.0029,2026-09-21 12:49:00.000000
TRD_800045,ORD_500045,USR_RET_002,BTC,BUY,7240899.5501,0.0176,254.8797,0.0012,2026-09-21 13:10:00.000000
TRD_800887,ORD_500887,USR_HFT_001,BTC,BUY,7230774.4408,0.003,10.8462,0.0,2026-09-21 13:10:15.000000
TRD_802105,ORD_502105,USR_HFT_004,BTC,SELL,7233667.3292,0.0084,30.3814,0.0,2026-09-21 13:15:53.000000
TRD_802140,ORD_502140,USR_HFT_004,BTC,BUY,7411277.448,0.0106,39.2798,0.0,2026-09-21 13:42:52.000000
TRD_800570,ORD_500570,USR_SYS_004,BTC,BUY,7412760.0,0.0436,323.1963,0.0002,2026-09-21 13:45:00.000000
TRD_801246,ORD_501246,USR_HFT_002,BTC,SELL,7414242.552,0.004,14.8285,0.0,2026-09-21 13:47:58.000000
TRD_800885,ORD_500885,USR_HFT_001,BTC,BUY,7411277.448,0.0148,54.8435,0.0,2026-09-21 13:49:32.000000
TRD_800563,ORD_500563,USR_SYS_004,BTC,SELL,7491853.335,0.0441,330.3907,0.0004,2026-09-21 14:30:00.000000
TRD_800374,ORD_500374,USR_RET_015,BTC,BUY,7508335.4123,0.0478,717.7969,0.0022,2026-09-21 14:32:00.000000
TRD_800750,ORD_500750,USR_SYS_008,BTC,BUY,7473096.645,0.0518,387.1064,0.0002,2026-09-21 15:45:00.000000
TRD_801040,ORD_501040,USR_HFT_001,BTC,BUY,7471602.0257,0.0044,16.4375,0.0,2026-09-21 16:07:57.000000
TRD_800253,ORD_500253,USR_RET_010,BTC,BUY,7492526.6963,0.0075,112.3879,0.0026,2026-09-21 16:22:00.000000
TRD_800852,ORD_500852,USR_SYS_010,BTC,BUY,7512516.315,0.0336,252.4205,0.0002,2026-09-21 16:45:00.000000
TRD_800636,ORD_500636,USR_SYS_005,BTC,BUY,7512516.315,0.0287,215.6092,0.0002,2026-09-21 16:45:00.000000
TRD_800091,ORD_500091,USR_RET_004,BTC,SELL,7496740.0307,0.0099,148.4355,0.0021,2026-09-21 17:03:00.000000
TRD_801487,ORD_501487,USR_HFT_002,BTC,SELL,7552595.7171,0.0103,38.8959,0.0,2026-09-21 18:01:25.000000
TRD_801785,ORD_501785,USR_HFT_003,BTC,BUY,7562258.3358,0.0101,38.1894,0.0,2026-09-21 18:32:38.000000
TRD_800419,ORD_500419,USR_SYS_001,BTC,SELL,7597206.39,0.0355,269.7008,0.0004,2026-09-21 19:30:00.000000
TRD_801037,ORD_501037,USR_HFT_001,BTC,SELL,7598725.8313,0.0119,45.2124,0.0,2026-09-21 20:02:41.000000
TRD_802407,ORD_502407,USR_HFT_005,BTC,SELL,7598725.8313,0.011,41.793,0.0,2026-09-21 20:04:29.000000
TRD_800062,ORD_500062,USR_RET_003,BTC,BUY,7618290.6192,0.0235,358.0597,0.0018,2026-09-21 20:56:00.000000
TRD_801545,ORD_501545,USR_HFT_002,BTC,SELL,7606123.2555,0.0119,45.2564,0.0,2026-09-21 20:59:50.000000
TRD_800997,ORD_500997,USR_HFT_001,BTC,BUY,7603081.4145,0.0047,17.8672,0.0,2026-09-21 21:01:27.000000
TRD_800660,ORD_500660,USR_SYS_006,BTC,BUY,7607629.035,0.0237,180.3008,0.0002,2026-09-21 21:45:00.000000
TRD_802201,ORD_502201,USR_HFT_005,BTC,BUY,7606107.5092,0.0121,46.017,0.0,2026-09-21 22:23:41.000000
TRD_800693,ORD_500693,USR_SYS_007,BTC,SELL,7601903.085,0.0409,310.9178,0.0004,2026-09-21 22:30:00.000000
TRD_800933,ORD_500933,USR_HFT_001,BTC,SELL,7603423.4656,0.0036,13.6862,0.0,2026-09-21 23:08:06.000000
TRD_800629,ORD_500629,USR_SYS_005,BTC,SELL,7615579.875,0.0286,217.8056,0.0004,2026-09-21 23:30:00.000000
TRD_800609,ORD_500609,USR_SYS_005,BTC,SELL,7615579.875,0.0212,161.4503,0.0004,2026-09-21 23:30:00.000000
TRD_802341,ORD_502341,USR_HFT_005,BTC,BUY,7614056.759,0.0026,9.8983,0.0,2026-09-21 23:35:03.000000
TRD_800478,ORD_500478,USR_SYS_002,BTC,BUY,7615579.875,0.0307,233.7983,0.0002,2026-09-21 23:45:00.000000
TRD_801036,ORD_501036,USR_HFT_001,BTC,SELL,7617102.991,0.01,38.0855,0.0,2026-09-22 00:03:34.000000
TRD_801714,ORD_501714,USR_HFT_003,BTC,BUY,7614056.759,0.0024,9.1369,0.0,2026-09-22 00:12:23.000000
TRD_800051,ORD_500051,USR_RET_003,BTC,SELL,7605679.6212,0.0093,141.4656,0.0013,2026-09-22 00:14:00.000000
TRD_800589,ORD_500589,USR_SYS_004,BTC,SELL,7654374.735,0.0346,264.8414,0.0004,2026-09-22 00:30:00.000000
TRD_801689,ORD_501689,USR_HFT_003,BTC,BUY,7652843.8601,0.007,26.785,0.0,2026-09-22 00:35:10.000000
TRD_800741,ORD_500741,USR_SYS_008,BTC,SELL,7671714.363,0.0258,197.9302,0.0004,2026-09-22 00:50:00.000000
TRD_800615,ORD_500615,USR_SYS_005,BTC,SELL,7676183.6838,0.0297,227.9827,0.0004,2026-09-22 00:50:00.000000
TRD_801677,ORD_501677,USR_HFT_003,BTC,SELL,7655905.6099,0.0109,41.7247,0.0,2026-09-22 01:25:09.000000
TRD_800651,ORD_500651,USR_SYS_006,BTC,SELL,7691323.5558,0.0424,326.1121,0.0004,2026-09-22 01:50:00.000000
TRD_800793,ORD_500793,USR_SYS_009,BTC,SELL,7693646.1498,0.037,284.6649,0.0004,2026-09-22 01:50:00.000000
TRD_800555,ORD_500555,USR_SYS_004,BTC,SELL,7693593.5808,0.0532,409.2992,0.0004,2026-09-22 01:50:00.000000
TRD_800443,ORD_500443,USR_SYS_002,BTC,SELL,7691323.5558,0.0277,213.0497,0.0004,2026-09-22 01:50:00.000000
TRD_800158,ORD_500158,USR_RET_007,BTC,BUY,7704268.4692,0.0202,311.2524,0.0006,2026-09-22 02:16:00.000000
TRD_801267,ORD_501267,USR_HFT_002,BTC,SELL,7664596.2777,0.01,38.323,0.0,2026-09-22 02:38:01.000000
TRD_802262,ORD_502262,USR_HFT_005,BTC,BUY,7661531.0523,0.0094,36.0092,0.0,2026-09-22 03:12:37.000000
TRD_801497,ORD_501497,USR_HFT_002,BTC,BUY,7661531.0523,0.0095,36.3923,0.0,2026-09-22 03:24:52.000000
TRD_802307,ORD_502307,USR_HFT_005,BTC,SELL,7652686.2212,0.0056,21.4275,0.0,2026-09-22 03:30:22.000000
TRD_800638,ORD_500638,USR_SYS_005,BTC,BUY,7651155.99,0.0292,223.4138,0.0002,2026-09-22 03:45:00.000000
TRD_800672,ORD_500672,USR_SYS_006,BTC,BUY,7651155.99,0.047,359.6043,0.0002,2026-09-22 03:45:00.000000
TRD_800790,ORD_500790,USR_SYS_009,BTC,BUY,7665870.0,0.0222,170.1823,0.0002,2026-09-22 04:45:00.000000
TRD_800550,ORD_500550,USR_SYS_004,BTC,BUY,7665870.0,0.0259,198.546,0.0002,2026-09-22 04:45:00.000000
TRD_800256,ORD_500256,USR_RET_010,BTC,BUY,7692700.545,0.0089,136.9301,0.0035,2026-09-22 04:54:00.000000
TRD_801773,ORD_501773,USR_HFT_003,BTC,SELL,7667403.174,0.0068,26.0692,0.0,2026-09-22 05:05:23.000000
TRD_802199,ORD_502199,USR_HFT_005,BTC,SELL,7602848.1006,0.0075,28.5107,0.0,2026-09-22 06:13:34.000000
TRD_800018,ORD_500018,USR_RET_001,BTC,SELL,7558093.7641,0.0065,98.2552,0.0025,2026-09-22 06:46:00.000000
TRD_800902,ORD_500902,USR_HFT_001,BTC,BUY,7575520.9477,0.0124,46.9682,0.0,2026-09-22 06:47:34.000000
TRD_801547,ORD_501547,USR_HFT_003,BTC,BUY,7575520.9477,0.0084,31.8172,0.0,2026-09-22 07:24:47.000000
TRD_800116,ORD_500116,USR_RET_005,BTC,BUY,7607767.3791,0.0241,366.6944,0.0029,2026-09-22 07:35:00.000000
TRD_801514,ORD_501514,USR_HFT_002,BTC,BUY,7584251.4963,0.0088,33.3707,0.0,2026-09-22 07:59:52.000000
TRD_801669,ORD_501669,USR_HFT_003,BTC,SELL,7587285.8037,0.0057,21.6238,0.0,2026-09-22 08:00:25.000000
TRD_800957,ORD_500957,USR_HFT_001,BTC,BUY,7582298.6919,0.0036,13.6481,0.0,2026-09-22 08:35:34.000000
TRD_800830,ORD_500830,USR_SYS_010,BTC,BUY,7583815.455,0.053,401.9422,0.0002,2026-09-22 08:45:00.000000
TRD_801489,ORD_501489,USR_HFT_002,BTC,SELL,7585332.2181,0.005,18.9633,0.0,2026-09-22 09:18:04.000000
TRD_801983,ORD_501983,USR_HFT_004,BTC,SELL,7564014.5004,0.0119,45.0059,0.0,2026-09-22 09:30:31.000000
TRD_800358,ORD_500358,USR_RET_014,BTC,SELL,7557964.4988,0.0196,296.2722,0.0006,2026-09-22 10:16:00.000000
TRD_801648,ORD_501648,USR_HFT_003,BTC,SELL,7564014.5004,0.0037,13.9934,0.0,2026-09-22 10:27:27.000000
TRD_800197,ORD_500197,USR_RET_008,BTC,SELL,7534994.2433,0.0097,146.1789,0.003,2026-09-22 10:50:00.000000
TRD_802396,ORD_502396,USR_HFT_005,BTC,BUY,7556155.7116,0.0086,32.4915,0.0,2026-09-22 10:51:56.000000
TRD_802365,ORD_502365,USR_HFT_005,BTC,SELL,7559178.7784,0.0107,40.4416,0.0,2026-09-22 10:59:48.000000
TRD_802437,ORD_502437,USR_HFT_005,BTC,BUY,7554973.588,0.0046,17.3764,0.0,2026-09-22 11:38:24.000000
TRD_800552,ORD_500552,USR_SYS_004,BTC,BUY,7556484.885,0.0499,377.0686,0.0002,2026-09-22 11:45:00.000000
TRD_802508,ORD_502508,USR_HFT_005,BTC,SELL,7557996.182,0.0147,55.5513,0.0,2026-09-22 11:54:57.000000
TRD_801738,ORD_501738,USR_HFT_003,BTC,BUY,7554973.588,0.0095,35.8861,0.0,2026-09-22 12:02:34.000000
TRD_800312,ORD_500312,USR_RET_013,BTC,BUY,7579154.3397,0.0327,495.6767,0.003,2026-09-22 12:09:00.000000
TRD_800971,ORD_500971,USR_HFT_001,BTC,SELL,7557996.182,0.0089,33.6331,0.0,2026-09-22 12:15:04.000000
TRD_801030,ORD_501030,USR_HFT_001,BTC,SELL,7557996.182,0.0134,50.6386,0.0,2026-09-22 12:27:34.000000
TRD_800009,ORD_500009,USR_RET_001,BTC,BUY,7558986.3552,0.0235,355.2724,0.0008,2026-09-22 12:40:00.000000
TRD_800785,ORD_500785,USR_SYS_009,BTC,SELL,7630803.645,0.0588,448.6913,0.0004,2026-09-22 13:30:00.000000
TRD_801588,ORD_501588,USR_HFT_003,BTC,SELL,7632329.8057,0.0131,49.9918,0.0,2026-09-22 13:37:05.000000
TRD_802141,ORD_502141,USR_HFT_004,BTC,BUY,7629277.4843,0.0073,27.8469,0.0,2026-09-22 13:48:01.000000
TRD_800664,ORD_500664,USR_SYS_006,BTC,BUY,7633478.115,0.0545,416.0246,0.0002,2026-09-22 14:45:00.000000
TRD_800219,ORD_500219,USR_RET_009,BTC,BUY,7659431.9406,0.0288,441.1833,0.0034,2026-09-22 15:05:00.000000
TRD_801584,ORD_501584,USR_HFT_003,BTC,BUY,7631951.4194,0.0056,21.3695,0.0,2026-09-22 15:13:14.000000
TRD_802084,ORD_502084,USR_HFT_004,BTC,BUY,7631951.4194,0.0089,33.9622,0.0,2026-09-22 15:14:12.000000
TRD_800681,ORD_500681,USR_SYS_006,BTC,SELL,7602504.0,0.0468,355.7972,0.0004,2026-09-22 15:30:00.000000
TRD_800624,ORD_500624,USR_SYS_005,BTC,BUY,7602504.0,0.0278,211.3496,0.0002,2026-09-22 15:45:00.000000
TRD_802318,ORD_502318,USR_HFT_005,BTC,BUY,7600983.4992,0.0124,47.1261,0.0,2026-09-22 16:16:31.000000
TRD_800882,ORD_500882,USR_HFT_001,BTC,SELL,7611337.8332,0.0113,43.0041,0.0,2026-09-22 17:15:19.000000
TRD_801478,ORD_501478,USR_HFT_002,BTC,SELL,7614647.51,0.0138,52.5411,0.0,2026-09-22 17:49:08.000000
TRD_802038,ORD_502038,USR_HFT_004,BTC,BUY,7611602.26,0.0033,12.5591,0.0,2026-09-22 18:00:47.000000
TRD_802151,ORD_502151,USR_HFT_004,BTC,BUY,7611602.26,0.0057,21.6931,0.0,2026-09-22 18:12:11.000000
TRD_801649,ORD_501649,USR_HFT_003,BTC,BUY,7611602.26,0.0104,39.5803,0.0,2026-09-22 18:19:22.000000
TRD_800948,ORD_500948,USR_HFT_001,BTC,BUY,7640093.5606,0.0057,21.7743,0.0,2026-09-22 18:36:45.000000
TRD_801177,ORD_501177,USR_HFT_001,BTC,SELL,7643150.2094,0.0073,27.8975,0.0,2026-09-22 19:05:06.000000
TRD_800099,ORD_500099,USR_RET_005,BTC,BUY,7664546.7507,0.0058,88.9087,0.003,2026-09-22 19:10:00.000000
TRD_802326,ORD_502326,USR_HFT_005,BTC,BUY,7640093.5606,0.0086,32.8524,0.0,2026-09-22 19:27:48.000000
TRD_801620,ORD_501620,USR_HFT_003,BTC,SELL,7635360.6518,0.0106,40.4674,0.0,2026-09-22 20:06:31.000000
TRD_802402,ORD_502402,USR_HFT_005,BTC,SELL,7649090.6322,0.0113,43.2174,0.0,2026-09-22 20:45:10.000000
TRD_800280,ORD_500280,USR_RET_011,BTC,SELL,7634560.2661,0.0315,480.9773,0.0017,2026-09-22 21:09:00.000000
TRD_802191,ORD_502191,USR_HFT_005,BTC,BUY,7646031.6078,0.0056,21.4089,0.0,2026-09-22 21:15:21.000000
TRD_800603,ORD_500603,USR_SYS_005,BTC,SELL,7648270.005,0.0353,269.9839,0.0004,2026-09-22 21:30:00.000000
TRD_802165,ORD_502165,USR_HFT_004,BTC,SELL,7649799.659,0.0032,12.2397,0.0,2026-09-22 21:36:16.000000
TRD_802093,ORD_502093,USR_HFT_004,BTC,SELL,7649799.659,0.005,19.1245,0.0,2026-09-22 22:00:16.000000
TRD_801784,ORD_501784,USR_HFT_003,BTC,SELL,7662998.5332,0.0135,51.7252,0.0,2026-09-22 22:33:36.000000
TRD_802023,ORD_502023,USR_HFT_004,BTC,SELL,7662998.5332,0.0134,51.3421,0.0,2026-09-22 22:34:27.000000
TRD_802301,ORD_502301,USR_HFT_005,BTC,BUY,7659933.9468,0.0138,52.8535,0.0,2026-09-22 22:50:02.000000
TRD_801522,ORD_501522,USR_HFT_002,BTC,SELL,7662998.5332,0.0129,49.4263,0.0,2026-09-22 23:05:42.000000
TRD_802311,ORD_502311,USR_HFT_005,BTC,SELL,7662998.5332,0.0045,17.2417,0.0,2026-09-22 23:11:56.000000
TRD_802354,ORD_502354,USR_HFT_005,BTC,BUY,7659933.9468,0.0042,16.0859,0.0,2026-09-22 23:12:47.000000
TRD_800491,ORD_500491,USR_SYS_002,BTC,SELL,7651837.44,0.0552,422.3814,0.0004,2026-09-22 23:30:00.000000
TRD_800709,ORD_500709,USR_SYS_007,BTC,SELL,7651837.44,0.0326,249.4499,0.0004,2026-09-22 23:30:00.000000
TRD_802162,ORD_502162,USR_HFT_004,BTC,BUY,7650307.0725,0.0095,36.339,0.0,2026-09-22 23:40:43.000000
TRD_801023,ORD_501023,USR_HFT_001,BTC,SELL,7653367.8075,0.004,15.3067,0.0,2026-09-22 23:40:56.000000
TRD_800782,ORD_500782,USR_SYS_009,BTC,BUY,7651837.44,0.0389,297.6565,0.0002,2026-09-22 23:45:00.000000
TRD_800025,ORD_500025,USR_RET_002,BTC,BUY,7657193.7262,0.0139,212.87,0.0007,2026-09-22 23:45:00.000000
TRD_802266,ORD_502266,USR_HFT_005,BTC,BUY,7650307.0725,0.0148,56.6123,0.0,2026-09-23 00:25:56.000000
TRD_801976,ORD_501976,USR_HFT_004,BTC,SELL,7653367.8075,0.0029,11.0974,0.0,2026-09-23 00:28:51.000000
TRD_802256,ORD_502256,USR_HFT_005,BTC,BUY,7626505.3338,0.0035,13.3464,0.0,2026-09-23 00:33:45.000000
TRD_801093,ORD_501093,USR_HFT_001,BTC,BUY,7626505.3338,0.0086,32.794,0.0,2026-09-23 00:33:49.000000
TRD_800770,ORD_500770,USR_SYS_008,BTC,BUY,7628030.94,0.0591,450.8166,0.0002,2026-09-23 00:45:00.000000
TRD_802436,ORD_502436,USR_HFT_005,BTC,BUY,7626505.3338,0.0072,27.4554,0.0,2026-09-23 01:00:53.000000
TRD_800393,ORD_500393,USR_RET_015,BTC,SELL,7623454.1214,0.0396,603.7776,0.0006,2026-09-23 01:02:00.000000
TRD_801718,ORD_501718,USR_HFT_003,BTC,SELL,7629556.5462,0.0111,42.344,0.0,2026-09-23 01:16:39.000000
TRD_800202,ORD_500202,USR_RET_008,BTC,SELL,7622149.9012,0.035,533.5505,0.0016,2026-09-23 01:34:00.000000
TRD_800866,ORD_500866,USR_HFT_001,BTC,SELL,7635891.758,0.005,19.0897,0.0,2026-09-23 01:34:17.000000
TRD_802372,ORD_502372,USR_HFT_005,BTC,BUY,7632838.012,0.0094,35.8743,0.0,2026-09-23 01:47:46.000000
TRD_802483,ORD_502483,USR_HFT_005,BTC,BUY,7620450.49,0.0141,53.7242,0.0,2026-09-23 04:05:33.000000
TRD_802104,ORD_502104,USR_HFT_004,BTC,BUY,7620450.49,0.013,49.5329,0.0,2026-09-23 04:24:28.000000
TRD_801117,ORD_501117,USR_HFT_001,BTC,SELL,7630983.4515,0.0136,51.8907,0.0,2026-09-23 04:40:13.000000
TRD_802502,ORD_502502,USR_HFT_005,BTC,SELL,7630983.4515,0.0035,13.3542,0.0,2026-09-23 04:45:59.000000
TRD_802268,ORD_502268,USR_HFT_005,BTC,BUY,7627931.6685,0.0046,17.5442,0.0,2026-09-23 05:06:47.000000
TRD_802167,ORD_502167,USR_HFT_004,BTC,SELL,7630983.4515,0.0122,46.549,0.0,2026-09-23 05:20:18.000000
TRD_800571,ORD_500571,USR_SYS_004,BTC,SELL,7651471.05,0.0436,333.6041,0.0004,2026-09-23 05:30:00.000000
TRD_802147,ORD_502147,USR_HFT_004,BTC,BUY,7649940.7558,0.0045,17.2124,0.0,2026-09-23 05:33:38.000000
TRD_800508,ORD_500508,USR_SYS_003,BTC,BUY,7651471.05,0.0504,385.6341,0.0002,2026-09-23 05:45:00.000000
TRD_800991,ORD_500991,USR_HFT_001,BTC,SELL,7653001.3442,0.0041,15.6887,0.0,2026-09-23 05:47:44.000000
TRD_802490,ORD_502490,USR_HFT_005,BTC,BUY,7649940.7558,0.0048,18.3599,0.0,2026-09-23 05:51:58.000000
TRD_801867,ORD_501867,USR_HFT_004,BTC,SELL,7653001.3442,0.0112,42.8568,0.0,2026-09-23 05:54:13.000000
TRD_800058,ORD_500058,USR_RET_003,BTC,BUY,7658357.3739,0.0167,255.7891,0.0009,2026-09-23 06:07:00.000000
TRD_801987,ORD_501987,USR_HFT_004,BTC,BUY,7649940.7558,0.0136,52.0196,0.0,2026-09-23 06:28:39.000000
TRD_800143,ORD_500143,USR_RET_006,BTC,SELL,7632279.3825,0.0459,700.6432,0.0015,2026-09-23 06:54:00.000000
TRD_801488,ORD_501488,USR_HFT_002,BTC,SELL,7645273.749,0.0146,55.8105,0.0,2026-09-23 06:54:35.000000
TRD_802339,ORD_502339,USR_HFT_005,BTC,BUY,7642216.251,0.0067,25.6014,0.0,2026-09-23 07:12:36.000000
TRD_801686,ORD_501686,USR_HFT_003,BTC,SELL,7645273.749,0.0079,30.1988,0.0,2026-09-23 07:21:58.000000
TRD_800751,ORD_500751,USR_SYS_008,BTC,SELL,7659875.01,0.0518,396.7815,0.0004,2026-09-23 07:30:00.000000
TRD_802030,ORD_502030,USR_HFT_004,BTC,SELL,7661406.985,0.0113,43.2869,0.0,2026-09-23 07:52:29.000000
TRD_801732,ORD_501732,USR_HFT_003,BTC,BUY,7658343.035,0.0047,17.9971,0.0,2026-09-23 07:56:40.000000
TRD_801245,ORD_501245,USR_HFT_002,BTC,BUY,7658343.035,0.0126,48.2476,0.0,2026-09-23 08:06:57.000000
TRD_800853,ORD_500853,USR_SYS_010,BTC,SELL,7673327.895,0.0336,257.8238,0.0004,2026-09-23 08:30:00.000000
TRD_800637,ORD_500637,USR_SYS_005,BTC,SELL,7673327.895,0.0287,220.2245,0.0004,2026-09-23 08:30:00.000000
TRD_800322,ORD_500322,USR_RET_013,BTC,BUY,7677931.8917,0.0473,726.3324,0.0006,2026-09-23 08:53:00.000000
TRD_801538,ORD_501538,USR_HFT_002,BTC,SELL,7674862.5606,0.0049,18.8034,0.0,2026-09-23 09:02:54.000000
TRD_801926,ORD_501926,USR_HFT_004,BTC,SELL,7674862.5606,0.0047,18.0359,0.0,2026-09-23 09:03:42.000000
TRD_802064,ORD_502064,USR_HFT_004,BTC,BUY,7712732.22,0.0062,23.9095,0.0,2026-09-23 10:18:15.000000
TRD_801877,ORD_501877,USR_HFT_004,BTC,BUY,7712732.22,0.0048,18.5106,0.0,2026-09-23 10:19:11.000000
TRD_800694,ORD_500694,USR_SYS_007,BTC,BUY,7654896.885,0.043,329.1606,0.0002,2026-09-23 10:45:00.000000
TRD_802153,ORD_502153,USR_HFT_004,BTC,SELL,7656427.8644,0.0038,14.5472,0.0,2026-09-23 11:19:23.000000
TRD_801092,ORD_501092,USR_HFT_001,BTC,SELL,7654095.423,0.0034,13.012,0.0,2026-09-23 11:52:24.000000
TRD_802180,ORD_502180,USR_HFT_005,BTC,SELL,7654095.423,0.011,42.0975,0.0,2026-09-23 12:09:20.000000
TRD_801823,ORD_501823,USR_HFT_004,BTC,BUY,7651034.397,0.0114,43.6109,0.0,2026-09-23 12:18:21.000000
TRD_800566,ORD_500566,USR_SYS_004,BTC,BUY,7622042.145,0.054,411.5903,0.0002,2026-09-23 12:45:00.000000
TRD_800661,ORD_500661,USR_SYS_006,BTC,SELL,7602149.115,0.0237,180.1709,0.0004,2026-09-23 13:30:00.000000
TRD_800134,ORD_500134,USR_RET_006,BTC,SELL,7584664.172,0.0484,734.1955,0.0023,2026-09-23 13:47:00.000000
TRD_801747,ORD_501747,USR_HFT_003,BTC,SELL,7603669.5448,0.0078,29.6543,0.0,2026-09-23 14:06:15.000000
TRD_800377,ORD_500377,USR_RET_015,BTC,BUY,7624195.3474,0.0509,776.1431,0.0029,2026-09-23 14:07:00.000000
TRD_802340,ORD_502340,USR_HFT_005,BTC,SELL,7603669.5448,0.0131,49.804,0.0,2026-09-23 14:10:44.000000
TRD_801711,ORD_501711,USR_HFT_003,BTC,SELL,7603669.5448,0.0046,17.4884,0.0,2026-09-23 14:20:14.000000
TRD_801270,ORD_501270,USR_HFT_002,BTC,BUY,7596588.5834,0.0118,44.8199,0.0,2026-09-23 14:42:08.000000
TRD_801284,ORD_501284,USR_HFT_002,BTC,SELL,7599627.8266,0.0065,24.6988,0.0,2026-09-23 14:42:30.000000
TRD_802171,ORD_502171,USR_HFT_004,BTC,SELL,7599627.8266,0.0123,46.7377,0.0,2026-09-23 14:56:14.000000
TRD_801056,ORD_501056,USR_HFT_001,BTC,BUY,7596588.5834,0.0128,48.6182,0.0,2026-09-23 15:21:26.000000
TRD_800479,ORD_500479,USR_SYS_002,BTC,SELL,7604191.695,0.0307,233.4487,0.0004,2026-09-23 15:30:00.000000
TRD_800381,ORD_500381,USR_RET_015,BTC,BUY,7614077.1442,0.0541,823.8431,0.0013,2026-09-23 15:35:00.000000
TRD_802394,ORD_502394,USR_HFT_005,BTC,SELL,7605712.5333,0.0125,47.5357,0.0,2026-09-23 16:00:16.000000
TRD_800891,ORD_500891,USR_HFT_001,BTC,SELL,7605712.5333,0.0102,38.7891,0.0,2026-09-23 16:11:38.000000
TRD_802316,ORD_502316,USR_HFT_005,BTC,BUY,7602670.8567,0.0091,34.5922,0.0,2026-09-23 16:18:29.000000
TRD_801897,ORD_501897,USR_HFT_004,BTC,SELL,7605712.5333,0.0062,23.5777,0.0,2026-09-23 16:21:25.000000
TRD_802068,ORD_502068,USR_HFT_004,BTC,SELL,7581536.5791,0.0087,32.9797,0.0,2026-09-23 17:09:17.000000
TRD_800876,ORD_500876,USR_HFT_001,BTC,BUY,7578504.5709,0.0045,17.0516,0.0,2026-09-23 17:24:48.000000
TRD_802460,ORD_502460,USR_HFT_005,BTC,SELL,7569229.0781,0.0056,21.1938,0.0,2026-09-23 17:57:42.000000
TRD_800304,ORD_500304,USR_RET_012,BTC,BUY,7584364.5092,0.0256,388.3195,0.0022,2026-09-23 18:19:00.000000
TRD_800746,ORD_500746,USR_SYS_008,BTC,BUY,7592592.885,0.0232,176.1482,0.0002,2026-09-23 18:45:00.000000
TRD_800954,ORD_500954,USR_HFT_001,BTC,SELL,7594111.4036,0.0028,10.6318,0.0,2026-09-23 18:53:01.000000
TRD_800673,ORD_500673,USR_SYS_006,BTC,SELL,7481258.115,0.047,351.6191,0.0004,2026-09-23 19:30:00.000000
TRD_800639,ORD_500639,USR_SYS_005,BTC,SELL,7481258.115,0.0292,218.4527,0.0004,2026-09-23 19:30:00.000000
TRD_802427,ORD_502427,USR_HFT_005,BTC,BUY,7479761.8634,0.0101,37.7728,0.0,2026-09-23 19:56:36.000000
TRD_800990,ORD_500990,USR_HFT_001,BTC,BUY,7479761.8634,0.0047,17.5774,0.0,2026-09-23 20:08:27.000000
TRD_800551,ORD_500551,USR_SYS_004,BTC,SELL,7433646.885,0.0259,192.5315,0.0004,2026-09-23 20:30:00.000000
TRD_800791,ORD_500791,USR_SYS_009,BTC,SELL,7433646.885,0.0222,165.027,0.0004,2026-09-23 20:30:00.000000
TRD_801387,ORD_501387,USR_HFT_002,BTC,SELL,7435133.6144,0.0095,35.3169,0.0,2026-09-23 20:32:35.000000
TRD_801450,ORD_501450,USR_HFT_002,BTC,SELL,7435133.6144,0.007,26.023,0.0,2026-09-23 20:44:55.000000
TRD_802240,ORD_502240,USR_HFT_005,BTC,SELL,7435133.6144,0.0043,15.9855,0.0,2026-09-23 21:16:00.000000
TRD_802207,ORD_502207,USR_HFT_005,BTC,SELL,7438850.4726,0.0032,11.9022,0.0,2026-09-23 21:58:40.000000
TRD_802290,ORD_502290,USR_HFT_005,BTC,SELL,7438850.4726,0.0134,49.8403,0.0,2026-09-23 22:09:59.000000
TRD_801476,ORD_501476,USR_HFT_002,BTC,SELL,7464393.1401,0.0148,55.2365,0.0,2026-09-23 22:30:41.000000
TRD_800492,ORD_500492,USR_SYS_003,BTC,BUY,7462900.56,0.033,246.2757,0.0002,2026-09-23 22:45:00.000000
TRD_802079,ORD_502079,USR_HFT_004,BTC,SELL,7464393.1401,0.004,14.9288,0.0,2026-09-23 22:45:39.000000
TRD_802113,ORD_502113,USR_HFT_004,BTC,SELL,7464393.1401,0.0087,32.4701,0.0,2026-09-23 23:14:48.000000
TRD_802462,ORD_502462,USR_HFT_005,BTC,SELL,7464393.1401,0.0065,24.2593,0.0,2026-09-23 23:26:19.000000
TRD_800008,ORD_500008,USR_RET_001,BTC,SELL,7449024.9105,0.0233,347.1246,0.0019,2026-09-23 23:40:00.000000
TRD_801005,ORD_501005,USR_HFT_001,BTC,BUY,7461712.359,0.0137,51.1127,0.0,2026-09-23 23:42:34.000000
TRD_801225,ORD_501225,USR_HFT_001,BTC,BUY,7461712.359,0.012,44.7703,0.0,2026-09-23 23:57:35.000000
TRD_800831,ORD_500831,USR_SYS_010,BTC,SELL,7479843.0,0.053,396.4317,0.0004,2026-09-24 00:30:00.000000
TRD_801833,ORD_501833,USR_HFT_004,BTC,BUY,7478347.0314,0.0023,8.6001,0.0,2026-09-24 00:32:28.000000
TRD_801032,ORD_501032,USR_HFT_001,BTC,BUY,7478347.0314,0.0078,29.1656,0.0,2026-09-24 00:39:16.000000
TRD_800291,ORD_500291,USR_RET_012,BTC,SELL,7464883.314,0.0092,137.3539,0.002,2026-09-24 00:49:00.000000
TRD_801805,ORD_501805,USR_HFT_003,BTC,BUY,7478347.0314,0.0022,8.2262,0.0,2026-09-24 00:49:28.000000
TRD_801495,ORD_501495,USR_HFT_002,BTC,BUY,7478347.0314,0.009,33.6526,0.0,2026-09-24 00:56:55.000000
TRD_800085,ORD_500085,USR_RET_004,BTC,SELL,7474607.1099,0.0066,98.6648,0.0007,2026-09-24 01:01:00.000000
TRD_801365,ORD_501365,USR_HFT_002,BTC,BUY,7478347.0314,0.0029,10.8436,0.0,2026-09-24 01:18:56.000000
TRD_802373,ORD_502373,USR_HFT_005,BTC,SELL,7456099.0316,0.0058,21.6227,0.0,2026-09-24 01:38:12.000000
TRD_802363,ORD_502363,USR_HFT_005,BTC,SELL,7456099.0316,0.0145,54.0567,0.0,2026-09-24 01:52:53.000000
TRD_801685,ORD_501685,USR_HFT_003,BTC,SELL,7456099.0316,0.0108,40.2629,0.0,2026-09-24 02:02:01.000000
TRD_801366,ORD_501366,USR_HFT_002,BTC,BUY,7453117.1884,0.0025,9.3164,0.0,2026-09-24 02:17:19.000000
TRD_801417,ORD_501417,USR_HFT_002,BTC,BUY,7469629.7552,0.0066,24.6498,0.0,2026-09-24 02:38:00.000000
TRD_801430,ORD_501430,USR_HFT_002,BTC,SELL,7472618.2048,0.0081,30.2641,0.0,2026-09-24 02:50:01.000000
TRD_801097,ORD_501097,USR_HFT_001,BTC,BUY,7469629.7552,0.0053,19.7945,0.0,2026-09-24 02:53:12.000000
TRD_800553,ORD_500553,USR_SYS_004,BTC,SELL,7483826.385,0.0499,373.4429,0.0004,2026-09-24 03:30:00.000000
TRD_800606,ORD_500606,USR_SYS_005,BTC,BUY,7483826.385,0.0572,428.0749,0.0002,2026-09-24 03:45:00.000000
TRD_800114,ORD_500114,USR_RET_005,BTC,SELL,7465116.819,0.0259,386.6931,0.0025,2026-09-24 03:51:00.000000
TRD_801850,ORD_501850,USR_HFT_004,BTC,SELL,7470681.4375,0.0122,45.5712,0.0,2026-09-24 04:39:16.000000
TRD_800958,ORD_500958,USR_HFT_001,BTC,SELL,7470681.4375,0.0086,32.1239,0.0,2026-09-24 04:49:24.000000
TRD_802212,ORD_502212,USR_HFT_005,BTC,BUY,7467693.7625,0.0123,45.9263,0.0,2026-09-24 05:12:55.000000
TRD_801310,ORD_501310,USR_HFT_002,BTC,BUY,7460650.5714,0.0125,46.6291,0.0,2026-09-24 05:54:26.000000
TRD_800665,ORD_500665,USR_SYS_006,BTC,SELL,7443234.975,0.0545,405.6563,0.0004,2026-09-24 06:30:00.000000
TRD_802185,ORD_502185,USR_HFT_005,BTC,BUY,7441746.328,0.012,44.6505,0.0,2026-09-24 06:38:33.000000
TRD_802248,ORD_502248,USR_HFT_005,BTC,BUY,7441746.328,0.0039,14.5114,0.0,2026-09-24 06:59:40.000000
TRD_800187,ORD_500187,USR_RET_008,BTC,BUY,7451422.5335,0.0256,381.5128,0.0011,2026-09-24 07:14:00.000000
TRD_800625,ORD_500625,USR_SYS_005,BTC,SELL,7466350.29,0.0278,207.5645,0.0004,2026-09-24 07:30:00.000000
TRD_800800,ORD_500800,USR_SYS_009,BTC,BUY,7466350.29,0.052,388.2502,0.0002,2026-09-24 07:45:00.000000
TRD_802381,ORD_502381,USR_HFT_005,BTC,BUY,7464857.0199,0.0042,15.6762,0.0,2026-09-24 07:47:07.000000
TRD_800095,ORD_500095,USR_RET_005,BTC,SELL,7455897.3996,0.0379,565.157,0.0014,2026-09-24 07:50:00.000000
TRD_802070,ORD_502070,USR_HFT_004,BTC,BUY,7464857.0199,0.0096,35.8313,0.0,2026-09-24 08:07:44.000000
TRD_801102,ORD_501102,USR_HFT_001,BTC,SELL,7467843.5601,0.0096,35.8456,0.0,2026-09-24 08:18:53.000000
TRD_801142,ORD_501142,USR_HFT_001,BTC,BUY,7426674.253,0.0095,35.2767,0.0,2026-09-24 08:42:31.000000
TRD_801154,ORD_501154,USR_HFT_001,BTC,BUY,7426674.253,0.0032,11.8827,0.0,2026-09-24 09:26:52.000000
TRD_802059,ORD_502059,USR_HFT_004,BTC,SELL,7439558.6142,0.0122,45.3813,0.0,2026-09-24 10:11:57.000000
TRD_800977,ORD_500977,USR_HFT_001,BTC,BUY,7436583.3858,0.0145,53.9152,0.0,2026-09-24 10:22:15.000000
TRD_801724,ORD_501724,USR_HFT_003,BTC,BUY,7430568.359,0.0071,26.3785,0.0,2026-09-24 10:41:58.000000
TRD_801493,ORD_501493,USR_HFT_002,BTC,BUY,7430568.359,0.0022,8.1736,0.0,2026-09-24 11:00:01.000000
TRD_802511,ORD_502511,USR_HFT_005,BTC,SELL,7433541.181,0.0044,16.3538,0.0,2026-09-24 11:04:06.000000
TRD_801942,ORD_501942,USR_HFT_004,BTC,SELL,7433541.181,0.0083,30.8492,0.0,2026-09-24 11:16:07.000000
TRD_802231,ORD_502231,USR_HFT_005,BTC,SELL,7433541.181,0.0042,15.6104,0.0,2026-09-24 11:22:32.000000
TRD_801423,ORD_501423,USR_HFT_002,BTC,SELL,7433541.181,0.0058,21.5573,0.0,2026-09-24 11:29:09.000000
TRD_800688,ORD_500688,USR_SYS_007,BTC,BUY,7444088.115,0.0326,242.6773,0.0002,2026-09-24 11:45:00.000000
TRD_800229,ORD_500229,USR_RET_009,BTC,SELL,7427711.1211,0.0218,323.8482,0.0022,2026-09-24 12:00:00.000000
TRD_800888,ORD_500888,USR_HFT_001,BTC,SELL,7481871.8452,0.004,14.9637,0.0,2026-09-24 12:33:57.000000
TRD_801759,ORD_501759,USR_HFT_003,BTC,SELL,7481871.8452,0.0082,30.6757,0.0,2026-09-24 12:41:44.000000
TRD_800922,ORD_500922,USR_HFT_001,BTC,SELL,7481871.8452,0.0025,9.3523,0.0,2026-09-24 12:55:46.000000
TRD_802300,ORD_502300,USR_HFT_005,BTC,BUY,7478879.6948,0.0026,9.7225,0.0,2026-09-24 13:02:17.000000
TRD_802309,ORD_502309,USR_HFT_005,BTC,SELL,7481871.8452,0.011,41.1503,0.0,2026-09-24 13:03:24.000000
TRD_801020,ORD_501020,USR_HFT_001,BTC,BUY,7478879.6948,0.0052,19.4451,0.0,2026-09-24 13:17:56.000000
TRD_801893,ORD_501893,USR_HFT_004,BTC,SELL,7405390.782,0.0127,47.0242,0.0,2026-09-24 13:36:06.000000
TRD_800732,ORD_500732,USR_SYS_008,BTC,BUY,7403910.0,0.0564,417.5805,0.0002,2026-09-24 13:45:00.000000
TRD_801133,ORD_501133,USR_HFT_001,BTC,BUY,7402429.218,0.0121,44.7847,0.0,2026-09-24 13:56:20.000000
TRD_800024,ORD_500024,USR_RET_001,BTC,BUY,7423160.166,0.1523,2261.0946,0.0026,2026-09-24 14:03:00.000000
TRD_801787,ORD_501787,USR_HFT_003,BTC,BUY,7402429.218,0.0082,30.35,0.0,2026-09-24 14:05:15.000000
TRD_802428,ORD_502428,USR_HFT_005,BTC,SELL,7405390.782,0.0066,24.4378,0.0,2026-09-24 14:13:13.000000
TRD_801573,ORD_501573,USR_HFT_003,BTC,SELL,7405390.782,0.0146,54.0594,0.0,2026-09-24 14:26:17.000000
TRD_801883,ORD_501883,USR_HFT_004,BTC,BUY,7367385.8031,0.0122,44.9411,0.0,2026-09-24 15:11:16.000000
TRD_800783,ORD_500783,USR_SYS_009,BTC,SELL,7390829.7,0.0389,287.5033,0.0004,2026-09-24 15:30:00.000000
TRD_801932,ORD_501932,USR_HFT_004,BTC,BUY,7389351.5341,0.0093,34.3605,0.0,2026-09-24 16:00:25.000000
TRD_800771,ORD_500771,USR_SYS_008,BTC,SELL,7389270.33,0.0591,436.7059,0.0004,2026-09-24 16:30:00.000000
TRD_800798,ORD_500798,USR_SYS_009,BTC,BUY,7389270.33,0.0312,230.5452,0.0002,2026-09-24 16:45:00.000000
TRD_802404,ORD_502404,USR_HFT_005,BTC,SELL,7390748.1841,0.0022,8.1298,0.0,2026-09-24 16:59:54.000000
TRD_801456,ORD_501456,USR_HFT_002,BTC,SELL,7390748.1841,0.0114,42.1273,0.0,2026-09-24 17:06:28.000000
TRD_800618,ORD_500618,USR_SYS_005,BTC,BUY,7398977.01,0.0365,270.0627,0.0002,2026-09-24 17:45:00.000000
TRD_800269,ORD_500269,USR_RET_011,BTC,SELL,7389358.3399,0.0112,165.5216,0.0013,2026-09-24 18:23:00.000000
TRD_802298,ORD_502298,USR_HFT_005,BTC,SELL,7458362.4292,0.0112,41.7668,0.0,2026-09-24 18:37:13.000000
TRD_800332,ORD_500332,USR_RET_013,BTC,SELL,7447177.1226,0.0079,117.6654,0.0013,2026-09-24 18:49:00.000000
TRD_801414,ORD_501414,USR_HFT_002,BTC,BUY,7403647.6193,0.0024,8.8844,0.0,2026-09-24 19:44:21.000000
TRD_800434,ORD_500434,USR_SYS_001,BTC,BUY,7405128.645,0.0335,248.0718,0.0002,2026-09-24 19:45:00.000000
TRD_801703,ORD_501703,USR_HFT_003,BTC,SELL,7406609.6707,0.0116,42.9583,0.0,2026-09-24 19:55:35.000000
TRD_801389,ORD_501389,USR_HFT_002,BTC,BUY,7403647.6193,0.0029,10.7353,0.0,2026-09-24 20:02:42.000000
TRD_802027,ORD_502027,USR_HFT_004,BTC,SELL,7406609.6707,0.0105,38.8847,0.0,2026-09-24 20:15:29.000000
TRD_802417,ORD_502417,USR_HFT_005,BTC,BUY,7469498.8014,0.0096,35.8536,0.0,2026-09-24 20:37:05.000000
TRD_800112,ORD_500112,USR_RET_005,BTC,SELL,7444844.5245,0.0145,215.9005,0.0035,2026-09-24 20:39:00.000000
TRD_801151,ORD_501151,USR_HFT_001,BTC,SELL,7472487.1986,0.0108,40.3514,0.0,2026-09-24 20:44:50.000000
TRD_800509,ORD_500509,USR_SYS_003,BTC,SELL,7478279.205,0.0504,376.9053,0.0004,2026-09-24 21:30:00.000000
TRD_800596,ORD_500596,USR_SYS_005,BTC,BUY,7478279.205,0.0332,248.2789,0.0002,2026-09-24 21:45:00.000000
TRD_800996,ORD_500996,USR_HFT_001,BTC,SELL,7479774.8608,0.0126,47.1226,0.0,2026-09-24 21:48:07.000000
TRD_800370,ORD_500370,USR_RET_015,BTC,BUY,7454900.6025,0.0101,150.589,0.0015,2026-09-24 22:43:00.000000
TRD_800382,ORD_500382,USR_RET_015,BTC,BUY,7467554.952,0.0657,981.2367,0.0032,2026-09-24 22:53:00.000000
TRD_801248,ORD_501248,USR_HFT_002,BTC,SELL,7445223.747,0.0142,52.8611,0.0,2026-09-24 23:27:06.000000
TRD_801542,ORD_501542,USR_HFT_002,BTC,SELL,7477622.1104,0.0099,37.0142,0.0,2026-09-25 00:20:52.000000
TRD_801874,ORD_501874,USR_HFT_004,BTC,BUY,7469025.4211,0.0138,51.5363,0.0,2026-09-25 00:52:56.000000
TRD_802117,ORD_502117,USR_HFT_004,BTC,SELL,7472013.6289,0.011,41.0961,0.0,2026-09-25 01:10:15.000000
TRD_801571,ORD_501571,USR_HFT_003,BTC,SELL,7472013.6289,0.0085,31.7561,0.0,2026-09-25 01:14:07.000000
TRD_801370,ORD_501370,USR_HFT_002,BTC,SELL,7468382.6329,0.0042,15.6836,0.0,2026-09-25 01:32:14.000000
TRD_802029,ORD_502029,USR_HFT_004,BTC,BUY,7465395.8771,0.008,29.8616,0.0,2026-09-25 02:16:22.000000
TRD_800695,ORD_500695,USR_SYS_007,BTC,SELL,7464975.0,0.043,320.9939,0.0004,2026-09-25 02:30:00.000000
TRD_802263,ORD_502263,USR_HFT_005,BTC,BUY,7463482.005,0.0126,47.0199,0.0,2026-09-25 02:38:56.000000
TRD_801928,ORD_501928,USR_HFT_004,BTC,BUY,7463482.005,0.0038,14.1806,0.0,2026-09-25 02:46:41.000000
TRD_801929,ORD_501929,USR_HFT_004,BTC,SELL,7463482.005,0.0038,14.1806,0.0,2026-09-25 02:46:43.579857
TRD_801653,ORD_501653,USR_HFT_003,BTC,SELL,7466467.995,0.0072,26.8793,0.0,2026-09-25 03:08:56.000000
TRD_801434,ORD_501434,USR_HFT_002,BTC,SELL,7460034.5286,0.0073,27.2291,0.0,2026-09-25 04:00:49.000000
TRD_800567,ORD_500567,USR_SYS_004,BTC,SELL,7470306.24,0.054,403.3965,0.0004,2026-09-25 04:30:00.000000
TRD_802259,ORD_502259,USR_HFT_005,BTC,SELL,7471800.3012,0.0068,25.4041,0.0,2026-09-25 04:39:26.000000
TRD_800354,ORD_500354,USR_RET_014,BTC,SELL,7456859.6888,0.0243,362.4034,0.0018,2026-09-25 04:59:00.000000
TRD_801930,ORD_501930,USR_HFT_004,BTC,SELL,7471800.3012,0.0087,32.5023,0.0,2026-09-25 05:04:11.000000
TRD_802419,ORD_502419,USR_HFT_005,BTC,BUY,7484718.6418,0.0045,16.8406,0.0,2026-09-25 06:01:52.000000
TRD_800484,ORD_500484,USR_SYS_002,BTC,BUY,7488049.605,0.03,224.6415,0.0002,2026-09-25 06:45:00.000000
TRD_802433,ORD_502433,USR_HFT_005,BTC,SELL,7489547.2149,0.01,37.4477,0.0,2026-09-25 06:47:36.000000
TRD_801533,ORD_501533,USR_HFT_002,BTC,BUY,7486551.9951,0.0092,34.4381,0.0,2026-09-25 06:59:08.000000
TRD_800895,ORD_500895,USR_HFT_001,BTC,BUY,7486551.9951,0.0126,47.1653,0.0,2026-09-25 07:16:21.000000
TRD_801240,ORD_501240,USR_HFT_002,BTC,BUY,7452524.357,0.0138,51.4224,0.0,2026-09-25 07:33:25.000000
TRD_801907,ORD_501907,USR_HFT_004,BTC,SELL,7455505.963,0.0144,53.6796,0.0,2026-09-25 07:55:37.000000
TRD_802408,ORD_502408,USR_HFT_005,BTC,BUY,7452524.357,0.0074,27.5743,0.0,2026-09-25 08:07:03.000000
TRD_801879,ORD_501879,USR_HFT_004,BTC,BUY,7452524.357,0.003,11.1788,0.0,2026-09-25 08:20:52.000000
TRD_801390,ORD_501390,USR_HFT_002,BTC,SELL,7455951.2071,0.0084,31.315,0.0,2026-09-25 08:30:25.000000
TRD_800909,ORD_500909,USR_HFT_001,BTC,BUY,7452969.4229,0.0141,52.5434,0.0,2026-09-25 08:32:34.000000
TRD_801106,ORD_501106,USR_HFT_001,BTC,SELL,7455951.2071,0.0042,15.6575,0.0,2026-09-25 08:39:20.000000
TRD_800514,ORD_500514,USR_SYS_003,BTC,BUY,7454460.315,0.0547,407.759,0.0002,2026-09-25 08:45:00.000000
TRD_801964,ORD_501964,USR_HFT_004,BTC,SELL,7455951.2071,0.0132,49.2093,0.0,2026-09-25 08:47:32.000000
TRD_802385,ORD_502385,USR_HFT_005,BTC,SELL,7455951.2071,0.014,52.1917,0.0,2026-09-25 09:01:25.000000
TRD_802344,ORD_502344,USR_HFT_005,BTC,BUY,7452969.4229,0.0096,35.7743,0.0,2026-09-25 09:07:40.000000
TRD_801219,ORD_501219,USR_HFT_001,BTC,BUY,7452969.4229,0.0118,43.9725,0.0,2026-09-25 09:09:05.000000
TRD_800149,ORD_500149,USR_RET_007,BTC,BUY,7461914.7753,0.0087,129.8373,0.001,2026-09-25 09:14:00.000000
TRD_800060,ORD_500060,USR_RET_003,BTC,BUY,7476078.2499,0.0197,294.5575,0.0029,2026-09-25 09:17:00.000000
TRD_802003,ORD_502003,USR_HFT_004,BTC,SELL,7453899.3668,0.0061,22.7344,0.0,2026-09-25 09:48:27.000000
TRD_801562,ORD_501562,USR_HFT_003,BTC,BUY,7450918.4032,0.0107,39.8624,0.0,2026-09-25 09:49:14.000000
TRD_801834,ORD_501834,USR_HFT_004,BTC,SELL,7453899.3668,0.0023,8.572,0.0,2026-09-25 10:06:34.000000
TRD_800747,ORD_500747,USR_SYS_008,BTC,SELL,7451169.885,0.0232,172.8671,0.0004,2026-09-25 10:30:00.000000
TRD_800402,ORD_500402,USR_SYS_001,BTC,BUY,7451169.885,0.0413,307.7333,0.0002,2026-09-25 10:45:00.000000
TRD_800109,ORD_500109,USR_RET_005,BTC,BUY,7457875.9379,0.0237,353.5033,0.0009,2026-09-25 10:49:00.000000
TRD_800101,ORD_500101,USR_RET_005,BTC,BUY,7457130.8209,0.0329,490.6792,0.0008,2026-09-25 11:04:00.000000
TRD_800289,ORD_500289,USR_RET_012,BTC,BUY,7456385.7039,0.0379,565.194,0.0007,2026-09-25 11:21:00.000000
TRD_800082,ORD_500082,USR_RET_004,BTC,BUY,7458010.1208,0.0071,105.9037,0.0028,2026-09-25 11:32:00.000000
TRD_800814,ORD_500814,USR_SYS_009,BTC,BUY,7437186.0,0.0517,384.5025,0.0002,2026-09-25 11:45:00.000000
TRD_800118,ORD_500118,USR_RET_005,BTC,SELL,7421567.9094,0.0063,93.5118,0.0021,2026-09-25 11:49:00.000000
TRD_802333,ORD_502333,USR_HFT_005,BTC,BUY,7435698.5628,0.0026,9.6664,0.0,2026-09-25 12:12:09.000000
TRD_801342,ORD_501342,USR_HFT_002,BTC,BUY,7436402.8819,0.005,18.591,0.0,2026-09-25 12:43:36.000000
TRD_802125,ORD_502125,USR_HFT_004,BTC,SELL,7472403.992,0.0051,19.0546,0.0,2026-09-25 13:38:47.000000
TRD_801235,ORD_501235,USR_HFT_002,BTC,BUY,7469415.628,0.0023,8.5898,0.0,2026-09-25 13:42:58.000000
TRD_802397,ORD_502397,USR_HFT_005,BTC,SELL,7472403.992,0.0133,49.6915,0.0,2026-09-25 13:50:29.000000
TRD_801226,ORD_501226,USR_HFT_001,BTC,BUY,7469415.628,0.0079,29.5042,0.0,2026-09-25 14:03:22.000000
TRD_800493,ORD_500493,USR_SYS_003,BTC,SELL,7484445.885,0.033,246.9867,0.0004,2026-09-25 14:30:00.000000
TRD_801683,ORD_501683,USR_HFT_003,BTC,SELL,7485942.7742,0.0074,27.698,0.0,2026-09-25 14:43:25.000000
TRD_800064,ORD_500064,USR_RET_003,BTC,SELL,7470225.4378,0.0099,147.9105,0.0019,2026-09-25 14:44:00.000000
TRD_802015,ORD_502015,USR_HFT_004,BTC,BUY,7482948.9958,0.0133,49.7616,0.0,2026-09-25 14:45:58.000000
TRD_801189,ORD_501189,USR_HFT_001,BTC,SELL,7485942.7742,0.0039,14.5976,0.0,2026-09-25 15:22:36.000000
TRD_800632,ORD_500632,USR_SYS_005,BTC,BUY,7497158.91,0.051,382.3551,0.0002,2026-09-25 15:45:00.000000
TRD_800378,ORD_500378,USR_RET_015,BTC,BUY,7517401.2391,0.0184,276.6404,0.0027,2026-09-25 16:03:00.000000
TRD_801748,ORD_501748,USR_HFT_003,BTC,SELL,7498658.3418,0.0079,29.6197,0.0,2026-09-25 16:06:59.000000
TRD_801140,ORD_501140,USR_HFT_001,BTC,SELL,7498658.3418,0.0046,17.2469,0.0,2026-09-25 16:19:37.000000
TRD_801007,ORD_501007,USR_HFT_001,BTC,BUY,7484066.5273,0.0078,29.1879,0.0,2026-09-25 17:01:17.000000
TRD_801786,ORD_501786,USR_HFT_003,BTC,SELL,7487060.7527,0.0023,8.6101,0.0,2026-09-25 17:05:41.000000
TRD_801444,ORD_501444,USR_HFT_002,BTC,SELL,7487060.7527,0.0117,43.7993,0.0,2026-09-25 17:13:30.000000
TRD_802367,ORD_502367,USR_HFT_005,BTC,BUY,7484066.5273,0.0098,36.6719,0.0,2026-09-25 17:21:31.000000
TRD_802526,ORD_502526,USR_HFT_005,BTC,SELL,7487060.7527,0.0115,43.0506,0.0,2026-09-25 17:25:37.000000
TRD_801351,ORD_501351,USR_HFT_002,BTC,BUY,7474259.1491,0.008,29.897,0.0,2026-09-25 17:59:39.000000
TRD_801257,ORD_501257,USR_HFT_002,BTC,BUY,7474259.1491,0.0083,31.0182,0.0,2026-09-25 18:13:56.000000
TRD_800634,ORD_500634,USR_SYS_005,BTC,BUY,7427248.335,0.0421,312.6872,0.0002,2026-09-25 18:45:00.000000
TRD_802527,ORD_502527,USR_HFT_005,BTC,SELL,7428733.7847,0.0103,38.258,0.0,2026-09-25 19:25:12.000000
TRD_802441,ORD_502441,USR_HFT_005,BTC,SELL,7428733.7847,0.0077,28.6006,0.0,2026-09-25 19:28:36.000000
TRD_800607,ORD_500607,USR_SYS_005,BTC,SELL,7435416.885,0.0572,425.3058,0.0004,2026-09-25 19:30:00.000000
TRD_802129,ORD_502129,USR_HFT_004,BTC,BUY,7433929.8016,0.0097,36.0546,0.0,2026-09-25 19:31:45.000000
TRD_800307,ORD_500307,USR_RET_012,BTC,BUY,7439878.1351,0.023,342.2344,0.0006,2026-09-25 19:36:00.000000
TRD_802155,ORD_502155,USR_HFT_004,BTC,SELL,7436903.9684,0.0069,25.6573,0.0,2026-09-25 20:21:50.000000
TRD_800766,ORD_500766,USR_SYS_008,BTC,BUY,7415946.885,0.0299,221.7368,0.0002,2026-09-25 20:45:00.000000
TRD_802133,ORD_502133,USR_HFT_004,BTC,SELL,7417430.0744,0.0037,13.7222,0.0,2026-09-25 20:45:24.000000
TRD_801934,ORD_501934,USR_HFT_004,BTC,BUY,7414463.6956,0.0146,54.1256,0.0,2026-09-25 20:55:14.000000
TRD_802400,ORD_502400,USR_HFT_005,BTC,SELL,7412668.7073,0.0038,14.0841,0.0,2026-09-25 21:31:06.000000
TRD_800107,ORD_500107,USR_RET_005,BTC,SELL,7403775.2835,0.085,1258.6418,0.001,2026-09-25 21:36:00.000000
TRD_801167,ORD_501167,USR_HFT_001,BTC,SELL,7412668.7073,0.0044,16.3079,0.0,2026-09-25 21:39:54.000000
TRD_800175,ORD_500175,USR_RET_007,BTC,BUY,7426008.8429,0.0753,1118.3569,0.002,2026-09-25 21:42:00.000000
TRD_801896,ORD_501896,USR_HFT_004,BTC,BUY,7409704.2327,0.0122,45.1992,0.0,2026-09-25 21:45:11.000000
TRD_800938,ORD_500938,USR_HFT_001,BTC,SELL,7412668.7073,0.0044,16.3079,0.0,2026-09-25 21:51:42.000000
TRD_801816,ORD_501816,USR_HFT_003,BTC,BUY,7409704.2327,0.0053,19.6357,0.0,2026-09-25 22:12:07.000000
TRD_800940,ORD_500940,USR_HFT_001,BTC,BUY,7409704.2327,0.0038,14.0784,0.0,2026-09-25 22:17:12.000000
TRD_800941,ORD_500941,USR_HFT_001,BTC,SELL,7409704.2327,0.0038,14.0784,0.0,2026-09-25 22:17:13.601187
TRD_801762,ORD_501762,USR_HFT_003,BTC,SELL,7412668.7073,0.0052,19.2729,0.0,2026-09-25 22:20:18.000000
TRD_801194,ORD_501194,USR_HFT_001,BTC,SELL,7412668.7073,0.0054,20.0142,0.0,2026-09-25 22:27:50.000000
TRD_801045,ORD_501045,USR_HFT_001,BTC,SELL,7416465.2314,0.0093,34.4866,0.0,2026-09-25 23:25:50.000000
TRD_800801,ORD_500801,USR_SYS_009,BTC,SELL,7431168.0,0.052,386.4207,0.0004,2026-09-25 23:30:00.000000
TRD_800157,ORD_500157,USR_RET_007,BTC,BUY,7693488.2304,0.0246,378.5196,0.0353,2026-09-25 23:32:00.000000
TRD_800161,ORD_500161,USR_RET_007,BTC,SELL,7412590.08,0.0321,475.8883,0.0025,2026-09-26 00:22:00.000000
TRD_801364,ORD_501364,USR_HFT_002,BTC,BUY,7434283.7308,0.0034,12.6383,0.0,2026-09-26 01:00:21.000000
TRD_801184,ORD_501184,USR_HFT_001,BTC,BUY,7434283.7308,0.0112,41.632,0.0,2026-09-26 01:17:58.000000
TRD_800712,ORD_500712,USR_SYS_007,BTC,BUY,7423911.0,0.0249,184.8554,0.0002,2026-09-26 01:45:00.000000
TRD_801496,ORD_501496,USR_HFT_002,BTC,BUY,7422426.2178,0.0051,18.9272,0.0,2026-09-26 02:15:19.000000
TRD_801088,ORD_501088,USR_HFT_001,BTC,SELL,7425395.7822,0.0023,8.5392,0.0,2026-09-26 02:22:36.000000
TRD_800644,ORD_500644,USR_SYS_006,BTC,BUY,7415592.0,0.0261,193.547,0.0002,2026-09-26 02:45:00.000000
TRD_802454,ORD_502454,USR_HFT_005,BTC,SELL,7417075.1184,0.0149,55.2572,0.0,2026-09-26 03:02:19.000000
TRD_801163,ORD_501163,USR_HFT_001,BTC,SELL,7417075.1184,0.0044,16.3176,0.0,2026-09-26 03:10:28.000000
TRD_800689,ORD_500689,USR_SYS_007,BTC,SELL,7441349.925,0.0326,242.588,0.0004,2026-09-26 03:30:00.000000
TRD_801629,ORD_501629,USR_HFT_003,BTC,BUY,7439861.655,0.0043,15.9957,0.0,2026-09-26 03:31:47.000000
TRD_800544,ORD_500544,USR_SYS_004,BTC,BUY,7441349.925,0.0386,287.2361,0.0002,2026-09-26 03:45:00.000000
TRD_802450,ORD_502450,USR_HFT_005,BTC,BUY,7439861.655,0.0135,50.2191,0.0,2026-09-26 03:49:47.000000
TRD_801454,ORD_501454,USR_HFT_002,BTC,BUY,7439861.655,0.01,37.1993,0.0,2026-09-26 04:16:14.000000
TRD_800995,ORD_500995,USR_HFT_001,BTC,SELL,7444337.6848,0.0073,27.1718,0.0,2026-09-26 05:27:07.000000
TRD_800733,ORD_500733,USR_SYS_008,BTC,SELL,7426035.885,0.0564,418.8284,0.0004,2026-09-26 05:30:00.000000
TRD_801781,ORD_501781,USR_HFT_003,BTC,SELL,7427521.0922,0.0103,38.2517,0.0,2026-09-26 05:30:30.000000
TRD_802376,ORD_502376,USR_HFT_005,BTC,BUY,7424550.6778,0.0104,38.6077,0.0,2026-09-26 05:43:54.000000
TRD_802320,ORD_502320,USR_HFT_005,BTC,BUY,7439296.2531,0.0134,49.8433,0.0,2026-09-26 06:50:50.000000
TRD_802236,ORD_502236,USR_HFT_005,BTC,SELL,7442272.5669,0.0097,36.095,0.0,2026-09-26 07:02:40.000000
TRD_800886,ORD_500886,USR_HFT_001,BTC,BUY,7433398.023,0.0047,17.4685,0.0,2026-09-26 07:52:55.000000
TRD_801359,ORD_501359,USR_HFT_002,BTC,SELL,7436371.977,0.0138,51.311,0.0,2026-09-26 08:11:14.000000
TRD_800799,ORD_500799,USR_SYS_009,BTC,SELL,7428601.5,0.0312,231.7724,0.0004,2026-09-26 08:30:00.000000
TRD_800078,ORD_500078,USR_RET_004,BTC,SELL,7415972.8774,0.0767,1137.6102,0.0017,2026-09-26 08:34:00.000000
TRD_801637,ORD_501637,USR_HFT_003,BTC,BUY,7427115.7797,0.0112,41.5918,0.0,2026-09-26 08:34:16.000000
TRD_800921,ORD_500921,USR_HFT_001,BTC,SELL,7430087.2203,0.01,37.1504,0.0,2026-09-26 08:40:16.000000
TRD_802506,ORD_502506,USR_HFT_005,BTC,SELL,7430087.2203,0.0035,13.0027,0.0,2026-09-26 08:43:24.000000
TRD_800706,ORD_500706,USR_SYS_007,BTC,BUY,7428601.5,0.0388,288.2297,0.0002,2026-09-26 08:45:00.000000
TRD_800362,ORD_500362,USR_RET_014,BTC,BUY,7450887.3045,0.0064,95.3714,0.003,2026-09-26 09:20:00.000000
TRD_801720,ORD_501720,USR_HFT_003,BTC,BUY,7427115.7797,0.0038,14.1115,0.0,2026-09-26 09:27:13.000000
TRD_800619,ORD_500619,USR_SYS_005,BTC,SELL,7431876.0,0.0365,271.2635,0.0004,2026-09-26 09:30:00.000000
TRD_800654,ORD_500654,USR_SYS_006,BTC,BUY,7431876.0,0.0282,209.5789,0.0002,2026-09-26 09:45:00.000000
TRD_801859,ORD_501859,USR_HFT_004,BTC,BUY,7430389.6248,0.011,40.8671,0.0,2026-09-26 09:45:28.000000
TRD_800033,ORD_500033,USR_RET_002,BTC,SELL,7418498.6232,0.0571,847.1925,0.0018,2026-09-26 09:48:00.000000
TRD_800115,ORD_500115,USR_RET_005,BTC,BUY,7436335.1256,0.0139,206.7301,0.0006,2026-09-26 10:01:00.000000
TRD_800032,ORD_500032,USR_RET_002,BTC,SELL,7417012.248,0.0142,210.6431,0.002,2026-09-26 10:16:00.000000
TRD_800816,ORD_500816,USR_SYS_009,BTC,BUY,7426892.565,0.0378,280.7365,0.0002,2026-09-26 10:45:00.000000
TRD_800435,ORD_500435,USR_SYS_001,BTC,SELL,7424372.97,0.0335,248.7165,0.0004,2026-09-26 11:30:00.000000
TRD_801632,ORD_501632,USR_HFT_003,BTC,BUY,7422888.0954,0.0067,24.8667,0.0,2026-09-26 11:48:50.000000
TRD_801539,ORD_501539,USR_HFT_002,BTC,BUY,7422888.0954,0.0026,9.6498,0.0,2026-09-26 12:05:37.000000
TRD_800324,ORD_500324,USR_RET_013,BTC,BUY,7428827.5938,0.0116,172.3488,0.0006,2026-09-26 12:18:00.000000
TRD_800926,ORD_500926,USR_HFT_001,BTC,SELL,7445825.6674,0.0023,8.5627,0.0,2026-09-26 12:31:24.000000
TRD_800736,ORD_500736,USR_SYS_008,BTC,BUY,7444336.8,0.0517,384.8722,0.0002,2026-09-26 12:45:00.000000
TRD_801156,ORD_501156,USR_HFT_001,BTC,SELL,7445825.6674,0.0041,15.2639,0.0,2026-09-26 13:13:02.000000
TRD_800597,ORD_500597,USR_SYS_005,BTC,SELL,7453470.885,0.0332,247.4552,0.0004,2026-09-26 13:30:00.000000
TRD_800309,ORD_500309,USR_RET_012,BTC,SELL,7434837.2078,0.0579,860.9541,0.0025,2026-09-26 13:34:00.000000
TRD_800756,ORD_500756,USR_SYS_008,BTC,BUY,7453470.885,0.0556,414.413,0.0002,2026-09-26 13:45:00.000000
TRD_802243,ORD_502243,USR_HFT_005,BTC,SELL,7454961.5792,0.0083,30.9381,0.0,2026-09-26 13:48:07.000000
TRD_801840,ORD_501840,USR_HFT_004,BTC,SELL,7454961.5792,0.0087,32.4291,0.0,2026-09-26 14:07:04.000000
TRD_801927,ORD_501927,USR_HFT_004,BTC,BUY,7434455.3865,0.0061,22.6751,0.0,2026-09-26 14:33:15.000000
TRD_800460,ORD_500460,USR_SYS_002,BTC,BUY,7435942.575,0.0423,314.5404,0.0002,2026-09-26 14:45:00.000000
TRD_801655,ORD_501655,USR_HFT_003,BTC,SELL,7437429.7635,0.0076,28.2622,0.0,2026-09-26 14:50:46.000000
TRD_800075,ORD_500075,USR_RET_004,BTC,BUY,7456763.2142,0.015,223.7029,0.0028,2026-09-26 14:54:00.000000
TRD_802250,ORD_502250,USR_HFT_005,BTC,SELL,7437429.7635,0.015,55.7807,0.0,2026-09-26 15:07:45.000000
TRD_801510,ORD_501510,USR_HFT_002,BTC,SELL,7437429.7635,0.0048,17.8498,0.0,2026-09-26 15:23:27.000000
TRD_801452,ORD_501452,USR_HFT_002,BTC,BUY,7434455.3865,0.0031,11.5234,0.0,2026-09-26 15:24:13.000000
TRD_801231,ORD_501231,USR_HFT_002,BTC,BUY,7434455.3865,0.0068,25.2771,0.0,2026-09-26 15:25:29.000000
TRD_800070,ORD_500070,USR_RET_004,BTC,BUY,7455137.866,0.006,89.4617,0.0007,2026-09-26 15:54:00.000000
TRD_801461,ORD_501461,USR_HFT_002,BTC,SELL,7451412.9046,0.0125,46.5713,0.0,2026-09-26 16:04:38.000000
TRD_801801,ORD_501801,USR_HFT_003,BTC,BUY,7448432.9354,0.0125,46.5527,0.0,2026-09-26 16:05:46.000000
TRD_800110,ORD_500110,USR_RET_005,BTC,SELL,7442472.9971,0.0103,153.3149,0.001,2026-09-26 16:11:00.000000
TRD_800302,ORD_500302,USR_RET_012,BTC,BUY,7471527.6965,0.0099,147.9362,0.0029,2026-09-26 16:12:00.000000
TRD_801407,ORD_501407,USR_HFT_002,BTC,BUY,7448086.0848,0.0126,46.9229,0.0,2026-09-26 16:39:21.000000
TRD_800141,ORD_500141,USR_RET_006,BTC,BUY,7465220.1096,0.0091,135.867,0.0021,2026-09-26 16:41:00.000000
TRD_801993,ORD_501993,USR_HFT_004,BTC,SELL,7451065.9152,0.0081,30.1768,0.0,2026-09-26 16:49:24.000000
TRD_801124,ORD_501124,USR_HFT_001,BTC,BUY,7448086.0848,0.0128,47.6678,0.0,2026-09-26 17:15:58.000000
TRD_802412,ORD_502412,USR_HFT_005,BTC,BUY,7448086.0848,0.0114,42.4541,0.0,2026-09-26 17:22:26.000000
TRD_800015,ORD_500015,USR_RET_001,BTC,BUY,7463140.5074,0.0117,174.6375,0.0033,2026-09-26 17:58:00.000000
TRD_802303,ORD_502303,USR_HFT_005,BTC,SELL,7440080.8686,0.0044,16.3682,0.0,2026-09-26 18:21:44.000000
TRD_800826,ORD_500826,USR_SYS_010,BTC,BUY,7428610.35,0.0461,342.4589,0.0002,2026-09-26 18:45:00.000000
TRD_801635,ORD_501635,USR_HFT_003,BTC,BUY,7427124.6279,0.0103,38.2497,0.0,2026-09-26 18:47:53.000000
TRD_801586,ORD_501586,USR_HFT_003,BTC,BUY,7427124.6279,0.0046,17.0824,0.0,2026-09-26 18:53:11.000000
TRD_802205,ORD_502205,USR_HFT_005,BTC,BUY,7434282.846,0.0092,34.1977,0.0,2026-09-26 20:08:30.000000
TRD_802393,ORD_502393,USR_HFT_005,BTC,SELL,7437257.154,0.0068,25.2867,0.0,2026-09-26 20:12:41.000000
TRD_801465,ORD_501465,USR_HFT_002,BTC,SELL,7437257.154,0.0076,28.2616,0.0,2026-09-26 20:23:09.000000
TRD_801768,ORD_501768,USR_HFT_003,BTC,SELL,7449294.676,0.002,7.4493,0.0,2026-09-26 20:51:36.000000
TRD_801368,ORD_501368,USR_HFT_002,BTC,BUY,7446315.554,0.0073,27.1791,0.0,2026-09-26 21:19:46.000000
TRD_800532,ORD_500532,USR_SYS_003,BTC,BUY,7444620.0,0.0207,154.1036,0.0002,2026-09-26 21:45:00.000000
TRD_800336,ORD_500336,USR_RET_013,BTC,BUY,7468442.784,0.0099,147.8752,0.0032,2026-09-26 21:59:00.000000
TRD_800007,ORD_500007,USR_RET_001,BTC,SELL,7430475.222,0.0609,905.0319,0.0019,2026-09-26 22:17:00.000000
TRD_802336,ORD_502336,USR_HFT_005,BTC,SELL,7446108.924,0.0047,17.4984,0.0,2026-09-26 22:27:17.000000
TRD_800485,ORD_500485,USR_SYS_002,BTC,SELL,7445717.4,0.03,223.3715,0.0004,2026-09-26 22:30:00.000000
TRD_800320,ORD_500320,USR_RET_013,BTC,SELL,7057050.9517,0.1067,1505.9747,0.0522,2026-09-26 22:42:00.000000
TRD_800590,ORD_500590,USR_SYS_004,BTC,BUY,7445717.4,0.043,320.1658,0.0002,2026-09-26 22:45:00.000000
TRD_801663,ORD_501663,USR_HFT_003,BTC,BUY,7444228.2565,0.0024,8.9331,0.0,2026-09-26 23:26:51.000000
TRD_801289,ORD_501289,USR_HFT_002,BTC,SELL,7435369.9566,0.0075,27.8826,0.0,2026-09-26 23:45:06.000000
TRD_802177,ORD_502177,USR_HFT_004,BTC,SELL,7435369.9566,0.0107,39.7792,0.0,2026-09-26 23:57:11.000000
TRD_800515,ORD_500515,USR_SYS_003,BTC,SELL,7435471.755,0.0547,406.7203,0.0004,2026-09-27 00:30:00.000000
TRD_800356,ORD_500356,USR_RET_014,BTC,BUY,7459265.2646,0.0818,1220.3358,0.0032,2026-09-27 00:42:00.000000
TRD_800875,ORD_500875,USR_HFT_001,BTC,SELL,7436958.8494,0.0142,52.8024,0.0,2026-09-27 01:13:42.000000
TRD_802495,ORD_502495,USR_HFT_005,BTC,BUY,7433984.6606,0.0047,17.4699,0.0,2026-09-27 01:23:01.000000
TRD_802355,ORD_502355,USR_HFT_005,BTC,BUY,7435197.753,0.0047,17.4727,0.0,2026-09-27 01:41:31.000000
TRD_801623,ORD_501623,USR_HFT_003,BTC,SELL,7438172.427,0.0128,47.6043,0.0,2026-09-27 01:52:16.000000
TRD_800403,ORD_500403,USR_SYS_001,BTC,SELL,7448049.375,0.0413,307.6044,0.0004,2026-09-27 02:30:00.000000
TRD_800815,ORD_500815,USR_SYS_009,BTC,SELL,7458426.885,0.0517,385.6007,0.0004,2026-09-27 03:30:00.000000
TRD_800937,ORD_500937,USR_HFT_001,BTC,BUY,7456935.1996,0.0126,46.9787,0.0,2026-09-27 03:54:25.000000
TRD_800480,ORD_500480,USR_SYS_002,BTC,BUY,7472329.35,0.048,358.6718,0.0002,2026-09-27 04:45:00.000000
TRD_802386,ORD_502386,USR_HFT_005,BTC,BUY,7470834.8841,0.0106,39.5954,0.0,2026-09-27 05:17:06.000000
TRD_800266,ORD_500266,USR_RET_011,BTC,BUY,7465558.5341,0.0079,117.9558,0.0006,2026-09-27 05:31:00.000000
TRD_801961,ORD_501961,USR_HFT_004,BTC,SELL,7462574.1014,0.0112,41.7904,0.0,2026-09-27 05:36:37.000000
TRD_800932,ORD_500932,USR_HFT_001,BTC,BUY,7459589.6686,0.0056,20.8869,0.0,2026-09-27 05:50:48.000000
TRD_802115,ORD_502115,USR_HFT_004,BTC,SELL,7462574.1014,0.005,18.6564,0.0,2026-09-27 06:19:47.000000
TRD_800333,ORD_500333,USR_RET_013,BTC,BUY,7485286.1934,0.071,1062.9106,0.001,2026-09-27 07:05:00.000000
TRD_802345,ORD_502345,USR_HFT_005,BTC,SELL,7479303.9467,0.0088,32.9089,0.0,2026-09-27 07:23:38.000000
TRD_800633,ORD_500633,USR_SYS_005,BTC,SELL,7473825.0,0.051,381.1651,0.0004,2026-09-27 07:30:00.000000
TRD_801064,ORD_501064,USR_HFT_001,BTC,SELL,7475319.765,0.0061,22.7997,0.0,2026-09-27 07:32:08.000000
TRD_801559,ORD_501559,USR_HFT_003,BTC,BUY,7472330.235,0.0053,19.8017,0.0,2026-09-27 07:35:31.000000
TRD_801372,ORD_501372,USR_HFT_002,BTC,BUY,7472330.235,0.0109,40.7242,0.0,2026-09-27 07:48:30.000000
TRD_800004,ORD_500004,USR_RET_001,BTC,BUY,7488772.65,0.0437,654.5187,0.002,2026-09-27 08:23:00.000000
TRD_802037,ORD_502037,USR_HFT_004,BTC,SELL,7471084.1931,0.0041,15.3157,0.0,2026-09-27 09:15:41.000000
TRD_802102,ORD_502102,USR_HFT_004,BTC,BUY,7461676.9661,0.0029,10.8194,0.0,2026-09-27 10:18:56.000000
TRD_800635,ORD_500635,USR_SYS_005,BTC,SELL,7476308.31,0.0421,314.7526,0.0004,2026-09-27 10:30:00.000000
TRD_802349,ORD_502349,USR_HFT_005,BTC,SELL,7477803.5717,0.0093,34.7718,0.0,2026-09-27 10:41:07.000000
TRD_801412,ORD_501412,USR_HFT_002,BTC,BUY,7474813.0483,0.0061,22.7982,0.0,2026-09-27 11:04:40.000000
TRD_802347,ORD_502347,USR_HFT_005,BTC,BUY,7474813.0483,0.0109,40.7377,0.0,2026-09-27 11:17:01.000000
TRD_801616,ORD_501616,USR_HFT_003,BTC,BUY,7474813.0483,0.003,11.2122,0.0,2026-09-27 11:18:41.000000
TRD_802474,ORD_502474,USR_HFT_005,BTC,SELL,7480780.4219,0.0082,30.6712,0.0,2026-09-27 11:42:22.000000
TRD_800836,ORD_500836,USR_SYS_010,BTC,BUY,7479284.565,0.0583,436.0423,0.0002,2026-09-27 11:45:00.000000
TRD_800906,ORD_500906,USR_HFT_001,BTC,BUY,7477788.7081,0.0075,28.0417,0.0,2026-09-27 12:23:52.000000
TRD_802481,ORD_502481,USR_HFT_005,BTC,SELL,7480780.4219,0.0056,20.9462,0.0,2026-09-27 12:29:05.000000
TRD_800767,ORD_500767,USR_SYS_008,BTC,SELL,7504003.5,0.0299,224.3697,0.0004,2026-09-27 12:30:00.000000
TRD_801233,ORD_501233,USR_HFT_002,BTC,SELL,7505504.3007,0.0092,34.5253,0.0,2026-09-27 12:41:26.000000
TRD_801563,ORD_501563,USR_HFT_003,BTC,SELL,7505504.3007,0.0139,52.1633,0.0,2026-09-27 12:45:50.000000
TRD_801537,ORD_501537,USR_HFT_002,BTC,SELL,7505504.3007,0.0118,44.2825,0.0,2026-09-27 13:08:50.000000
TRD_800210,ORD_500210,USR_RET_009,BTC,BUY,7521262.708,0.0058,87.2466,0.0023,2026-09-27 13:15:00.000000
TRD_802152,ORD_502152,USR_HFT_004,BTC,SELL,7506300.96,0.0098,36.7809,0.0,2026-09-27 13:39:05.000000
TRD_800850,ORD_500850,USR_SYS_010,BTC,BUY,7504800.0,0.0232,174.1114,0.0002,2026-09-27 13:45:00.000000
TRD_800970,ORD_500970,USR_HFT_001,BTC,BUY,7503299.04,0.004,15.0066,0.0,2026-09-27 13:54:25.000000
TRD_801665,ORD_501665,USR_HFT_003,BTC,SELL,7506300.96,0.0145,54.4207,0.0,2026-09-27 13:58:59.000000
TRD_801622,ORD_501622,USR_HFT_003,BTC,SELL,7506300.96,0.0125,46.9144,0.0,2026-09-27 14:15:49.000000
TRD_800600,ORD_500600,USR_SYS_005,BTC,BUY,7517544.885,0.0296,222.5193,0.0002,2026-09-27 14:45:00.000000
TRD_800726,ORD_500726,USR_SYS_008,BTC,BUY,7517544.885,0.0508,381.8913,0.0002,2026-09-27 14:45:00.000000
TRD_801410,ORD_501410,USR_HFT_002,BTC,SELL,7519048.394,0.0116,43.6105,0.0,2026-09-27 15:16:01.000000
TRD_800925,ORD_500925,USR_HFT_001,BTC,BUY,7510643.0709,0.0043,16.1479,0.0,2026-09-27 15:35:47.000000
TRD_800512,ORD_500512,USR_SYS_003,BTC,BUY,7512145.5,0.0536,402.651,0.0002,2026-09-27 15:45:00.000000
TRD_801664,ORD_501664,USR_HFT_003,BTC,SELL,7513647.9291,0.0129,48.463,0.0,2026-09-27 15:52:40.000000
TRD_800264,ORD_500264,USR_RET_011,BTC,BUY,7533930.7219,0.0338,509.2937,0.0029,2026-09-27 16:08:00.000000
TRD_802058,ORD_502058,USR_HFT_004,BTC,SELL,7513647.9291,0.006,22.5409,0.0,2026-09-27 16:09:01.000000
TRD_801050,ORD_501050,USR_HFT_001,BTC,BUY,7510643.0709,0.0134,50.3213,0.0,2026-09-27 16:14:57.000000
TRD_801380,ORD_501380,USR_HFT_002,BTC,BUY,7510643.0709,0.0093,34.9245,0.0,2026-09-27 16:19:22.000000
TRD_801067,ORD_501067,USR_HFT_001,BTC,BUY,7511970.3054,0.0099,37.1843,0.0,2026-09-27 16:34:43.000000
TRD_801615,ORD_501615,USR_HFT_003,BTC,SELL,7514975.6946,0.0045,16.9087,0.0,2026-09-27 17:28:54.000000
TRD_800713,ORD_500713,USR_SYS_007,BTC,SELL,7504977.885,0.0249,186.8739,0.0004,2026-09-27 17:30:00.000000
TRD_800678,ORD_500678,USR_SYS_006,BTC,BUY,7504977.885,0.0241,180.87,0.0002,2026-09-27 17:45:00.000000
TRD_801190,ORD_501190,USR_HFT_001,BTC,BUY,7503476.8894,0.0103,38.6429,0.0,2026-09-27 18:16:31.000000
TRD_800645,ORD_500645,USR_SYS_006,BTC,SELL,7525191.285,0.0261,196.4075,0.0004,2026-09-27 18:30:00.000000
TRD_800247,ORD_500247,USR_RET_010,BTC,SELL,7514656.0172,0.0244,366.7152,0.0014,2026-09-27 18:36:00.000000
TRD_802477,ORD_502477,USR_HFT_005,BTC,BUY,7523686.2467,0.0114,42.885,0.0,2026-09-27 18:48:53.000000
TRD_800545,ORD_500545,USR_SYS_004,BTC,SELL,7481614.77,0.0386,288.7903,0.0004,2026-09-27 19:30:00.000000
TRD_801955,ORD_501955,USR_HFT_004,BTC,SELL,7483111.093,0.0138,51.6335,0.0,2026-09-27 20:11:42.000000
TRD_801578,ORD_501578,USR_HFT_003,BTC,BUY,7480118.447,0.0089,33.2865,0.0,2026-09-27 20:18:37.000000
TRD_802109,ORD_502109,USR_HFT_004,BTC,BUY,7473513.2434,0.0126,47.0831,0.0,2026-09-27 20:37:40.000000
TRD_802213,ORD_502213,USR_HFT_005,BTC,BUY,7473513.2434,0.0091,34.0045,0.0,2026-09-27 20:56:46.000000
TRD_801058,ORD_501058,USR_HFT_001,BTC,SELL,7473195.3402,0.007,26.1562,0.0,2026-09-27 21:38:22.000000
TRD_800119,ORD_500119,USR_RET_005,BTC,BUY,7483655.7216,0.0599,896.542,0.0016,2026-09-27 21:47:00.000000
TRD_800027,ORD_500027,USR_RET_002,BTC,SELL,7470577.8819,0.0522,779.9283,0.0019,2026-09-27 22:32:00.000000
TRD_800542,ORD_500542,USR_SYS_004,BTC,BUY,7484799.0,0.0497,371.9945,0.0002,2026-09-27 22:45:00.000000
TRD_800173,ORD_500173,USR_RET_007,BTC,BUY,7531991.993,0.0064,96.4095,0.0034,2026-09-27 23:51:00.000000
TRD_802260,ORD_502260,USR_HFT_005,BTC,SELL,7507971.289,0.002,7.508,0.0,2026-09-28 00:17:36.000000
TRD_801527,ORD_501527,USR_HFT_002,BTC,SELL,7507971.289,0.0084,31.5335,0.0,2026-09-28 00:25:03.000000
TRD_802357,ORD_502357,USR_HFT_005,BTC,SELL,7507971.289,0.0093,34.9121,0.0,2026-09-28 00:28:38.000000
TRD_800707,ORD_500707,USR_SYS_007,BTC,SELL,7499136.885,0.0388,290.9665,0.0004,2026-09-28 00:30:00.000000
TRD_802425,ORD_502425,USR_HFT_005,BTC,SELL,7500636.7124,0.0026,9.7508,0.0,2026-09-28 00:32:26.000000
TRD_802072,ORD_502072,USR_HFT_004,BTC,SELL,7500636.7124,0.0095,35.628,0.0,2026-09-28 01:20:13.000000
TRD_800655,ORD_500655,USR_SYS_006,BTC,SELL,7482852.0,0.0282,211.0164,0.0004,2026-09-28 01:30:00.000000
TRD_800365,ORD_500365,USR_RET_015,BTC,SELL,7475369.148,0.0791,1182.6034,0.001,2026-09-28 01:34:00.000000
TRD_801176,ORD_501176,USR_HFT_001,BTC,BUY,7481355.4296,0.0084,31.4217,0.0,2026-09-28 01:37:04.000000
TRD_801187,ORD_501187,USR_HFT_001,BTC,SELL,7484348.5704,0.0064,23.9499,0.0,2026-09-28 01:39:44.000000
TRD_800817,ORD_500817,USR_SYS_009,BTC,SELL,7494894.195,0.0378,283.307,0.0004,2026-09-28 02:30:00.000000
TRD_801710,ORD_501710,USR_HFT_003,BTC,BUY,7493395.2162,0.0094,35.219,0.0,2026-09-28 02:31:13.000000
TRD_800870,ORD_500870,USR_HFT_001,BTC,BUY,7493395.2162,0.0042,15.7361,0.0,2026-09-28 02:40:17.000000
TRD_800301,ORD_500301,USR_RET_012,BTC,SELL,7470161.0442,0.0745,1113.054,0.0033,2026-09-28 02:48:00.000000
TRD_801560,ORD_501560,USR_HFT_003,BTC,SELL,7496393.1738,0.003,11.2446,0.0,2026-09-28 03:08:26.000000
TRD_801356,ORD_501356,USR_HFT_002,BTC,BUY,7493395.2162,0.0068,25.4775,0.0,2026-09-28 03:10:59.000000
TRD_801909,ORD_501909,USR_HFT_004,BTC,SELL,7452771.6513,0.0091,33.9101,0.0,2026-09-28 03:34:53.000000
TRD_802056,ORD_502056,USR_HFT_004,BTC,BUY,7449791.1387,0.0147,54.756,0.0,2026-09-28 03:49:55.000000
TRD_801479,ORD_501479,USR_HFT_002,BTC,SELL,7452771.6513,0.005,18.6319,0.0,2026-09-28 04:07:17.000000
TRD_800737,ORD_500737,USR_SYS_008,BTC,SELL,7475772.0,0.0517,386.4974,0.0004,2026-09-28 04:30:00.000000
TRD_801572,ORD_501572,USR_HFT_003,BTC,BUY,7474276.8456,0.0133,49.7039,0.0,2026-09-28 04:59:51.000000
TRD_800757,ORD_500757,USR_SYS_008,BTC,SELL,7446390.0,0.0556,414.0193,0.0004,2026-09-28 05:30:00.000000
TRD_800076,ORD_500076,USR_RET_004,BTC,SELL,7437454.332,0.0142,211.2237,0.0012,2026-09-28 05:33:00.000000
TRD_801706,ORD_501706,USR_HFT_003,BTC,BUY,7444900.722,0.0112,41.6914,0.0,2026-09-28 05:39:20.000000
TRD_801158,ORD_501158,USR_HFT_001,BTC,SELL,7447879.278,0.0109,40.5909,0.0,2026-09-28 05:49:56.000000
TRD_800461,ORD_500461,USR_SYS_002,BTC,SELL,7406957.055,0.0423,313.3143,0.0004,2026-09-28 06:30:00.000000
TRD_801101,ORD_501101,USR_HFT_001,BTC,BUY,7405475.6636,0.0028,10.3677,0.0,2026-09-28 06:34:24.000000
TRD_800904,ORD_500904,USR_HFT_001,BTC,SELL,7408438.4464,0.0104,38.5239,0.0,2026-09-28 06:49:03.000000
TRD_801052,ORD_501052,USR_HFT_001,BTC,BUY,7381037.7372,0.0058,21.405,0.0,2026-09-28 07:35:52.000000
TRD_801752,ORD_501752,USR_HFT_003,BTC,SELL,7383990.7428,0.0122,45.0423,0.0,2026-09-28 07:45:04.000000
TRD_801353,ORD_501353,USR_HFT_002,BTC,SELL,7376941.1932,0.0118,43.524,0.0,2026-09-28 08:36:32.000000
TRD_801134,ORD_501134,USR_HFT_001,BTC,SELL,7376941.1932,0.0031,11.4343,0.0,2026-09-28 08:50:43.000000
TRD_801354,ORD_501354,USR_HFT_002,BTC,SELL,7376941.1932,0.0069,25.4504,0.0,2026-09-28 09:09:55.000000
TRD_801789,ORD_501789,USR_HFT_003,BTC,SELL,7376941.1932,0.0023,8.4835,0.0,2026-09-28 09:23:21.000000
TRD_801985,ORD_501985,USR_HFT_004,BTC,BUY,7387405.8083,0.015,55.4055,0.0,2026-09-28 09:40:31.000000
TRD_801610,ORD_501610,USR_HFT_003,BTC,SELL,7390361.3617,0.0147,54.3192,0.0,2026-09-28 10:11:36.000000
TRD_802173,ORD_502173,USR_HFT_004,BTC,SELL,7390361.3617,0.0031,11.4551,0.0,2026-09-28 10:25:41.000000
TRD_802390,ORD_502390,USR_HFT_005,BTC,SELL,7390361.3617,0.0037,13.6722,0.0,2026-09-28 10:28:11.000000
TRD_800827,ORD_500827,USR_SYS_010,BTC,SELL,7361784.885,0.0461,339.3783,0.0004,2026-09-28 10:30:00.000000
TRD_801947,ORD_501947,USR_HFT_004,BTC,BUY,7360312.528,0.0032,11.7765,0.0,2026-09-28 10:35:38.000000
TRD_802034,ORD_502034,USR_HFT_004,BTC,SELL,7363257.242,0.0099,36.4481,0.0,2026-09-28 11:26:07.000000
TRD_800087,ORD_500087,USR_RET_004,BTC,SELL,7341682.8224,0.0217,318.629,0.0025,2026-09-28 11:34:00.000000
TRD_800232,ORD_500232,USR_RET_009,BTC,BUY,7376275.2127,0.0163,240.4666,0.0022,2026-09-28 11:34:00.000000
TRD_800135,ORD_500135,USR_RET_006,BTC,BUY,7382163.2791,0.0168,248.0407,0.003,2026-09-28 11:35:00.000000
TRD_800168,ORD_500168,USR_RET_007,BTC,BUY,7383635.2957,0.055,812.1999,0.0032,2026-09-28 11:55:00.000000
TRD_801388,ORD_501388,USR_HFT_002,BTC,BUY,7358611.0134,0.0048,17.6607,0.0,2026-09-28 12:20:39.000000
TRD_801049,ORD_501049,USR_HFT_001,BTC,BUY,7341023.3866,0.0027,9.9104,0.0,2026-09-28 12:34:21.000000
TRD_802513,ORD_502513,USR_HFT_005,BTC,SELL,7343960.3834,0.0085,31.2118,0.0,2026-09-28 12:41:04.000000
TRD_802087,ORD_502087,USR_HFT_004,BTC,SELL,7343960.3834,0.0133,48.8373,0.0,2026-09-28 12:51:55.000000
TRD_801432,ORD_501432,USR_HFT_002,BTC,SELL,7343960.3834,0.0118,43.3294,0.0,2026-09-28 13:00:03.000000
TRD_801761,ORD_501761,USR_HFT_003,BTC,BUY,7341023.3866,0.0087,31.9335,0.0,2026-09-28 13:14:18.000000
TRD_802422,ORD_502422,USR_HFT_005,BTC,BUY,7341023.3866,0.0122,44.7802,0.0,2026-09-28 13:16:54.000000
TRD_800533,ORD_500533,USR_SYS_003,BTC,SELL,7342137.0,0.0207,151.9822,0.0004,2026-09-28 13:30:00.000000
TRD_802314,ORD_502314,USR_HFT_005,BTC,BUY,7340668.5726,0.0138,50.6506,0.0,2026-09-28 14:00:35.000000
TRD_800257,ORD_500257,USR_RET_010,BTC,BUY,7361226.5562,0.0222,326.8385,0.0026,2026-09-28 14:02:00.000000
TRD_802217,ORD_502217,USR_HFT_005,BTC,BUY,7340668.5726,0.0024,8.8088,0.0,2026-09-28 14:03:16.000000
TRD_800591,ORD_500591,USR_SYS_004,BTC,SELL,7315941.885,0.043,314.5855,0.0004,2026-09-28 14:30:00.000000
TRD_801468,ORD_501468,USR_HFT_002,BTC,SELL,7317405.0734,0.0059,21.5863,0.0,2026-09-28 14:45:57.000000
TRD_801025,ORD_501025,USR_HFT_001,BTC,SELL,7317405.0734,0.0034,12.4396,0.0,2026-09-28 14:51:50.000000
TRD_801404,ORD_501404,USR_HFT_002,BTC,BUY,7314478.6966,0.0121,44.2526,0.0,2026-09-28 14:52:30.000000
TRD_802048,ORD_502048,USR_HFT_004,BTC,BUY,7314478.6966,0.0104,38.0353,0.0,2026-09-28 14:52:39.000000
TRD_801913,ORD_501913,USR_HFT_004,BTC,BUY,7314478.6966,0.0073,26.6978,0.0,2026-09-28 15:24:12.000000
TRD_802026,ORD_502026,USR_HFT_004,BTC,BUY,7340491.608,0.0057,20.9204,0.0,2026-09-28 15:30:58.000000
TRD_800166,ORD_500166,USR_RET_007,BTC,SELL,7317731.532,0.0372,544.4392,0.0033,2026-09-28 15:44:00.000000
TRD_801440,ORD_501440,USR_HFT_002,BTC,SELL,7343428.392,0.0077,28.2722,0.0,2026-09-28 15:50:00.000000
TRD_801441,ORD_501441,USR_HFT_002,BTC,BUY,7343428.392,0.0077,28.2722,0.0,2026-09-28 15:50:03.837552
TRD_802421,ORD_502421,USR_HFT_005,BTC,BUY,7340491.608,0.0135,49.5483,0.0,2026-09-28 15:56:03.000000
TRD_800248,ORD_500248,USR_RET_010,BTC,SELL,7330746.3756,0.0175,256.5761,0.003,2026-09-28 16:35:00.000000
TRD_801118,ORD_501118,USR_HFT_001,BTC,SELL,7354275.351,0.0059,21.6951,0.0,2026-09-28 16:55:58.000000
TRD_801660,ORD_501660,USR_HFT_003,BTC,SELL,7354275.351,0.0112,41.1839,0.0,2026-09-28 17:01:55.000000
TRD_801266,ORD_501266,USR_HFT_002,BTC,SELL,7403796.5782,0.0079,29.245,0.0,2026-09-28 19:25:01.000000
TRD_802272,ORD_502272,USR_HFT_005,BTC,SELL,7348739.454,0.0039,14.33,0.0,2026-09-28 19:50:24.000000
TRD_800170,ORD_500170,USR_RET_007,BTC,BUY,7364903.448,0.06,883.7884,0.0024,2026-09-28 20:03:00.000000
TRD_800481,ORD_500481,USR_SYS_002,BTC,SELL,7378245.0,0.048,354.1558,0.0004,2026-09-28 20:30:00.000000
TRD_802281,ORD_502281,USR_HFT_005,BTC,BUY,7376769.351,0.0115,42.4164,0.0,2026-09-28 20:39:20.000000
TRD_801828,ORD_501828,USR_HFT_004,BTC,BUY,7376769.351,0.0122,44.9983,0.0,2026-09-28 21:00:47.000000
TRD_801778,ORD_501778,USR_HFT_003,BTC,BUY,7376769.351,0.0033,12.1717,0.0,2026-09-28 21:04:14.000000
TRD_800395,ORD_500395,USR_RET_015,BTC,SELL,7373818.053,0.0369,544.1878,0.0006,2026-09-28 21:23:00.000000
TRD_801645,ORD_501645,USR_HFT_003,BTC,BUY,7376769.351,0.0134,49.4244,0.0,2026-09-28 21:27:37.000000
TRD_801520,ORD_501520,USR_HFT_002,BTC,SELL,7410976.2489,0.0062,22.974,0.0,2026-09-28 21:34:02.000000
TRD_801949,ORD_501949,USR_HFT_004,BTC,BUY,7408012.4511,0.0021,7.7784,0.0,2026-09-28 21:38:08.000000
TRD_800778,ORD_500778,USR_SYS_009,BTC,BUY,7409494.35,0.0266,197.0925,0.0002,2026-09-28 21:45:00.000000
TRD_800710,ORD_500710,USR_SYS_007,BTC,BUY,7409494.35,0.028,207.4658,0.0002,2026-09-28 21:45:00.000000
TRD_801241,ORD_501241,USR_HFT_002,BTC,BUY,7408012.4511,0.0076,28.1504,0.0,2026-09-28 22:20:14.000000
TRD_802356,ORD_502356,USR_HFT_005,BTC,BUY,7421924.5232,0.0074,27.4611,0.0,2026-09-28 22:51:11.000000
TRD_801765,ORD_501765,USR_HFT_003,BTC,BUY,7421924.5232,0.0095,35.2541,0.0,2026-09-28 22:52:53.000000
TRD_801580,ORD_501580,USR_HFT_003,BTC,SELL,7424893.8868,0.0096,35.6395,0.0,2026-09-28 23:05:22.000000
TRD_802142,ORD_502142,USR_HFT_004,BTC,SELL,7439132.8441,0.0066,24.5491,0.0,2026-09-29 00:10:22.000000
TRD_800285,ORD_500285,USR_RET_012,BTC,BUY,7442107.9022,0.0401,596.8571,0.0006,2026-09-29 00:16:00.000000
TRD_801916,ORD_501916,USR_HFT_004,BTC,SELL,7381450.2849,0.0058,21.4062,0.0,2026-09-29 01:00:20.000000
TRD_800226,ORD_500226,USR_RET_009,BTC,BUY,7385878.2694,0.0933,1378.2049,0.0008,2026-09-29 01:16:00.000000
TRD_802514,ORD_502514,USR_HFT_005,BTC,BUY,7378498.2951,0.0036,13.2813,0.0,2026-09-29 01:23:58.000000
TRD_801958,ORD_501958,USR_HFT_004,BTC,SELL,7381450.2849,0.0144,53.1464,0.0,2026-09-29 01:25:36.000000
TRD_800652,ORD_500652,USR_SYS_006,BTC,BUY,7393998.0,0.0301,222.5593,0.0002,2026-09-29 01:45:00.000000
TRD_800404,ORD_500404,USR_SYS_001,BTC,BUY,7393998.0,0.0346,255.8323,0.0002,2026-09-29 01:45:00.000000
TRD_800538,ORD_500538,USR_SYS_003,BTC,BUY,7393998.0,0.03,221.8199,0.0002,2026-09-29 01:45:00.000000
TRD_801123,ORD_501123,USR_HFT_001,BTC,BUY,7392519.2004,0.0033,12.1977,0.0,2026-09-29 02:00:21.000000
TRD_800684,ORD_500684,USR_SYS_007,BTC,BUY,7364793.885,0.0578,425.6851,0.0002,2026-09-29 02:45:00.000000
TRD_801708,ORD_501708,USR_HFT_003,BTC,SELL,7366266.8438,0.0026,9.5761,0.0,2026-09-29 02:57:20.000000
TRD_800837,ORD_500837,USR_SYS_010,BTC,SELL,7393644.885,0.0583,431.0495,0.0004,2026-09-29 03:30:00.000000
TRD_801903,ORD_501903,USR_HFT_004,BTC,SELL,7395123.614,0.01,36.9756,0.0,2026-09-29 03:38:21.000000
TRD_800472,ORD_500472,USR_SYS_002,BTC,BUY,7389750.885,0.0476,351.7521,0.0002,2026-09-29 04:45:00.000000
TRD_802423,ORD_502423,USR_HFT_005,BTC,BUY,7388272.9348,0.015,55.412,0.0,2026-09-29 05:05:45.000000
TRD_800851,ORD_500851,USR_SYS_010,BTC,SELL,7361933.565,0.0232,170.7969,0.0004,2026-09-29 05:30:00.000000
TRD_801842,ORD_501842,USR_HFT_004,BTC,SELL,7363405.9517,0.0098,36.0807,0.0,2026-09-29 05:44:30.000000
TRD_800727,ORD_500727,USR_SYS_008,BTC,SELL,7351518.0,0.0508,373.4571,0.0004,2026-09-29 06:30:00.000000
TRD_800601,ORD_500601,USR_SYS_005,BTC,SELL,7351518.0,0.0296,217.6049,0.0004,2026-09-29 06:30:00.000000
TRD_801699,ORD_501699,USR_HFT_003,BTC,SELL,7352988.3036,0.0049,18.0148,0.0,2026-09-29 06:33:00.000000
TRD_802145,ORD_502145,USR_HFT_004,BTC,BUY,7350047.6964,0.0141,51.8178,0.0,2026-09-29 06:54:03.000000
TRD_800513,ORD_500513,USR_SYS_003,BTC,SELL,7342614.9,0.0536,393.5642,0.0004,2026-09-29 07:30:00.000000
TRD_801306,ORD_501306,USR_HFT_002,BTC,BUY,7341146.377,0.0106,38.9081,0.0,2026-09-29 07:30:16.000000
TRD_801749,ORD_501749,USR_HFT_003,BTC,SELL,7344083.423,0.013,47.7365,0.0,2026-09-29 07:31:16.000000
TRD_801604,ORD_501604,USR_HFT_003,BTC,SELL,7344083.423,0.0147,53.979,0.0,2026-09-29 07:31:23.000000
TRD_800574,ORD_500574,USR_SYS_004,BTC,BUY,7342614.9,0.0316,232.0266,0.0002,2026-09-29 07:45:00.000000
TRD_801330,ORD_501330,USR_HFT_002,BTC,SELL,7344083.423,0.0045,16.5242,0.0,2026-09-29 08:09:34.000000
TRD_801992,ORD_501992,USR_HFT_004,BTC,SELL,7353164.4538,0.004,14.7063,0.0,2026-09-29 08:30:47.000000
TRD_801044,ORD_501044,USR_HFT_001,BTC,SELL,7353164.4538,0.0031,11.3974,0.0,2026-09-29 08:33:41.000000
TRD_801191,ORD_501191,USR_HFT_001,BTC,BUY,7350223.7762,0.0141,51.8191,0.0,2026-09-29 08:43:41.000000
TRD_800390,ORD_500390,USR_RET_015,BTC,BUY,7358310.6397,0.0334,491.5352,0.0009,2026-09-29 08:54:00.000000
TRD_802138,ORD_502138,USR_HFT_004,BTC,SELL,7353164.4538,0.0141,51.8398,0.0,2026-09-29 09:07:16.000000
TRD_800117,ORD_500117,USR_RET_005,BTC,SELL,7339931.4044,0.0231,339.1048,0.0016,2026-09-29 09:09:00.000000
TRD_800903,ORD_500903,USR_HFT_001,BTC,SELL,7353164.4538,0.0149,54.7811,0.0,2026-09-29 09:27:41.000000
TRD_800679,ORD_500679,USR_SYS_006,BTC,SELL,7364348.73,0.0241,177.4808,0.0004,2026-09-29 09:30:00.000000
TRD_801422,ORD_501422,USR_HFT_002,BTC,SELL,7365821.5997,0.0108,39.7754,0.0,2026-09-29 10:00:42.000000
TRD_802521,ORD_502521,USR_HFT_005,BTC,SELL,7365821.5997,0.0041,15.0999,0.0,2026-09-29 10:04:07.000000
TRD_801393,ORD_501393,USR_HFT_002,BTC,SELL,7365821.5997,0.0069,25.4121,0.0,2026-09-29 10:07:57.000000
TRD_801394,ORD_501394,USR_HFT_002,BTC,BUY,7365821.5997,0.0069,25.4121,0.0,2026-09-29 10:07:59.354974
TRD_800329,ORD_500329,USR_RET_013,BTC,SELL,7358540.8761,0.0113,166.303,0.0034,2026-09-29 10:47:00.000000
TRD_800318,ORD_500318,USR_RET_013,BTC,BUY,7405796.2058,0.0183,271.0521,0.003,2026-09-29 10:55:00.000000
TRD_801595,ORD_501595,USR_HFT_003,BTC,SELL,7385121.9991,0.0072,26.5864,0.0,2026-09-29 11:22:38.000000
TRD_800056,ORD_500056,USR_RET_003,BTC,BUY,7439829.0474,0.0104,154.7484,0.0007,2026-09-29 11:52:00.000000
TRD_800199,ORD_500199,USR_RET_008,BTC,SELL,7422729.4103,0.0113,167.7537,0.0016,2026-09-29 12:24:00.000000
TRD_802082,ORD_502082,USR_HFT_004,BTC,SELL,7433802.3082,0.0142,52.78,0.0,2026-09-29 12:39:42.000000
TRD_800440,ORD_500440,USR_SYS_001,BTC,BUY,7432315.845,0.0385,286.1442,0.0002,2026-09-29 12:45:00.000000
TRD_800842,ORD_500842,USR_SYS_010,BTC,BUY,7432315.845,0.0568,422.1555,0.0002,2026-09-29 12:45:00.000000
TRD_800156,ORD_500156,USR_RET_007,BTC,SELL,7410018.8975,0.0146,216.3726,0.003,2026-09-29 12:52:00.000000
TRD_801549,ORD_501549,USR_HFT_003,BTC,SELL,7433802.3082,0.0052,19.3279,0.0,2026-09-29 13:01:51.000000
TRD_802235,ORD_502235,USR_HFT_005,BTC,SELL,7433802.3082,0.0119,44.2311,0.0,2026-09-29 13:18:04.000000
TRD_801062,ORD_501062,USR_HFT_001,BTC,BUY,7421365.315,0.0069,25.6037,0.0,2026-09-29 13:37:45.000000
TRD_802010,ORD_502010,USR_HFT_004,BTC,SELL,7424334.455,0.0149,55.3113,0.0,2026-09-29 13:54:47.000000
TRD_800272,ORD_500272,USR_RET_011,BTC,SELL,7411715.6102,0.0193,286.0922,0.0015,2026-09-29 13:55:00.000000
TRD_800543,ORD_500543,USR_SYS_004,BTC,SELL,7456833.885,0.0497,370.6046,0.0004,2026-09-29 14:30:00.000000
TRD_800446,ORD_500446,USR_SYS_002,BTC,BUY,7456833.885,0.0598,445.9187,0.0002,2026-09-29 14:45:00.000000
TRD_802214,ORD_502214,USR_HFT_005,BTC,SELL,7458325.2518,0.0136,50.7166,0.0,2026-09-29 15:27:17.000000
TRD_801849,ORD_501849,USR_HFT_004,BTC,SELL,7438185.7047,0.0078,29.0089,0.0,2026-09-29 16:21:10.000000
TRD_802535,ORD_502535,USR_HFT_005,BTC,BUY,7464190.7482,0.0097,36.2013,0.0,2026-09-29 16:58:03.000000
TRD_800294,ORD_500294,USR_RET_012,BTC,BUY,7478375.5476,0.008,119.654,0.0017,2026-09-29 17:10:00.000000
TRD_801891,ORD_501891,USR_HFT_004,BTC,SELL,7464949.9164,0.006,22.3948,0.0,2026-09-29 17:36:58.000000
TRD_800059,ORD_500059,USR_RET_003,BTC,BUY,7473906.0651,0.0128,191.332,0.0014,2026-09-29 17:47:00.000000
TRD_801876,ORD_501876,USR_HFT_004,BTC,BUY,7461964.5336,0.0065,24.2514,0.0,2026-09-29 17:52:00.000000
TRD_801515,ORD_501515,USR_HFT_002,BTC,BUY,7461964.5336,0.004,14.9239,0.0,2026-09-29 18:11:39.000000
TRD_802116,ORD_502116,USR_HFT_004,BTC,SELL,7453191.2252,0.0065,24.2229,0.0,2026-09-29 19:26:47.000000
TRD_801681,ORD_501681,USR_HFT_003,BTC,SELL,7413535.2956,0.0112,41.5158,0.0,2026-09-29 19:46:29.000000
TRD_801449,ORD_501449,USR_HFT_002,BTC,SELL,7413535.2956,0.003,11.1203,0.0,2026-09-29 20:04:01.000000
TRD_802452,ORD_502452,USR_HFT_005,BTC,BUY,7410570.4744,0.0037,13.7096,0.0,2026-09-29 20:14:56.000000
TRD_800334,ORD_500334,USR_RET_013,BTC,BUY,7433547.8384,0.0345,512.9148,0.0029,2026-09-29 20:23:00.000000
TRD_801990,ORD_501990,USR_HFT_004,BTC,BUY,7410570.4744,0.0064,23.7138,0.0,2026-09-29 20:26:30.000000
TRD_801276,ORD_501276,USR_HFT_002,BTC,SELL,7352988.3036,0.0047,17.2795,0.0,2026-09-29 20:35:01.000000
TRD_800145,ORD_500145,USR_RET_006,BTC,BUY,7370631.9468,0.0099,145.9385,0.0026,2026-09-29 21:16:00.000000
TRD_800604,ORD_500604,USR_SYS_005,BTC,BUY,7350922.395,0.0526,386.6585,0.0002,2026-09-29 21:45:00.000000
TRD_801695,ORD_501695,USR_HFT_003,BTC,SELL,7352392.5795,0.0066,24.2629,0.0,2026-09-29 21:51:29.000000
TRD_801536,ORD_501536,USR_HFT_002,BTC,SELL,7352392.5795,0.0044,16.1753,0.0,2026-09-29 21:53:55.000000
TRD_800357,ORD_500357,USR_RET_014,BTC,BUY,7375915.5311,0.0127,187.3483,0.0034,2026-09-29 21:55:00.000000
TRD_801671,ORD_501671,USR_HFT_003,BTC,SELL,7352392.5795,0.0073,26.8362,0.0,2026-09-29 22:07:38.000000
TRD_800030,ORD_500030,USR_RET_002,BTC,SELL,7344306.5648,0.0504,740.3061,0.0009,2026-09-29 22:21:00.000000
TRD_801543,ORD_501543,USR_HFT_002,BTC,BUY,7349452.2105,0.0112,41.1569,0.0,2026-09-29 22:29:18.000000
TRD_801312,ORD_501312,USR_HFT_002,BTC,SELL,7353874.3658,0.0102,37.5048,0.0,2026-09-29 23:15:36.000000
TRD_801792,ORD_501792,USR_HFT_003,BTC,SELL,7403620.428,0.015,55.5272,0.0,2026-09-29 23:34:35.000000
TRD_802244,ORD_502244,USR_HFT_005,BTC,BUY,7400659.572,0.0051,18.8717,0.0,2026-09-29 23:49:15.000000
TRD_801854,ORD_501854,USR_HFT_004,BTC,BUY,7400659.572,0.0127,46.9942,0.0,2026-09-29 23:56:41.000000
TRD_800981,ORD_500981,USR_HFT_001,BTC,SELL,7403620.428,0.0137,50.7148,0.0,2026-09-30 00:06:02.000000
TRD_800900,ORD_500900,USR_HFT_001,BTC,SELL,7403620.428,0.0085,31.4654,0.0,2026-09-30 00:08:20.000000
TRD_801242,ORD_501242,USR_HFT_002,BTC,SELL,7403620.428,0.0056,20.7301,0.0,2026-09-30 00:20:39.000000
TRD_802208,ORD_502208,USR_HFT_005,BTC,SELL,7403620.428,0.0068,25.1723,0.0,2026-09-30 00:25:01.000000
TRD_801556,ORD_501556,USR_HFT_003,BTC,BUY,7396590.271,0.0045,16.6423,0.0,2026-09-30 00:57:52.000000
TRD_801362,ORD_501362,USR_HFT_002,BTC,SELL,7399549.499,0.0035,12.9492,0.0,2026-09-30 01:01:09.000000
TRD_802209,ORD_502209,USR_HFT_005,BTC,BUY,7396590.271,0.0112,41.4209,0.0,2026-09-30 01:26:49.000000
TRD_801466,ORD_501466,USR_HFT_002,BTC,SELL,7399549.499,0.0045,16.649,0.0,2026-09-30 01:27:50.000000
TRD_801229,ORD_501229,USR_HFT_002,BTC,SELL,7401530.5251,0.0141,52.1808,0.0,2026-09-30 02:06:34.000000
TRD_802317,ORD_502317,USR_HFT_005,BTC,SELL,7391581.1356,0.0106,39.1754,0.0,2026-09-30 02:34:01.000000
TRD_801609,ORD_501609,USR_HFT_003,BTC,BUY,7388625.0944,0.0089,32.8794,0.0,2026-09-30 02:44:57.000000
TRD_801505,ORD_501505,USR_HFT_002,BTC,BUY,7388625.0944,0.0099,36.5737,0.0,2026-09-30 03:19:49.000000
TRD_801098,ORD_501098,USR_HFT_001,BTC,SELL,7401142.8176,0.0032,11.8418,0.0,2026-09-30 03:37:22.000000
TRD_801885,ORD_501885,USR_HFT_004,BTC,BUY,7398182.9524,0.005,18.4955,0.0,2026-09-30 04:04:01.000000
TRD_801127,ORD_501127,USR_HFT_001,BTC,BUY,7398182.9524,0.0113,41.7997,0.0,2026-09-30 04:26:18.000000
TRD_801107,ORD_501107,USR_HFT_001,BTC,BUY,7402753.0632,0.003,11.1041,0.0,2026-09-30 05:01:20.000000
TRD_802012,ORD_502012,USR_HFT_004,BTC,BUY,7402753.0632,0.008,29.611,0.0,2026-09-30 05:14:22.000000
TRD_802478,ORD_502478,USR_HFT_005,BTC,SELL,7405714.7568,0.0036,13.3303,0.0,2026-09-30 05:19:12.000000
TRD_801212,ORD_501212,USR_HFT_001,BTC,SELL,7405714.7568,0.0067,24.8091,0.0,2026-09-30 05:24:31.000000
TRD_801361,ORD_501361,USR_HFT_002,BTC,BUY,7384145.2355,0.0074,27.3213,0.0,2026-09-30 05:59:30.000000
TRD_801139,ORD_501139,USR_HFT_001,BTC,SELL,7387099.4845,0.0103,38.0436,0.0,2026-09-30 06:06:01.000000
TRD_802275,ORD_502275,USR_HFT_005,BTC,SELL,7387099.4845,0.0027,9.9726,0.0,2026-09-30 06:08:08.000000
TRD_800068,ORD_500068,USR_RET_003,BTC,SELL,7377498.1754,0.0106,156.403,0.0011,2026-09-30 06:15:00.000000
TRD_801350,ORD_501350,USR_HFT_002,BTC,SELL,7387099.4845,0.0075,27.7016,0.0,2026-09-30 06:22:42.000000
TRD_801358,ORD_501358,USR_HFT_002,BTC,BUY,7383671.8552,0.0149,55.0084,0.0,2026-09-30 06:47:07.000000
TRD_801870,ORD_501870,USR_HFT_004,BTC,BUY,7383671.8552,0.0064,23.6277,0.0,2026-09-30 06:55:39.000000
TRD_801628,ORD_501628,USR_HFT_003,BTC,BUY,7378068.2712,0.0128,47.2196,0.0,2026-09-30 07:30:19.000000
TRD_801904,ORD_501904,USR_HFT_004,BTC,BUY,7370633.1035,0.0129,47.5406,0.0,2026-09-30 08:34:31.000000
TRD_801746,ORD_501746,USR_HFT_003,BTC,SELL,7373581.9465,0.0131,48.297,0.0,2026-09-30 08:35:29.000000
TRD_800536,ORD_500536,USR_SYS_003,BTC,BUY,7372107.525,0.0256,188.726,0.0002,2026-09-30 08:45:00.000000
TRD_800718,ORD_500718,USR_SYS_007,BTC,BUY,7372107.525,0.0316,232.9586,0.0002,2026-09-30 08:45:00.000000
TRD_802411,ORD_502411,USR_HFT_005,BTC,SELL,7373581.9465,0.0105,38.7113,0.0,2026-09-30 08:45:14.000000
TRD_801933,ORD_501933,USR_HFT_004,BTC,BUY,7362613.0678,0.0096,35.3405,0.0,2026-09-30 09:32:55.000000
TRD_802279,ORD_502279,USR_HFT_005,BTC,BUY,7362613.0678,0.0023,8.467,0.0,2026-09-30 09:47:15.000000
TRD_800879,ORD_500879,USR_HFT_001,BTC,SELL,7365558.7022,0.0042,15.4677,0.0,2026-09-30 10:22:24.000000
TRD_801971,ORD_501971,USR_HFT_004,BTC,SELL,7380959.8968,0.0084,31.0,0.0,2026-09-30 10:38:28.000000
TRD_800462,ORD_500462,USR_SYS_002,BTC,BUY,7379484.0,0.0232,171.204,0.0002,2026-09-30 10:45:00.000000
TRD_800456,ORD_500456,USR_SYS_002,BTC,BUY,7379484.0,0.0536,395.5403,0.0002,2026-09-30 10:45:00.000000
TRD_801731,ORD_501731,USR_HFT_003,BTC,SELL,7380959.8968,0.0035,12.9167,0.0,2026-09-30 11:21:44.000000
TRD_801174,ORD_501174,USR_HFT_001,BTC,SELL,7380959.8968,0.0075,27.6786,0.0,2026-09-30 11:24:55.000000
TRD_801912,ORD_501912,USR_HFT_004,BTC,SELL,7350787.7536,0.0096,35.2838,0.0,2026-09-30 11:49:15.000000
TRD_801767,ORD_501767,USR_HFT_003,BTC,BUY,7347848.0264,0.0051,18.737,0.0,2026-09-30 12:01:34.000000
TRD_801161,ORD_501161,USR_HFT_001,BTC,SELL,7350787.7536,0.0115,42.267,0.0,2026-09-30 12:09:55.000000
TRD_801100,ORD_501100,USR_HFT_001,BTC,BUY,7347848.0264,0.0116,42.6175,0.0,2026-09-30 12:17:59.000000
TRD_800872,ORD_500872,USR_HFT_001,BTC,SELL,7350787.7536,0.0133,48.8827,0.0,2026-09-30 12:18:04.000000
TRD_800384,ORD_500384,USR_RET_015,BTC,BUY,7381332.4025,0.0146,215.5349,0.0012,2026-09-30 12:49:00.000000
TRD_801670,ORD_501670,USR_HFT_003,BTC,SELL,7373959.9171,0.0029,10.6922,0.0,2026-09-30 13:05:55.000000
TRD_800779,ORD_500779,USR_SYS_009,BTC,SELL,7351023.285,0.0266,195.5372,0.0004,2026-09-30 13:30:00.000000
TRD_800711,ORD_500711,USR_SYS_007,BTC,SELL,7351023.285,0.028,205.8287,0.0004,2026-09-30 13:30:00.000000
TRD_801113,ORD_501113,USR_HFT_001,BTC,BUY,7349553.0803,0.0067,24.621,0.0,2026-09-30 14:03:06.000000
TRD_801860,ORD_501860,USR_HFT_004,BTC,SELL,7352493.4897,0.0036,13.2345,0.0,2026-09-30 14:13:37.000000
TRD_801723,ORD_501723,USR_HFT_003,BTC,SELL,7352493.4897,0.0086,31.6157,0.0,2026-09-30 14:16:43.000000
TRD_800102,ORD_500102,USR_RET_005,BTC,SELL,7342937.1594,0.0121,177.6991,0.0011,2026-09-30 14:24:00.000000
TRD_802410,ORD_502410,USR_HFT_005,BTC,BUY,7399952.5984,0.0143,52.9097,0.0,2026-09-30 14:40:50.000000
TRD_801377,ORD_501377,USR_HFT_002,BTC,SELL,7402913.1716,0.0139,51.4502,0.0,2026-09-30 14:56:40.000000
TRD_801011,ORD_501011,USR_HFT_001,BTC,SELL,7402913.1716,0.0111,41.0862,0.0,2026-09-30 15:21:35.000000
TRD_801328,ORD_501328,USR_HFT_002,BTC,BUY,7425258.5362,0.0067,24.8746,0.0,2026-09-30 16:23:37.000000
TRD_801445,ORD_501445,USR_HFT_002,BTC,SELL,7427976.9583,0.0045,16.7129,0.0,2026-09-30 17:14:43.000000
TRD_800405,ORD_500405,USR_SYS_001,BTC,SELL,7548193.32,0.0346,261.1675,0.0004,2026-09-30 17:30:00.000000
TRD_800539,ORD_500539,USR_SYS_003,BTC,SELL,7548193.32,0.03,226.4458,0.0004,2026-09-30 17:30:00.000000
TRD_800653,ORD_500653,USR_SYS_006,BTC,SELL,7548193.32,0.0301,227.2006,0.0004,2026-09-30 17:30:00.000000
TRD_801120,ORD_501120,USR_HFT_001,BTC,BUY,7546683.6813,0.0123,46.4121,0.0,2026-09-30 17:30:25.000000
TRD_801796,ORD_501796,USR_HFT_003,BTC,BUY,7546683.6813,0.0074,27.9227,0.0,2026-09-30 18:24:28.000000
TRD_801555,ORD_501555,USR_HFT_003,BTC,SELL,7549702.9587,0.0119,44.9207,0.0,2026-09-30 18:25:12.000000
TRD_800685,ORD_500685,USR_SYS_007,BTC,SELL,7490439.99,0.0578,432.9474,0.0004,2026-09-30 18:30:00.000000
TRD_801921,ORD_501921,USR_HFT_004,BTC,BUY,7488941.902,0.0058,21.7179,0.0,2026-09-30 19:23:32.000000
TRD_801922,ORD_501922,USR_HFT_004,BTC,SELL,7488941.902,0.0058,21.7179,0.0,2026-09-30 19:23:33.272059
TRD_801146,ORD_501146,USR_HFT_001,BTC,SELL,7417784.1452,0.0146,54.1498,0.0,2026-09-30 19:41:37.000000
TRD_801091,ORD_501091,USR_HFT_001,BTC,SELL,7417784.1452,0.0143,53.0372,0.0,2026-09-30 19:51:17.000000
TRD_800473,ORD_500473,USR_SYS_002,BTC,SELL,7445897.055,0.0476,354.4247,0.0004,2026-09-30 20:30:00.000000
TRD_801031,ORD_501031,USR_HFT_001,BTC,BUY,7444407.8756,0.0148,55.0886,0.0,2026-09-30 20:35:20.000000
TRD_800516,ORD_500516,USR_SYS_003,BTC,BUY,7445897.055,0.0383,285.1779,0.0002,2026-09-30 20:45:00.000000
TRD_800806,ORD_500806,USR_SYS_009,BTC,BUY,7445897.055,0.0537,399.8447,0.0002,2026-09-30 20:45:00.000000
TRD_801076,ORD_501076,USR_HFT_001,BTC,SELL,7447386.2344,0.0035,13.0329,0.0,2026-09-30 21:06:11.000000
TRD_801808,ORD_501808,USR_HFT_003,BTC,SELL,7447386.2344,0.0073,27.183,0.0,2026-09-30 21:11:38.000000
TRD_801728,ORD_501728,USR_HFT_003,BTC,SELL,7447386.2344,0.0085,31.6514,0.0,2026-09-30 21:22:02.000000
TRD_802482,ORD_502482,USR_HFT_005,BTC,BUY,7463432.4549,0.0036,13.4342,0.0,2026-09-30 21:31:27.000000
TRD_802536,ORD_502536,USR_HFT_005,BTC,SELL,7466418.4251,0.012,44.7985,0.0,2026-09-30 21:44:38.000000
TRD_800899,ORD_500899,USR_HFT_001,BTC,SELL,7438271.5668,0.0073,27.1497,0.0,2026-09-30 22:33:11.000000
TRD_800105,ORD_500105,USR_RET_005,BTC,BUY,7444220.9942,0.0369,549.3835,0.001,2026-09-30 22:51:00.000000
TRD_801128,ORD_501128,USR_HFT_001,BTC,SELL,7438271.5668,0.0046,17.108,0.0,2026-09-30 22:59:23.000000
TRD_800960,ORD_500960,USR_HFT_001,BTC,BUY,7435296.8532,0.0116,43.1247,0.0,2026-09-30 23:03:23.000000
TRD_802195,ORD_502195,USR_HFT_005,BTC,SELL,7438271.5668,0.0091,33.8441,0.0,2026-09-30 23:07:04.000000
TRD_801057,ORD_501057,USR_HFT_001,BTC,SELL,7438271.5668,0.0046,17.108,0.0,2026-09-30 23:14:47.000000
TRD_801405,ORD_501405,USR_HFT_002,BTC,SELL,7438271.5668,0.0069,25.662,0.0,2026-09-30 23:28:11.000000
TRD_800575,ORD_500575,USR_SYS_004,BTC,SELL,7429575.0,0.0316,234.7746,0.0004,2026-09-30 23:30:00.000000
TRD_801546,ORD_501546,USR_HFT_002,BTC,BUY,7428089.085,0.0149,55.3393,0.0,2026-10-01 00:00:47.000000
TRD_802479,ORD_502479,USR_HFT_005,BTC,SELL,7431060.915,0.0133,49.4166,0.0,2026-10-01 00:20:53.000000
TRD_802306,ORD_502306,USR_HFT_005,BTC,BUY,7397399.8841,0.0036,13.3153,0.0,2026-10-01 01:25:18.000000
TRD_802278,ORD_502278,USR_HFT_005,BTC,BUY,7403667.0854,0.0033,12.2161,0.0,2026-10-01 01:41:31.000000
TRD_800241,ORD_500241,USR_RET_010,BTC,BUY,7810950.2317,0.0169,264.0101,0.0548,2026-10-01 02:24:00.000000
TRD_800502,ORD_500502,USR_SYS_003,BTC,BUY,7412558.22,0.0426,315.775,0.0002,2026-10-01 02:45:00.000000
TRD_800656,ORD_500656,USR_SYS_006,BTC,BUY,7412558.22,0.0235,174.1951,0.0002,2026-10-01 02:45:00.000000
TRD_800044,ORD_500044,USR_RET_002,BTC,SELL,7402921.8943,0.0284,420.486,0.0013,2026-10-01 03:02:00.000000
TRD_802468,ORD_502468,USR_HFT_005,BTC,SELL,7407678.9645,0.0091,33.7049,0.0,2026-10-01 03:39:59.000000
TRD_801318,ORD_501318,USR_HFT_002,BTC,SELL,7407678.9645,0.0064,23.7046,0.0,2026-10-01 04:04:13.000000
TRD_800441,ORD_500441,USR_SYS_001,BTC,SELL,7400688.6,0.0385,284.9265,0.0004,2026-10-01 04:30:00.000000
TRD_800843,ORD_500843,USR_SYS_010,BTC,SELL,7400688.6,0.0568,420.3591,0.0004,2026-10-01 04:30:00.000000
TRD_802055,ORD_502055,USR_HFT_004,BTC,BUY,7389071.0452,0.0031,11.4531,0.0,2026-10-01 05:41:27.000000
TRD_800215,ORD_500215,USR_RET_009,BTC,BUY,7410503.6377,0.0314,465.3796,0.0027,2026-10-01 05:47:00.000000
TRD_801688,ORD_501688,USR_HFT_003,BTC,SELL,7392027.2648,0.0133,49.157,0.0,2026-10-01 06:13:20.000000
TRD_800447,ORD_500447,USR_SYS_002,BTC,SELL,7391349.195,0.0598,442.0027,0.0004,2026-10-01 06:30:00.000000
TRD_802136,ORD_502136,USR_HFT_004,BTC,BUY,7389870.9252,0.0055,20.3221,0.0,2026-10-01 06:39:09.000000
TRD_802361,ORD_502361,USR_HFT_005,BTC,BUY,7389870.9252,0.0081,29.929,0.0,2026-10-01 07:11:47.000000
TRD_800752,ORD_500752,USR_SYS_008,BTC,BUY,7388934.03,0.0304,224.6236,0.0002,2026-10-01 07:45:00.000000
TRD_800224,ORD_500224,USR_RET_009,BTC,BUY,7408884.1519,0.1343,1990.0263,0.0027,2026-10-01 08:04:00.000000
TRD_802017,ORD_502017,USR_HFT_004,BTC,SELL,7390411.8168,0.0054,19.9541,0.0,2026-10-01 08:05:30.000000
TRD_802045,ORD_502045,USR_HFT_004,BTC,SELL,7390411.8168,0.0084,31.0397,0.0,2026-10-01 08:12:43.000000
TRD_801630,ORD_501630,USR_HFT_003,BTC,BUY,7387456.2432,0.0119,43.9554,0.0,2026-10-01 08:24:39.000000
TRD_800338,ORD_500338,USR_RET_013,BTC,BUY,7418900.8919,0.0419,621.7039,0.0009,2026-10-01 09:22:00.000000
TRD_800586,ORD_500586,USR_SYS_004,BTC,BUY,7443735.885,0.0574,427.2704,0.0002,2026-10-01 09:45:00.000000
TRD_800026,ORD_500026,USR_RET_002,BTC,SELL,7433314.6548,0.0084,124.8797,0.0014,2026-10-01 09:51:00.000000
TRD_800130,ORD_500130,USR_RET_006,BTC,SELL,7446368.3472,0.0404,601.6666,0.0018,2026-10-01 10:38:00.000000
TRD_801627,ORD_501627,USR_HFT_003,BTC,BUY,7458304.0208,0.0022,8.2041,0.0,2026-10-01 11:14:17.000000
TRD_801059,ORD_501059,USR_HFT_001,BTC,SELL,7461287.9392,0.0132,49.2445,0.0,2026-10-01 11:24:36.000000
TRD_801291,ORD_501291,USR_HFT_002,BTC,BUY,7458304.0208,0.0099,36.9186,0.0,2026-10-01 11:26:48.000000
TRD_801998,ORD_501998,USR_HFT_004,BTC,SELL,7446237.2747,0.0117,43.5605,0.0,2026-10-01 12:10:34.000000
TRD_801973,ORD_501973,USR_HFT_004,BTC,SELL,7446237.2747,0.0147,54.7298,0.0,2026-10-01 12:12:02.000000
TRD_801529,ORD_501529,USR_HFT_002,BTC,BUY,7443259.3753,0.0078,29.0287,0.0,2026-10-01 12:23:01.000000
TRD_801015,ORD_501015,USR_HFT_001,BTC,BUY,7443259.3753,0.0045,16.7473,0.0,2026-10-01 12:23:04.000000
TRD_802021,ORD_502021,USR_HFT_004,BTC,SELL,7385025.5148,0.0025,9.2313,0.0,2026-10-01 12:40:27.000000
TRD_801895,ORD_501895,USR_HFT_004,BTC,SELL,7385025.5148,0.0029,10.7083,0.0,2026-10-01 12:40:30.000000
TRD_801884,ORD_501884,USR_HFT_004,BTC,SELL,7385025.5148,0.0057,21.0473,0.0,2026-10-01 12:50:47.000000
TRD_800605,ORD_500605,USR_SYS_005,BTC,SELL,7395676.845,0.0526,389.0126,0.0004,2026-10-01 13:30:00.000000
TRD_800146,ORD_500146,USR_RET_006,BTC,BUY,7411207.7664,0.0096,142.2952,0.0021,2026-10-01 14:04:00.000000
TRD_801347,ORD_501347,USR_HFT_002,BTC,SELL,7397155.9804,0.0091,33.6571,0.0,2026-10-01 14:10:21.000000
TRD_801725,ORD_501725,USR_HFT_003,BTC,SELL,7397155.9804,0.0139,51.4102,0.0,2026-10-01 14:25:07.000000
TRD_800928,ORD_500928,USR_HFT_001,BTC,SELL,7397155.9804,0.013,48.0815,0.0,2026-10-01 14:26:51.000000
TRD_801852,ORD_501852,USR_HFT_004,BTC,BUY,7413224.9434,0.0093,34.4715,0.0,2026-10-01 14:35:38.000000
TRD_802391,ORD_502391,USR_HFT_005,BTC,BUY,7413224.9434,0.0115,42.626,0.0,2026-10-01 15:04:05.000000
TRD_801633,ORD_501633,USR_HFT_003,BTC,BUY,7429529.5768,0.009,33.4329,0.0,2026-10-01 15:56:39.000000
TRD_800335,ORD_500335,USR_RET_013,BTC,SELL,7420461.7982,0.0134,198.8684,0.0007,2026-10-01 16:35:00.000000
TRD_801974,ORD_501974,USR_HFT_004,BTC,SELL,7427144.892,0.0124,46.0483,0.0,2026-10-01 16:41:12.000000
TRD_800303,ORD_500303,USR_RET_012,BTC,BUY,7448679.3053,0.0112,166.8504,0.0031,2026-10-01 16:55:00.000000
TRD_801186,ORD_501186,USR_HFT_001,BTC,BUY,7424174.628,0.0092,34.1512,0.0,2026-10-01 17:02:58.000000
TRD_801402,ORD_501402,USR_HFT_002,BTC,BUY,7424174.628,0.0114,42.3178,0.0,2026-10-01 17:26:32.000000
TRD_800924,ORD_500924,USR_HFT_001,BTC,BUY,7409155.6424,0.0059,21.857,0.0,2026-10-01 17:33:26.000000
TRD_800306,ORD_500306,USR_RET_012,BTC,BUY,7435092.8746,0.0483,718.23,0.0033,2026-10-01 17:43:00.000000
TRD_800426,ORD_500426,USR_SYS_001,BTC,BUY,7410637.77,0.0476,352.7464,0.0002,2026-10-01 17:45:00.000000
TRD_800506,ORD_500506,USR_SYS_003,BTC,BUY,7428660.795,0.0563,418.2336,0.0002,2026-10-01 18:45:00.000000
TRD_801506,ORD_501506,USR_HFT_002,BTC,SELL,7430146.5272,0.0115,42.7233,0.0,2026-10-01 18:53:29.000000
TRD_801207,ORD_501207,USR_HFT_001,BTC,BUY,7427175.0628,0.0079,29.3373,0.0,2026-10-01 19:04:44.000000
TRD_802067,ORD_502067,USR_HFT_004,BTC,SELL,7449884.2039,0.0099,36.8769,0.0,2026-10-01 20:37:39.000000
TRD_801837,ORD_501837,USR_HFT_004,BTC,BUY,7446904.8461,0.0021,7.8193,0.0,2026-10-01 21:07:40.000000
TRD_802090,ORD_502090,USR_HFT_004,BTC,BUY,7446904.8461,0.0133,49.5219,0.0,2026-10-01 21:07:56.000000
TRD_802071,ORD_502071,USR_HFT_004,BTC,SELL,7453368.2606,0.0134,49.9376,0.0,2026-10-01 21:40:00.000000
TRD_801552,ORD_501552,USR_HFT_003,BTC,BUY,7450387.5094,0.0044,16.3909,0.0,2026-10-01 22:09:43.000000
TRD_801824,ORD_501824,USR_HFT_004,BTC,SELL,7506479.7658,0.0106,39.7843,0.0,2026-10-01 23:30:24.000000
TRD_800346,ORD_500346,USR_RET_014,BTC,BUY,7523741.2169,0.0759,1142.1039,0.0025,2026-10-01 23:31:00.000000
TRD_802369,ORD_502369,USR_HFT_005,BTC,SELL,7506479.7658,0.0062,23.2701,0.0,2026-10-02 00:18:43.000000
TRD_801220,ORD_501220,USR_HFT_001,BTC,SELL,7506479.7658,0.0091,34.1545,0.0,2026-10-02 00:25:41.000000
TRD_800537,ORD_500537,USR_SYS_003,BTC,SELL,7493769.36,0.0256,191.8405,0.0004,2026-10-02 00:30:00.000000
TRD_800719,ORD_500719,USR_SYS_007,BTC,SELL,7493769.36,0.0316,236.8031,0.0004,2026-10-02 00:30:00.000000
TRD_802493,ORD_502493,USR_HFT_005,BTC,SELL,7495268.1139,0.0132,49.4688,0.0,2026-10-02 00:32:39.000000
TRD_800488,ORD_500488,USR_SYS_002,BTC,BUY,7493769.36,0.0577,432.3905,0.0002,2026-10-02 00:45:00.000000
TRD_800367,ORD_500367,USR_RET_015,BTC,SELL,7475034.9366,0.0765,1143.6803,0.0025,2026-10-02 01:05:00.000000
TRD_800148,ORD_500148,USR_RET_006,BTC,SELL,7468290.5442,0.0133,198.6565,0.0034,2026-10-02 01:11:00.000000
TRD_800350,ORD_500350,USR_RET_014,BTC,BUY,7513328.3379,0.1493,2243.4798,0.0031,2026-10-02 01:37:00.000000
TRD_801733,ORD_501733,USR_HFT_003,BTC,SELL,7491607.0218,0.0119,44.5751,0.0,2026-10-02 02:03:14.000000
TRD_800198,ORD_500198,USR_RET_008,BTC,SELL,7479622.8474,0.0174,260.2909,0.0014,2026-10-02 02:23:00.000000
TRD_800457,ORD_500457,USR_SYS_002,BTC,SELL,7482231.615,0.0536,401.0476,0.0004,2026-10-02 02:30:00.000000
TRD_800463,ORD_500463,USR_SYS_002,BTC,SELL,7482231.615,0.0232,173.5878,0.0004,2026-10-02 02:30:00.000000
TRD_802295,ORD_502295,USR_HFT_005,BTC,SELL,7483728.0613,0.0046,17.2126,0.0,2026-10-02 03:15:33.000000
TRD_801898,ORD_501898,USR_HFT_004,BTC,BUY,7480735.1687,0.0052,19.4499,0.0,2026-10-02 03:24:36.000000
TRD_802106,ORD_502106,USR_HFT_004,BTC,BUY,7498851.0348,0.011,41.2437,0.0,2026-10-02 03:54:10.000000
TRD_802439,ORD_502439,USR_HFT_005,BTC,BUY,7498851.0348,0.0096,35.9945,0.0,2026-10-02 03:57:23.000000
TRD_802360,ORD_502360,USR_HFT_005,BTC,BUY,7498851.0348,0.0064,23.9963,0.0,2026-10-02 04:26:39.000000
TRD_801221,ORD_501221,USR_HFT_001,BTC,SELL,7513386.8019,0.0128,48.0857,0.0,2026-10-02 05:03:33.000000
TRD_801540,ORD_501540,USR_HFT_002,BTC,SELL,7513386.8019,0.0058,21.7888,0.0,2026-10-02 05:15:11.000000
TRD_801355,ORD_501355,USR_HFT_002,BTC,SELL,7513386.8019,0.0147,55.2234,0.0,2026-10-02 05:16:04.000000
TRD_801473,ORD_501473,USR_HFT_002,BTC,BUY,7501962.0724,0.0091,34.1339,0.0,2026-10-02 05:45:08.000000
TRD_801222,ORD_501222,USR_HFT_001,BTC,SELL,7504963.4576,0.006,22.5149,0.0,2026-10-02 05:47:38.000000
TRD_800321,ORD_500321,USR_RET_013,BTC,SELL,7480202.0304,0.0077,115.1951,0.0031,2026-10-02 05:53:00.000000
TRD_800083,ORD_500083,USR_RET_004,BTC,SELL,7487705.4932,0.0052,77.8721,0.0021,2026-10-02 06:01:00.000000
TRD_801838,ORD_501838,USR_HFT_004,BTC,BUY,7501962.0724,0.0088,33.0086,0.0,2026-10-02 06:25:06.000000
TRD_802120,ORD_502120,USR_HFT_004,BTC,BUY,7513032.093,0.0064,24.0417,0.0,2026-10-02 06:35:56.000000
TRD_802121,ORD_502121,USR_HFT_004,BTC,SELL,7513032.093,0.0064,24.0417,0.0,2026-10-02 06:36:00.612311
TRD_802192,ORD_502192,USR_HFT_005,BTC,SELL,7516037.907,0.0105,39.4592,0.0,2026-10-02 06:43:43.000000
TRD_801739,ORD_501739,USR_HFT_003,BTC,BUY,7513032.093,0.0047,17.6556,0.0,2026-10-02 07:11:53.000000
TRD_802285,ORD_502285,USR_HFT_005,BTC,SELL,7540645.8276,0.0031,11.688,0.0,2026-10-02 07:30:49.000000
TRD_800035,ORD_500035,USR_RET_002,BTC,BUY,7548184.9656,0.0352,531.3922,0.0012,2026-10-02 07:35:00.000000
TRD_801004,ORD_501004,USR_HFT_001,BTC,BUY,7537630.1724,0.0109,41.0801,0.0,2026-10-02 07:56:40.000000
TRD_801875,ORD_501875,USR_HFT_004,BTC,SELL,7540645.8276,0.0132,49.7683,0.0,2026-10-02 07:59:50.000000
TRD_802516,ORD_502516,USR_HFT_005,BTC,SELL,7540645.8276,0.0135,50.8994,0.0,2026-10-02 08:01:03.000000
TRD_800368,ORD_500368,USR_RET_015,BTC,BUY,7554970.1898,0.0141,213.0502,0.0021,2026-10-02 08:03:00.000000
TRD_801587,ORD_501587,USR_HFT_003,BTC,BUY,7537630.1724,0.009,33.9193,0.0,2026-10-02 08:05:43.000000
TRD_800017,ORD_500017,USR_RET_001,BTC,BUY,7556478.0174,0.0123,185.8894,0.0023,2026-10-02 08:06:00.000000
TRD_800436,ORD_500436,USR_SYS_001,BTC,BUY,7567891.65,0.0564,426.8291,0.0002,2026-10-02 08:45:00.000000
TRD_802497,ORD_502497,USR_HFT_005,BTC,BUY,7566378.0717,0.0112,42.3717,0.0,2026-10-02 08:48:43.000000
TRD_802424,ORD_502424,USR_HFT_005,BTC,BUY,7566378.0717,0.003,11.3496,0.0,2026-10-02 08:48:51.000000
TRD_801498,ORD_501498,USR_HFT_002,BTC,SELL,7569405.2283,0.0065,24.6006,0.0,2026-10-02 09:10:55.000000
TRD_801619,ORD_501619,USR_HFT_003,BTC,SELL,7569405.2283,0.0122,46.1734,0.0,2026-10-02 09:25:06.000000
TRD_801028,ORD_501028,USR_HFT_001,BTC,SELL,7612700.1206,0.002,7.6127,0.0,2026-10-02 10:30:47.000000
TRD_800072,ORD_500072,USR_RET_004,BTC,BUY,7637817.0076,0.0485,740.8682,0.0035,2026-10-02 10:33:00.000000
TRD_802039,ORD_502039,USR_HFT_004,BTC,BUY,7609655.6494,0.0025,9.5121,0.0,2026-10-02 10:40:55.000000
TRD_802342,ORD_502342,USR_HFT_005,BTC,SELL,7612700.1206,0.0035,13.3222,0.0,2026-10-02 10:43:26.000000
TRD_801769,ORD_501769,USR_HFT_003,BTC,SELL,7612700.1206,0.005,19.0318,0.0,2026-10-02 11:26:31.000000
TRD_801012,ORD_501012,USR_HFT_001,BTC,BUY,7608853.9998,0.0122,46.414,0.0,2026-10-02 11:58:04.000000
TRD_800807,ORD_500807,USR_SYS_009,BTC,SELL,7618934.025,0.0537,409.1368,0.0004,2026-10-02 12:30:00.000000
TRD_800517,ORD_500517,USR_SYS_003,BTC,SELL,7618934.025,0.0383,291.8052,0.0004,2026-10-02 12:30:00.000000
TRD_800702,ORD_500702,USR_SYS_007,BTC,BUY,7618934.025,0.0559,425.8984,0.0002,2026-10-02 12:45:00.000000
TRD_801376,ORD_501376,USR_HFT_002,BTC,BUY,7617410.2382,0.0119,45.3236,0.0,2026-10-02 12:47:48.000000
TRD_802459,ORD_502459,USR_HFT_005,BTC,SELL,7620457.8118,0.0029,11.0497,0.0,2026-10-02 13:11:31.000000
TRD_800963,ORD_500963,USR_HFT_001,BTC,BUY,7617410.2382,0.0083,31.6123,0.0,2026-10-02 13:20:20.000000
TRD_801892,ORD_501892,USR_HFT_004,BTC,BUY,7630359.6228,0.004,15.2607,0.0,2026-10-02 13:33:37.000000
TRD_800410,ORD_500410,USR_SYS_001,BTC,BUY,7631886.0,0.035,267.116,0.0002,2026-10-02 13:45:00.000000
TRD_801344,ORD_501344,USR_HFT_002,BTC,SELL,7633412.3772,0.0038,14.5035,0.0,2026-10-02 13:46:02.000000
TRD_801371,ORD_501371,USR_HFT_002,BTC,SELL,7633412.3772,0.0022,8.3968,0.0,2026-10-02 14:14:05.000000
TRD_802091,ORD_502091,USR_HFT_004,BTC,SELL,7644744.4132,0.015,57.3356,0.0,2026-10-02 14:30:03.000000
TRD_802043,ORD_502043,USR_HFT_004,BTC,SELL,7644744.4132,0.0126,48.1619,0.0,2026-10-02 14:37:55.000000
TRD_802036,ORD_502036,USR_HFT_004,BTC,SELL,7644744.4132,0.0143,54.6599,0.0,2026-10-02 14:44:01.000000
TRD_800598,ORD_500598,USR_SYS_005,BTC,BUY,7643215.77,0.0479,366.11,0.0002,2026-10-02 14:45:00.000000
TRD_800760,ORD_500760,USR_SYS_008,BTC,BUY,7643215.77,0.0525,401.2688,0.0002,2026-10-02 14:45:00.000000
TRD_801010,ORD_501010,USR_HFT_001,BTC,BUY,7641687.1268,0.0096,36.6801,0.0,2026-10-02 15:03:39.000000
TRD_802135,ORD_502135,USR_HFT_004,BTC,SELL,7644744.4132,0.0051,19.4941,0.0,2026-10-02 15:14:29.000000
TRD_801249,ORD_501249,USR_HFT_002,BTC,BUY,7641687.1268,0.009,34.3876,0.0,2026-10-02 15:17:52.000000
TRD_802183,ORD_502183,USR_HFT_005,BTC,SELL,7644744.4132,0.0068,25.9921,0.0,2026-10-02 15:28:56.000000
TRD_801333,ORD_501333,USR_HFT_002,BTC,BUY,7635810.1325,0.0146,55.7414,0.0,2026-10-02 15:32:46.000000
TRD_801204,ORD_501204,USR_HFT_001,BTC,SELL,7638865.0675,0.012,45.8332,0.0,2026-10-02 15:43:57.000000
TRD_800622,ORD_500622,USR_SYS_005,BTC,BUY,7637337.6,0.0274,209.2631,0.0002,2026-10-02 15:45:00.000000
TRD_800862,ORD_500862,USR_SYS_010,BTC,BUY,7637337.6,0.0579,442.2018,0.0002,2026-10-02 15:45:00.000000
TRD_802176,ORD_502176,USR_HFT_004,BTC,BUY,7635810.1325,0.0106,40.4698,0.0,2026-10-02 15:59:42.000000
TRD_802161,ORD_502161,USR_HFT_004,BTC,SELL,7638865.0675,0.0053,20.243,0.0,2026-10-02 16:08:37.000000
TRD_801644,ORD_501644,USR_HFT_003,BTC,SELL,7638865.0675,0.0077,29.4096,0.0,2026-10-02 16:10:41.000000
TRD_802485,ORD_502485,USR_HFT_005,BTC,SELL,7638865.0675,0.0021,8.0208,0.0,2026-10-02 16:13:39.000000
TRD_800612,ORD_500612,USR_SYS_005,BTC,BUY,7648599.225,0.0502,383.9597,0.0002,2026-10-02 16:45:00.000000
TRD_800742,ORD_500742,USR_SYS_008,BTC,BUY,7648599.225,0.0286,218.7499,0.0002,2026-10-02 16:45:00.000000
TRD_801700,ORD_501700,USR_HFT_003,BTC,SELL,7650128.9448,0.0089,34.0431,0.0,2026-10-02 16:53:28.000000
TRD_802524,ORD_502524,USR_HFT_005,BTC,BUY,7681148.463,0.009,34.5652,0.0,2026-10-02 17:31:16.000000
TRD_800217,ORD_500217,USR_RET_009,BTC,SELL,7671160.9725,0.0724,1110.7841,0.0015,2026-10-02 17:42:00.000000
TRD_800530,ORD_500530,USR_SYS_003,BTC,BUY,7682685.0,0.0241,185.1527,0.0002,2026-10-02 17:45:00.000000
TRD_800860,ORD_500860,USR_SYS_010,BTC,BUY,7682685.0,0.0328,251.9921,0.0002,2026-10-02 17:45:00.000000
TRD_801829,ORD_501829,USR_HFT_004,BTC,BUY,7681148.463,0.0113,43.3985,0.0,2026-10-02 17:47:20.000000
TRD_800258,ORD_500258,USR_RET_010,BTC,BUY,7687294.611,0.0339,521.1986,0.0006,2026-10-02 18:09:00.000000
TRD_800657,ORD_500657,USR_SYS_006,BTC,SELL,7661006.925,0.0235,180.0337,0.0004,2026-10-02 18:30:00.000000
TRD_800503,ORD_500503,USR_SYS_003,BTC,SELL,7661006.925,0.0426,326.3589,0.0004,2026-10-02 18:30:00.000000
TRD_802187,ORD_502187,USR_HFT_005,BTC,SELL,7662539.1264,0.0077,29.5008,0.0,2026-10-02 18:38:13.000000
TRD_800259,ORD_500259,USR_RET_010,BTC,BUY,7679393.3416,0.0294,451.5483,0.0024,2026-10-02 18:55:00.000000
TRD_800003,ORD_500003,USR_RET_001,BTC,BUY,7599976.5503,0.0061,92.7197,0.0022,2026-10-02 19:48:00.000000
TRD_801643,ORD_501643,USR_HFT_003,BTC,BUY,7549840.7298,0.0139,52.4714,0.0,2026-10-02 20:49:51.000000
TRD_802302,ORD_502302,USR_HFT_005,BTC,SELL,7552861.2702,0.0129,48.716,0.0,2026-10-02 21:20:51.000000
TRD_802315,ORD_502315,USR_HFT_005,BTC,BUY,7549840.7298,0.0045,16.9871,0.0,2026-10-02 21:22:46.000000
TRD_802325,ORD_502325,USR_HFT_005,BTC,BUY,7535153.5528,0.0032,12.0562,0.0,2026-10-02 21:58:57.000000
TRD_801125,ORD_501125,USR_HFT_001,BTC,BUY,7535153.5528,0.0139,52.3693,0.0,2026-10-02 21:59:55.000000
TRD_801460,ORD_501460,USR_HFT_002,BTC,BUY,7535153.5528,0.0146,55.0066,0.0,2026-10-02 22:03:45.000000
TRD_801323,ORD_501323,USR_HFT_002,BTC,BUY,7501064.8619,0.0097,36.3802,0.0,2026-10-02 22:33:58.000000
TRD_800169,ORD_500169,USR_RET_007,BTC,BUY,7509317.6838,0.0135,202.7516,0.0009,2026-10-02 22:37:00.000000
TRD_800753,ORD_500753,USR_SYS_008,BTC,SELL,7457187.885,0.0304,226.6985,0.0004,2026-10-02 23:30:00.000000
TRD_802277,ORD_502277,USR_HFT_005,BTC,SELL,7458679.3226,0.0122,45.4979,0.0,2026-10-02 23:30:37.000000
TRD_801957,ORD_501957,USR_HFT_004,BTC,BUY,7455696.4474,0.0139,51.8171,0.0,2026-10-02 23:33:27.000000
TRD_801426,ORD_501426,USR_HFT_002,BTC,SELL,7463394.6605,0.0081,30.2267,0.0,2026-10-03 01:20:45.000000
TRD_800587,ORD_500587,USR_SYS_004,BTC,SELL,7474625.04,0.0574,429.0435,0.0004,2026-10-03 01:30:00.000000
TRD_801817,ORD_501817,USR_HFT_003,BTC,BUY,7473130.115,0.0027,10.0887,0.0,2026-10-03 01:46:35.000000
TRD_800228,ORD_500228,USR_RET_009,BTC,BUY,7498543.8401,0.0086,128.975,0.0032,2026-10-03 01:50:00.000000
TRD_800189,ORD_500189,USR_RET_008,BTC,BUY,7748196.3165,0.0257,398.2573,0.0366,2026-10-03 02:10:00.000000
TRD_801880,ORD_501880,USR_HFT_004,BTC,SELL,7476119.965,0.005,18.6903,0.0,2026-10-03 02:22:10.000000
TRD_802148,ORD_502148,USR_HFT_004,BTC,SELL,7476119.965,0.0042,15.6999,0.0,2026-10-03 02:26:16.000000
TRD_801206,ORD_501206,USR_HFT_001,BTC,BUY,7479558.3541,0.0035,13.0892,0.0,2026-10-03 02:30:16.000000
TRD_800893,ORD_500893,USR_HFT_001,BTC,SELL,7482550.7759,0.0144,53.8744,0.0,2026-10-03 02:31:28.000000
TRD_800522,ORD_500522,USR_SYS_003,BTC,BUY,7481054.565,0.0387,289.5168,0.0002,2026-10-03 02:45:00.000000
TRD_801172,ORD_501172,USR_HFT_001,BTC,SELL,7482550.7759,0.0033,12.3462,0.0,2026-10-03 03:23:44.000000
TRD_800690,ORD_500690,USR_SYS_007,BTC,BUY,7483560.0,0.0353,264.1697,0.0002,2026-10-03 03:45:00.000000
TRD_800786,ORD_500786,USR_SYS_009,BTC,BUY,7483560.0,0.0365,273.1499,0.0002,2026-10-03 03:45:00.000000
TRD_800252,ORD_500252,USR_RET_010,BTC,BUY,7494036.984,0.011,164.8688,0.0014,2026-10-03 04:19:00.000000
TRD_800054,ORD_500054,USR_RET_003,BTC,SELL,7458864.252,0.047,701.1332,0.0033,2026-10-03 04:20:00.000000
TRD_802264,ORD_502264,USR_HFT_005,BTC,BUY,7478347.9162,0.0042,15.7045,0.0,2026-10-03 04:57:19.000000
TRD_800949,ORD_500949,USR_HFT_001,BTC,BUY,7478347.9162,0.0037,13.8349,0.0,2026-10-03 04:58:16.000000
TRD_801999,ORD_501999,USR_HFT_004,BTC,BUY,7478347.9162,0.0043,16.0784,0.0,2026-10-03 05:10:30.000000
TRD_802200,ORD_502200,USR_HFT_005,BTC,SELL,7493918.2189,0.0029,10.8662,0.0,2026-10-03 05:31:03.000000
TRD_802204,ORD_502204,USR_HFT_005,BTC,BUY,7490921.2511,0.0029,10.8618,0.0,2026-10-03 05:39:32.000000
TRD_800428,ORD_500428,USR_SYS_001,BTC,BUY,7492419.735,0.0456,341.6543,0.0002,2026-10-03 05:45:00.000000
TRD_800748,ORD_500748,USR_SYS_008,BTC,BUY,7492419.735,0.0342,256.2408,0.0002,2026-10-03 05:45:00.000000
TRD_802110,ORD_502110,USR_HFT_004,BTC,SELL,7493918.2189,0.0122,45.7129,0.0,2026-10-03 05:49:04.000000
TRD_802293,ORD_502293,USR_HFT_005,BTC,BUY,7490921.2511,0.0071,26.5928,0.0,2026-10-03 06:00:20.000000
TRD_801078,ORD_501078,USR_HFT_001,BTC,BUY,7490921.2511,0.0067,25.0946,0.0,2026-10-03 06:20:43.000000
TRD_801641,ORD_501641,USR_HFT_003,BTC,BUY,7489141.872,0.014,52.424,0.0,2026-10-03 06:40:19.000000
TRD_802031,ORD_502031,USR_HFT_004,BTC,BUY,7489141.872,0.0075,28.0843,0.0,2026-10-03 06:57:05.000000
TRD_800868,ORD_500868,USR_HFT_001,BTC,SELL,7492138.128,0.0043,16.1081,0.0,2026-10-03 07:01:40.000000
TRD_801016,ORD_501016,USR_HFT_001,BTC,BUY,7489141.872,0.0142,53.1729,0.0,2026-10-03 07:24:48.000000
TRD_802223,ORD_502223,USR_HFT_005,BTC,BUY,7485602.58,0.0121,45.2879,0.0,2026-10-03 07:30:40.000000
TRD_801135,ORD_501135,USR_HFT_001,BTC,SELL,7488597.42,0.0133,49.7992,0.0,2026-10-03 07:44:14.000000
TRD_800049,ORD_500049,USR_RET_003,BTC,SELL,7474371.93,0.0203,303.4595,0.0017,2026-10-03 08:07:00.000000
TRD_801503,ORD_501503,USR_HFT_002,BTC,SELL,7488597.42,0.0052,19.4704,0.0,2026-10-03 08:14:46.000000
TRD_800945,ORD_500945,USR_HFT_001,BTC,BUY,7485602.58,0.0146,54.6449,0.0,2026-10-03 08:28:07.000000
TRD_800144,ORD_500144,USR_RET_006,BTC,BUY,7509403.6999,0.0349,524.1564,0.0018,2026-10-03 08:40:00.000000
TRD_802331,ORD_502331,USR_HFT_005,BTC,SELL,7497410.2422,0.0068,25.4912,0.0,2026-10-03 08:44:24.000000
TRD_801168,ORD_501168,USR_HFT_001,BTC,BUY,7494411.8778,0.0074,27.7293,0.0,2026-10-03 09:02:59.000000
TRD_801607,ORD_501607,USR_HFT_003,BTC,BUY,7494411.8778,0.0148,55.4586,0.0,2026-10-03 09:19:15.000000
TRD_800427,ORD_500427,USR_SYS_001,BTC,SELL,7485084.855,0.0476,356.29,0.0004,2026-10-03 09:30:00.000000
TRD_800292,ORD_500292,USR_RET_012,BTC,BUY,7508288.6181,0.0118,177.1956,0.0031,2026-10-03 09:37:00.000000
TRD_800466,ORD_500466,USR_SYS_002,BTC,BUY,7485084.855,0.04,299.4034,0.0002,2026-10-03 09:45:00.000000
TRD_800892,ORD_500892,USR_HFT_001,BTC,BUY,7483587.838,0.0035,13.0963,0.0,2026-10-03 09:50:31.000000
TRD_801265,ORD_501265,USR_HFT_002,BTC,BUY,7483587.838,0.0043,16.0897,0.0,2026-10-03 09:59:45.000000
TRD_801940,ORD_501940,USR_HFT_004,BTC,BUY,7483587.838,0.009,33.6761,0.0,2026-10-03 10:28:44.000000
TRD_800918,ORD_500918,USR_HFT_001,BTC,BUY,7483587.838,0.0138,51.6368,0.0,2026-10-03 10:29:10.000000
TRD_800507,ORD_500507,USR_SYS_003,BTC,SELL,7491709.965,0.0563,421.7833,0.0004,2026-10-03 10:30:00.000000
TRD_802122,ORD_502122,USR_HFT_004,BTC,SELL,7493208.307,0.0104,38.9647,0.0,2026-10-03 10:33:34.000000
TRD_801236,ORD_501236,USR_HFT_002,BTC,SELL,7493208.307,0.0076,28.4742,0.0,2026-10-03 10:45:55.000000
TRD_800966,ORD_500966,USR_HFT_001,BTC,BUY,7490211.623,0.0108,40.4471,0.0,2026-10-03 10:57:51.000000
TRD_800212,ORD_500212,USR_RET_009,BTC,SELL,7473729.8611,0.0329,491.7714,0.0024,2026-10-03 11:00:00.000000
TRD_800037,ORD_500037,USR_RET_002,BTC,BUY,7500084.1359,0.0073,109.5012,0.0019,2026-10-03 11:33:00.000000
TRD_801758,ORD_501758,USR_HFT_003,BTC,SELL,7487358.1722,0.0038,14.226,0.0,2026-10-03 12:07:00.000000
TRD_802498,ORD_502498,USR_HFT_005,BTC,BUY,7482063.288,0.0044,16.4605,0.0,2026-10-03 12:37:22.000000
TRD_800154,ORD_500154,USR_RET_007,BTC,BUY,7504513.968,0.0953,1430.3604,0.0028,2026-10-03 12:52:00.000000
TRD_800952,ORD_500952,USR_HFT_001,BTC,SELL,7485056.712,0.0109,40.7936,0.0,2026-10-03 13:10:55.000000
TRD_800100,ORD_500100,USR_RET_005,BTC,SELL,7473624.1034,0.0238,355.7445,0.0018,2026-10-03 14:31:00.000000
TRD_801795,ORD_501795,USR_HFT_003,BTC,SELL,7488598.3052,0.0037,13.8539,0.0,2026-10-03 14:42:00.000000
TRD_800720,ORD_500720,USR_SYS_008,BTC,BUY,7487100.885,0.0473,354.1399,0.0002,2026-10-03 14:45:00.000000
TRD_801551,ORD_501551,USR_HFT_003,BTC,BUY,7485603.4648,0.0126,47.1593,0.0,2026-10-03 15:01:43.000000
TRD_801512,ORD_501512,USR_HFT_002,BTC,SELL,7491795.5645,0.0103,38.5827,0.0,2026-10-03 15:57:19.000000
TRD_801116,ORD_501116,USR_HFT_001,BTC,SELL,7491795.5645,0.015,56.1885,0.0,2026-10-03 16:29:15.000000
TRD_800489,ORD_500489,USR_SYS_002,BTC,SELL,7493472.885,0.0577,432.3734,0.0004,2026-10-03 16:30:00.000000
TRD_801777,ORD_501777,USR_HFT_003,BTC,SELL,7494971.5796,0.0061,22.8597,0.0,2026-10-03 16:54:07.000000
TRD_802242,ORD_502242,USR_HFT_005,BTC,BUY,7491974.1904,0.0082,30.7171,0.0,2026-10-03 16:59:22.000000
TRD_800104,ORD_500104,USR_RET_005,BTC,SELL,7506579.6982,0.0621,932.3172,0.0008,2026-10-03 17:38:00.000000
TRD_802299,ORD_502299,USR_HFT_005,BTC,SELL,7514092.288,0.0117,43.9574,0.0,2026-10-03 18:12:23.000000
TRD_800090,ORD_500090,USR_RET_004,BTC,SELL,7488549.4827,0.0274,410.3725,0.0032,2026-10-03 18:23:00.000000
TRD_802044,ORD_502044,USR_HFT_004,BTC,BUY,7509496.3403,0.0106,39.8003,0.0,2026-10-03 18:40:40.000000
TRD_800758,ORD_500758,USR_SYS_008,BTC,BUY,7509756.885,0.0274,205.7673,0.0002,2026-10-03 19:45:00.000000
TRD_800846,ORD_500846,USR_SYS_010,BTC,BUY,7509756.885,0.0298,223.7908,0.0002,2026-10-03 19:45:00.000000
TRD_800328,ORD_500328,USR_RET_013,BTC,BUY,7514262.7391,0.0698,1048.9911,0.0006,2026-10-03 20:22:00.000000
TRD_801373,ORD_501373,USR_HFT_002,BTC,SELL,7512256.4309,0.0027,10.1415,0.0,2026-10-03 20:38:15.000000
TRD_800724,ORD_500724,USR_SYS_008,BTC,BUY,7510754.28,0.0354,265.8807,0.0002,2026-10-03 20:45:00.000000
TRD_801757,ORD_501757,USR_HFT_003,BTC,BUY,7509252.1291,0.0023,8.6356,0.0,2026-10-03 21:22:21.000000
TRD_800944,ORD_500944,USR_HFT_001,BTC,SELL,7512256.4309,0.014,52.5858,0.0,2026-10-03 21:24:37.000000
TRD_802525,ORD_502525,USR_HFT_005,BTC,BUY,7509318.4909,0.011,41.3013,0.0,2026-10-03 21:33:22.000000
TRD_802476,ORD_502476,USR_HFT_005,BTC,SELL,7512322.8191,0.0126,47.3276,0.0,2026-10-03 21:33:54.000000
TRD_802098,ORD_502098,USR_HFT_004,BTC,SELL,7525066.7124,0.0078,29.3478,0.0,2026-10-03 22:59:28.000000
TRD_801337,ORD_501337,USR_HFT_002,BTC,BUY,7522057.2876,0.0144,54.1588,0.0,2026-10-03 23:29:45.000000
TRD_801108,ORD_501108,USR_HFT_001,BTC,SELL,7519577.7298,0.0102,38.3498,0.0,2026-10-04 00:24:50.000000
TRD_800437,ORD_500437,USR_SYS_001,BTC,SELL,7508561.25,0.0564,423.4829,0.0004,2026-10-04 00:30:00.000000
TRD_802198,ORD_502198,USR_HFT_005,BTC,BUY,7507059.5378,0.013,48.7959,0.0,2026-10-04 00:33:13.000000
TRD_802107,ORD_502107,USR_HFT_004,BTC,SELL,7510062.9622,0.0074,27.7872,0.0,2026-10-04 00:39:59.000000
TRD_801332,ORD_501332,USR_HFT_002,BTC,BUY,7507059.5378,0.0078,29.2775,0.0,2026-10-04 00:40:14.000000
TRD_800728,ORD_500728,USR_SYS_008,BTC,BUY,7508561.25,0.0317,238.0214,0.0002,2026-10-04 00:45:00.000000
TRD_800844,ORD_500844,USR_SYS_010,BTC,BUY,7508561.25,0.0595,446.7594,0.0002,2026-10-04 00:45:00.000000
TRD_802156,ORD_502156,USR_HFT_004,BTC,SELL,7510062.9622,0.0137,51.4439,0.0,2026-10-04 01:06:13.000000
TRD_802291,ORD_502291,USR_HFT_005,BTC,SELL,7510062.9622,0.0148,55.5745,0.0,2026-10-04 01:18:39.000000
TRD_800584,ORD_500584,USR_SYS_004,BTC,BUY,7500352.875,0.025,187.5088,0.0002,2026-10-04 01:45:00.000000
TRD_801862,ORD_501862,USR_HFT_004,BTC,BUY,7498852.8044,0.01,37.4943,0.0,2026-10-04 01:46:24.000000
TRD_801832,ORD_501832,USR_HFT_004,BTC,SELL,7501852.9456,0.0097,36.384,0.0,2026-10-04 02:01:30.000000
TRD_801712,ORD_501712,USR_HFT_003,BTC,SELL,7501852.9456,0.0138,51.7628,0.0,2026-10-04 02:11:38.000000
TRD_801557,ORD_501557,USR_HFT_003,BTC,BUY,7498852.8044,0.0064,23.9963,0.0,2026-10-04 02:12:34.000000
TRD_801272,ORD_501272,USR_HFT_002,BTC,BUY,7495791.3168,0.0091,34.1059,0.0,2026-10-04 02:35:07.000000
TRD_801698,ORD_501698,USR_HFT_003,BTC,BUY,7495791.3168,0.0116,43.4756,0.0,2026-10-04 02:48:58.000000
TRD_801199,ORD_501199,USR_HFT_001,BTC,SELL,7498790.2332,0.0066,24.746,0.0,2026-10-04 03:02:21.000000
TRD_800231,ORD_500231,USR_RET_009,BTC,BUY,7519782.6473,0.0059,88.7334,0.003,2026-10-04 03:08:00.000000
TRD_802443,ORD_502443,USR_HFT_005,BTC,BUY,7501176.3496,0.013,48.7576,0.0,2026-10-04 04:13:13.000000
TRD_800703,ORD_500703,USR_SYS_007,BTC,SELL,7500690.06,0.0559,419.2886,0.0004,2026-10-04 04:30:00.000000
TRD_802322,ORD_502322,USR_HFT_005,BTC,SELL,7502190.198,0.008,30.0088,0.0,2026-10-04 04:30:52.000000
TRD_800714,ORD_500714,USR_SYS_007,BTC,BUY,7500690.06,0.0332,249.0229,0.0002,2026-10-04 04:45:00.000000
TRD_801690,ORD_501690,USR_HFT_003,BTC,SELL,7502190.198,0.0085,31.8843,0.0,2026-10-04 04:45:12.000000
TRD_801737,ORD_501737,USR_HFT_003,BTC,BUY,7499189.922,0.0033,12.3737,0.0,2026-10-04 04:58:50.000000
TRD_801905,ORD_501905,USR_HFT_004,BTC,BUY,7499189.922,0.0114,42.7454,0.0,2026-10-04 05:23:05.000000
TRD_800411,ORD_500411,USR_SYS_001,BTC,SELL,7503915.0,0.035,262.637,0.0004,2026-10-04 05:30:00.000000
TRD_800120,ORD_500120,USR_RET_005,BTC,BUY,7522674.7875,0.0166,249.7528,0.0025,2026-10-04 05:37:00.000000
TRD_800171,ORD_500171,USR_RET_007,BTC,SELL,7490407.953,0.0318,476.3899,0.0018,2026-10-04 05:57:00.000000
TRD_800172,ORD_500172,USR_RET_007,BTC,SELL,7483654.4295,0.0085,127.2221,0.0027,2026-10-04 06:23:00.000000
TRD_801293,ORD_501293,USR_HFT_002,BTC,SELL,7505415.783,0.0027,10.1323,0.0,2026-10-04 06:25:24.000000
TRD_800761,ORD_500761,USR_SYS_008,BTC,SELL,7505029.215,0.0525,394.014,0.0004,2026-10-04 06:30:00.000000
TRD_800599,ORD_500599,USR_SYS_005,BTC,SELL,7505029.215,0.0479,359.4909,0.0004,2026-10-04 06:30:00.000000
TRD_801360,ORD_501360,USR_HFT_002,BTC,BUY,7503528.2092,0.0106,39.7687,0.0,2026-10-04 06:43:30.000000
TRD_801210,ORD_501210,USR_HFT_001,BTC,SELL,7506530.2208,0.0079,29.6508,0.0,2026-10-04 06:52:33.000000
TRD_800623,ORD_500623,USR_SYS_005,BTC,SELL,7504992.045,0.0274,205.6368,0.0004,2026-10-04 07:30:00.000000
TRD_800863,ORD_500863,USR_SYS_010,BTC,SELL,7504992.045,0.0579,434.539,0.0004,2026-10-04 07:30:00.000000
TRD_801338,ORD_501338,USR_HFT_002,BTC,BUY,7503491.0466,0.0035,13.1311,0.0,2026-10-04 07:50:18.000000
TRD_800939,ORD_500939,USR_HFT_001,BTC,BUY,7503491.0466,0.0134,50.2734,0.0,2026-10-04 08:11:39.000000
TRD_801193,ORD_501193,USR_HFT_001,BTC,SELL,7506493.0434,0.0068,25.5221,0.0,2026-10-04 08:12:48.000000
TRD_802230,ORD_502230,USR_HFT_005,BTC,BUY,7503491.0466,0.006,22.5105,0.0,2026-10-04 08:21:59.000000
TRD_800613,ORD_500613,USR_SYS_005,BTC,SELL,7508416.995,0.0502,376.9225,0.0004,2026-10-04 08:30:00.000000
TRD_800743,ORD_500743,USR_SYS_008,BTC,SELL,7508416.995,0.0286,214.7407,0.0004,2026-10-04 08:30:00.000000
TRD_802426,ORD_502426,USR_HFT_005,BTC,SELL,7509918.6784,0.0097,36.4231,0.0,2026-10-04 08:59:47.000000
TRD_802532,ORD_502532,USR_HFT_005,BTC,BUY,7506915.3116,0.0084,31.529,0.0,2026-10-04 09:09:37.000000
TRD_802166,ORD_502166,USR_HFT_004,BTC,BUY,7506915.3116,0.0048,18.0166,0.0,2026-10-04 09:12:38.000000
TRD_800531,ORD_500531,USR_SYS_003,BTC,SELL,7505856.69,0.0241,180.8911,0.0004,2026-10-04 09:30:00.000000
TRD_800861,ORD_500861,USR_SYS_010,BTC,SELL,7505856.69,0.0328,246.1921,0.0004,2026-10-04 09:30:00.000000
TRD_802083,ORD_502083,USR_HFT_004,BTC,BUY,7504355.5187,0.0066,24.7644,0.0,2026-10-04 09:31:14.000000
TRD_800804,ORD_500804,USR_SYS_009,BTC,BUY,7505856.69,0.027,202.6581,0.0002,2026-10-04 09:45:00.000000
TRD_800907,ORD_500907,USR_HFT_001,BTC,SELL,7507357.8613,0.0079,29.6541,0.0,2026-10-04 09:53:06.000000
TRD_801936,ORD_501936,USR_HFT_004,BTC,SELL,7507357.8613,0.0083,31.1555,0.0,2026-10-04 10:00:40.000000
TRD_800406,ORD_500406,USR_SYS_001,BTC,BUY,7514712.885,0.0327,245.7311,0.0002,2026-10-04 10:45:00.000000
TRD_801771,ORD_501771,USR_HFT_003,BTC,SELL,7516215.8276,0.0071,26.6826,0.0,2026-10-04 11:00:02.000000
TRD_801464,ORD_501464,USR_HFT_002,BTC,BUY,7513209.9424,0.0136,51.0898,0.0,2026-10-04 11:11:45.000000
TRD_802273,ORD_502273,USR_HFT_005,BTC,BUY,7523803.9282,0.0106,39.8762,0.0,2026-10-04 11:32:24.000000
TRD_801788,ORD_501788,USR_HFT_003,BTC,BUY,7523803.9282,0.012,45.1428,0.0,2026-10-04 11:36:10.000000
TRD_802487,ORD_502487,USR_HFT_005,BTC,SELL,7526814.0518,0.0092,34.6233,0.0,2026-10-04 11:38:08.000000
TRD_802287,ORD_502287,USR_HFT_005,BTC,BUY,7523803.9282,0.0092,34.6095,0.0,2026-10-04 11:41:41.000000
TRD_800788,ORD_500788,USR_SYS_009,BTC,BUY,7525308.99,0.0506,380.7806,0.0002,2026-10-04 11:45:00.000000
TRD_801255,ORD_501255,USR_HFT_002,BTC,BUY,7523803.9282,0.0059,22.1952,0.0,2026-10-04 11:47:53.000000
TRD_800298,ORD_500298,USR_RET_012,BTC,BUY,7547884.917,0.0239,360.7889,0.003,2026-10-04 12:06:00.000000
TRD_801131,ORD_501131,USR_HFT_001,BTC,SELL,7526814.0518,0.0128,48.1716,0.0,2026-10-04 12:09:41.000000
TRD_801729,ORD_501729,USR_HFT_003,BTC,SELL,7526814.0518,0.0022,8.2795,0.0,2026-10-04 12:11:01.000000
TRD_801937,ORD_501937,USR_HFT_004,BTC,BUY,7523803.9282,0.0045,16.9286,0.0,2026-10-04 12:18:15.000000
TRD_800127,ORD_500127,USR_RET_006,BTC,BUY,7548451.1382,0.0424,640.1087,0.0022,2026-10-04 12:55:00.000000
TRD_800388,ORD_500388,USR_RET_015,BTC,SELL,7507025.7927,0.0177,265.7487,0.0033,2026-10-04 12:56:00.000000
TRD_802480,ORD_502480,USR_HFT_005,BTC,BUY,7530374.6238,0.0072,27.1093,0.0,2026-10-04 13:14:39.000000
TRD_802269,ORD_502269,USR_HFT_005,BTC,BUY,7530374.6238,0.0137,51.5831,0.0,2026-10-04 13:18:40.000000
TRD_801963,ORD_501963,USR_HFT_004,BTC,BUY,7541686.201,0.0075,28.2813,0.0,2026-10-04 14:33:37.000000
TRD_802444,ORD_502444,USR_HFT_005,BTC,BUY,7541686.201,0.0059,22.248,0.0,2026-10-04 14:36:16.000000
TRD_800071,ORD_500071,USR_RET_004,BTC,BUY,7568087.383,0.0162,245.206,0.0033,2026-10-04 14:54:00.000000
TRD_800540,ORD_500540,USR_SYS_004,BTC,BUY,7545864.885,0.0377,284.4791,0.0002,2026-10-04 15:45:00.000000
TRD_801309,ORD_501309,USR_HFT_002,BTC,BUY,7544355.712,0.0092,34.704,0.0,2026-10-04 15:50:12.000000
TRD_800125,ORD_500125,USR_RET_006,BTC,BUY,7551901.5769,0.0204,308.1176,0.0008,2026-10-04 16:06:00.000000
TRD_801889,ORD_501889,USR_HFT_004,BTC,BUY,7548377.2326,0.0064,24.1548,0.0,2026-10-04 16:34:00.000000
TRD_800983,ORD_500983,USR_HFT_001,BTC,BUY,7548377.2326,0.003,11.3226,0.0,2026-10-04 16:37:18.000000
TRD_801576,ORD_501576,USR_HFT_003,BTC,SELL,7551397.1874,0.0136,51.3495,0.0,2026-10-04 16:47:04.000000
TRD_802008,ORD_502008,USR_HFT_004,BTC,SELL,7551397.1874,0.0106,40.0224,0.0,2026-10-04 16:48:06.000000
TRD_801038,ORD_501038,USR_HFT_001,BTC,BUY,7548377.2326,0.0024,9.0581,0.0,2026-10-04 17:23:24.000000
TRD_802519,ORD_502519,USR_HFT_005,BTC,SELL,7535329.4545,0.0134,50.4867,0.0,2026-10-04 17:47:33.000000
TRD_801825,ORD_501825,USR_HFT_004,BTC,BUY,7532315.9255,0.0088,33.1422,0.0,2026-10-04 17:48:47.000000
TRD_801071,ORD_501071,USR_HFT_001,BTC,SELL,7535329.4545,0.0142,53.5008,0.0,2026-10-04 17:54:15.000000
TRD_802346,ORD_502346,USR_HFT_005,BTC,SELL,7535329.4545,0.0055,20.7222,0.0,2026-10-04 17:55:43.000000
TRD_802203,ORD_502203,USR_HFT_005,BTC,BUY,7532315.9255,0.0145,54.6093,0.0,2026-10-04 18:22:34.000000
TRD_800523,ORD_500523,USR_SYS_003,BTC,SELL,7543840.89,0.0387,291.9466,0.0004,2026-10-04 18:30:00.000000
TRD_801593,ORD_501593,USR_HFT_003,BTC,BUY,7542332.1218,0.0056,21.1185,0.0,2026-10-04 18:36:44.000000
TRD_800858,ORD_500858,USR_SYS_010,BTC,BUY,7543840.89,0.0332,250.4555,0.0002,2026-10-04 18:45:00.000000
TRD_801243,ORD_501243,USR_HFT_002,BTC,BUY,7542332.1218,0.0101,38.0888,0.0,2026-10-04 19:07:18.000000
TRD_801268,ORD_501268,USR_HFT_002,BTC,BUY,7542332.1218,0.0059,22.2499,0.0,2026-10-04 19:11:22.000000
TRD_802409,ORD_502409,USR_HFT_005,BTC,BUY,7542332.1218,0.0054,20.3643,0.0,2026-10-04 19:22:01.000000
TRD_800787,ORD_500787,USR_SYS_009,BTC,SELL,7547141.94,0.0365,275.4707,0.0004,2026-10-04 19:30:00.000000
TRD_800691,ORD_500691,USR_SYS_007,BTC,SELL,7547141.94,0.0353,266.4141,0.0004,2026-10-04 19:30:00.000000
TRD_801096,ORD_501096,USR_HFT_001,BTC,BUY,7545632.5116,0.0135,50.933,0.0,2026-10-04 19:31:27.000000
TRD_800884,ORD_500884,USR_HFT_001,BTC,SELL,7548651.3684,0.0039,14.7199,0.0,2026-10-04 19:42:44.000000
TRD_800140,ORD_500140,USR_RET_006,BTC,SELL,7532802.3703,0.0405,610.157,0.0019,2026-10-04 19:48:00.000000
TRD_802489,ORD_502489,USR_HFT_005,BTC,BUY,7545632.5116,0.0099,37.3509,0.0,2026-10-04 19:49:46.000000
TRD_801188,ORD_501188,USR_HFT_001,BTC,BUY,7545632.5116,0.0091,34.3326,0.0,2026-10-04 19:57:45.000000
TRD_802119,ORD_502119,USR_HFT_004,BTC,SELL,7548651.3684,0.0059,22.2685,0.0,2026-10-04 20:01:53.000000
TRD_801339,ORD_501339,USR_HFT_002,BTC,SELL,7548651.3684,0.0113,42.6499,0.0,2026-10-04 20:03:09.000000
TRD_802470,ORD_502470,USR_HFT_005,BTC,BUY,7543647.8536,0.0079,29.7974,0.0,2026-10-04 20:33:01.000000
TRD_801279,ORD_501279,USR_HFT_002,BTC,BUY,7543647.8536,0.0034,12.8242,0.0,2026-10-04 20:48:45.000000
TRD_801320,ORD_501320,USR_HFT_002,BTC,SELL,7546665.9164,0.0044,16.6027,0.0,2026-10-04 20:58:27.000000
TRD_801073,ORD_501073,USR_HFT_001,BTC,BUY,7543647.8536,0.0063,23.7625,0.0,2026-10-04 21:07:02.000000
TRD_800749,ORD_500749,USR_SYS_008,BTC,SELL,7555599.0,0.0342,258.4015,0.0004,2026-10-04 21:30:00.000000
TRD_800429,ORD_500429,USR_SYS_001,BTC,SELL,7555599.0,0.0456,344.5353,0.0004,2026-10-04 21:30:00.000000
TRD_801634,ORD_501634,USR_HFT_003,BTC,SELL,7557110.1198,0.0025,9.4464,0.0,2026-10-04 21:37:11.000000
TRD_800526,ORD_500526,USR_SYS_003,BTC,BUY,7555599.0,0.0469,354.3576,0.0002,2026-10-04 21:45:00.000000
TRD_800812,ORD_500812,USR_SYS_009,BTC,BUY,7555599.0,0.0259,195.69,0.0002,2026-10-04 21:45:00.000000
TRD_802097,ORD_502097,USR_HFT_004,BTC,SELL,7557110.1198,0.007,26.4499,0.0,2026-10-04 22:02:00.000000
TRD_801274,ORD_501274,USR_HFT_002,BTC,SELL,7557110.1198,0.0144,54.4112,0.0,2026-10-04 22:29:10.000000
TRD_801906,ORD_501906,USR_HFT_004,BTC,SELL,7552288.5607,0.008,30.2092,0.0,2026-10-04 22:57:11.000000
TRD_801722,ORD_501722,USR_HFT_003,BTC,BUY,7550976.8425,0.0128,48.3263,0.0,2026-10-04 23:41:57.000000
TRD_800452,ORD_500452,USR_SYS_002,BTC,BUY,7552487.34,0.0321,242.4348,0.0002,2026-10-04 23:45:00.000000
TRD_802453,ORD_502453,USR_HFT_005,BTC,BUY,7550976.8425,0.0043,16.2346,0.0,2026-10-05 00:08:06.000000
TRD_802378,ORD_502378,USR_HFT_005,BTC,SELL,7553997.8375,0.0129,48.7233,0.0,2026-10-05 00:14:23.000000
TRD_800139,ORD_500139,USR_RET_006,BTC,SELL,7538452.9038,0.0332,500.5533,0.0029,2026-10-05 00:44:00.000000
TRD_800001,ORD_500001,USR_RET_001,BTC,SELL,7535428.7526,0.0308,464.1824,0.0033,2026-10-05 01:08:00.000000
TRD_801084,ORD_501084,USR_HFT_001,BTC,SELL,7561890.0756,0.0063,23.82,0.0,2026-10-05 01:27:29.000000
TRD_800467,ORD_500467,USR_SYS_002,BTC,SELL,7595462.94,0.04,303.8185,0.0004,2026-10-05 01:30:00.000000
TRD_801477,ORD_501477,USR_HFT_002,BTC,SELL,7596982.0326,0.0091,34.5663,0.0,2026-10-05 02:16:40.000000
TRD_802019,ORD_502019,USR_HFT_004,BTC,SELL,7596982.0326,0.0027,10.2559,0.0,2026-10-05 02:19:40.000000
TRD_801558,ORD_501558,USR_HFT_003,BTC,SELL,7596982.0326,0.0103,39.1245,0.0,2026-10-05 02:19:45.000000
TRD_801650,ORD_501650,USR_HFT_003,BTC,SELL,7596982.0326,0.0086,32.667,0.0,2026-10-05 02:25:17.000000
TRD_801518,ORD_501518,USR_HFT_002,BTC,SELL,7600609.4879,0.0098,37.243,0.0,2026-10-05 02:35:20.000000
TRD_802137,ORD_502137,USR_HFT_004,BTC,BUY,7597569.8521,0.0069,26.2116,0.0,2026-10-05 02:36:36.000000
TRD_800227,ORD_500227,USR_RET_009,BTC,BUY,7618847.3031,0.0092,140.1868,0.0026,2026-10-05 02:49:00.000000
TRD_801165,ORD_501165,USR_HFT_001,BTC,SELL,7600609.4879,0.0146,55.4844,0.0,2026-10-05 02:55:31.000000
TRD_802158,ORD_502158,USR_HFT_004,BTC,SELL,7600609.4879,0.0125,47.5038,0.0,2026-10-05 03:14:54.000000
TRD_800572,ORD_500572,USR_SYS_004,BTC,BUY,7648878.885,0.0381,291.4223,0.0002,2026-10-05 03:45:00.000000
TRD_800331,ORD_500331,USR_RET_013,BTC,BUY,7654997.9881,0.0059,90.329,0.0008,2026-10-05 04:24:00.000000
TRD_800167,ORD_500167,USR_RET_007,BTC,SELL,7647949.7235,0.0231,353.3353,0.0013,2026-10-05 05:08:00.000000
TRD_802374,ORD_502374,USR_HFT_005,BTC,BUY,7656373.419,0.0108,41.3444,0.0,2026-10-05 05:28:51.000000
TRD_801208,ORD_501208,USR_HFT_001,BTC,BUY,7667208.9615,0.0035,13.4176,0.0,2026-10-05 05:32:52.000000
TRD_800016,ORD_500016,USR_RET_001,BTC,SELL,7654172.0989,0.0209,319.9444,0.0019,2026-10-05 05:42:00.000000
TRD_800548,ORD_500548,USR_SYS_004,BTC,BUY,7668742.71,0.051,391.1059,0.0002,2026-10-05 05:45:00.000000
TRD_800802,ORD_500802,USR_SYS_009,BTC,BUY,7668742.71,0.0451,345.8603,0.0002,2026-10-05 05:45:00.000000
TRD_800832,ORD_500832,USR_SYS_010,BTC,BUY,7668742.71,0.0357,273.7741,0.0002,2026-10-05 05:45:00.000000
TRD_800221,ORD_500221,USR_RET_009,BTC,SELL,7659540.2187,0.009,137.8717,0.0012,2026-10-05 06:03:00.000000
TRD_801631,ORD_501631,USR_HFT_003,BTC,BUY,7667208.9615,0.0021,8.0506,0.0,2026-10-05 06:05:04.000000
TRD_801647,ORD_501647,USR_HFT_003,BTC,SELL,7670276.4585,0.0051,19.5592,0.0,2026-10-05 06:08:23.000000
TRD_800721,ORD_500721,USR_SYS_008,BTC,SELL,7665454.935,0.0473,362.576,0.0004,2026-10-05 06:30:00.000000
TRD_801967,ORD_501967,USR_HFT_004,BTC,SELL,7666988.026,0.008,30.668,0.0,2026-10-05 06:41:03.000000
TRD_801601,ORD_501601,USR_HFT_003,BTC,BUY,7663921.844,0.0021,8.0471,0.0,2026-10-05 06:43:48.000000
TRD_801995,ORD_501995,USR_HFT_004,BTC,SELL,7666988.026,0.011,42.1684,0.0,2026-10-05 07:08:11.000000
TRD_802405,ORD_502405,USR_HFT_005,BTC,BUY,7663921.844,0.0112,42.918,0.0,2026-10-05 07:09:20.000000
TRD_802108,ORD_502108,USR_HFT_004,BTC,SELL,7666988.026,0.0075,28.7512,0.0,2026-10-05 07:26:11.000000
TRD_802175,ORD_502175,USR_HFT_004,BTC,BUY,7655665.5606,0.0044,16.8425,0.0,2026-10-05 07:49:38.000000
TRD_800968,ORD_500968,USR_HFT_001,BTC,SELL,7658728.4394,0.0062,23.7421,0.0,2026-10-05 08:08:24.000000
TRD_801521,ORD_501521,USR_HFT_002,BTC,SELL,7658728.4394,0.0132,50.5476,0.0,2026-10-05 08:16:52.000000
TRD_802377,ORD_502377,USR_HFT_005,BTC,BUY,7655665.5606,0.0071,27.1776,0.0,2026-10-05 08:23:38.000000
TRD_802085,ORD_502085,USR_HFT_004,BTC,SELL,7658728.4394,0.0138,52.8452,0.0,2026-10-05 08:25:30.000000
TRD_801202,ORD_501202,USR_HFT_001,BTC,BUY,7617001.45,0.0041,15.6149,0.0,2026-10-05 08:30:16.000000
TRD_802500,ORD_502500,USR_HFT_005,BTC,SELL,7620048.86,0.0136,51.8163,0.0,2026-10-05 08:33:28.000000
TRD_800275,ORD_500275,USR_RET_011,BTC,BUY,7644428.1405,0.038,580.9765,0.0034,2026-10-05 08:39:00.000000
TRD_802305,ORD_502305,USR_HFT_005,BTC,SELL,7620048.86,0.0081,30.8612,0.0,2026-10-05 09:25:44.000000
TRD_802099,ORD_502099,USR_HFT_004,BTC,SELL,7571628.793,0.0104,39.3725,0.0,2026-10-05 09:34:23.000000
TRD_800414,ORD_500414,USR_SYS_001,BTC,BUY,7570114.77,0.0374,283.1223,0.0002,2026-10-05 09:45:00.000000
TRD_801196,ORD_501196,USR_HFT_001,BTC,BUY,7568600.747,0.0066,24.9764,0.0,2026-10-05 10:05:32.000000
TRD_801582,ORD_501582,USR_HFT_003,BTC,SELL,7591948.031,0.0028,10.6287,0.0,2026-10-05 11:11:09.000000
TRD_801741,ORD_501741,USR_HFT_003,BTC,SELL,7591948.031,0.0021,7.9715,0.0,2026-10-05 11:20:40.000000
TRD_801853,ORD_501853,USR_HFT_004,BTC,BUY,7588911.859,0.0146,55.3991,0.0,2026-10-05 11:25:02.000000
TRD_800759,ORD_500759,USR_SYS_008,BTC,SELL,7634010.0,0.0274,209.1719,0.0004,2026-10-05 11:30:00.000000
TRD_800847,ORD_500847,USR_SYS_010,BTC,SELL,7634010.0,0.0298,227.4935,0.0004,2026-10-05 11:30:00.000000
TRD_801598,ORD_501598,USR_HFT_003,BTC,BUY,7632483.198,0.0036,13.7385,0.0,2026-10-05 11:32:47.000000
TRD_800874,ORD_500874,USR_HFT_001,BTC,BUY,7632483.198,0.012,45.7949,0.0,2026-10-05 11:38:33.000000
TRD_801624,ORD_501624,USR_HFT_003,BTC,SELL,7635536.802,0.0087,33.2146,0.0,2026-10-05 11:40:29.000000
TRD_802338,ORD_502338,USR_HFT_005,BTC,SELL,7635536.802,0.0148,56.503,0.0,2026-10-05 11:43:07.000000
TRD_800268,ORD_500268,USR_RET_011,BTC,SELL,7620268.782,0.1044,1591.1121,0.0018,2026-10-05 12:01:00.000000
TRD_801713,ORD_501713,USR_HFT_003,BTC,BUY,7632483.198,0.0145,55.3355,0.0,2026-10-05 12:06:53.000000
TRD_801415,ORD_501415,USR_HFT_002,BTC,SELL,7635536.802,0.0072,27.4879,0.0,2026-10-05 12:27:17.000000
TRD_800725,ORD_500725,USR_SYS_008,BTC,SELL,7633369.26,0.0354,270.2213,0.0004,2026-10-05 12:30:00.000000
TRD_800914,ORD_500914,USR_HFT_001,BTC,BUY,7631842.5861,0.0059,22.5139,0.0,2026-10-05 12:34:40.000000
TRD_801021,ORD_501021,USR_HFT_001,BTC,BUY,7631842.5861,0.0073,27.8562,0.0,2026-10-05 12:53:07.000000
TRD_801672,ORD_501672,USR_HFT_003,BTC,SELL,7634895.9339,0.0067,25.5769,0.0,2026-10-05 13:04:26.000000
TRD_802225,ORD_502225,USR_HFT_005,BTC,SELL,7634895.9339,0.0055,20.996,0.0,2026-10-05 13:09:33.000000
TRD_802270,ORD_502270,USR_HFT_005,BTC,BUY,7631842.5861,0.0078,29.7642,0.0,2026-10-05 13:26:55.000000
TRD_802522,ORD_502522,USR_HFT_005,BTC,SELL,7631199.4347,0.0148,56.4709,0.0,2026-10-05 13:34:35.000000
TRD_800772,ORD_500772,USR_SYS_008,BTC,BUY,7629673.5,0.0576,439.4692,0.0002,2026-10-05 13:45:00.000000
TRD_802081,ORD_502081,USR_HFT_004,BTC,BUY,7628147.5653,0.0098,37.3779,0.0,2026-10-05 13:57:14.000000
TRD_802418,ORD_502418,USR_HFT_005,BTC,SELL,7631199.4347,0.0054,20.6042,0.0,2026-10-05 14:08:08.000000
TRD_802150,ORD_502150,USR_HFT_004,BTC,SELL,7609954.3015,0.0036,13.6979,0.0,2026-10-05 14:30:31.000000
TRD_800282,ORD_500282,USR_RET_011,BTC,SELL,7320833.8622,0.0315,461.2125,0.0378,2026-10-05 14:36:00.000000
TRD_800178,ORD_500178,USR_RET_008,BTC,BUY,7615280.2044,0.0822,1251.9521,0.0009,2026-10-05 14:47:00.000000
TRD_802431,ORD_502431,USR_HFT_005,BTC,SELL,7609954.3015,0.0062,23.5909,0.0,2026-10-05 14:57:05.000000
TRD_801565,ORD_501565,USR_HFT_003,BTC,SELL,7609954.3015,0.0097,36.9083,0.0,2026-10-05 15:13:21.000000
TRD_801566,ORD_501566,USR_HFT_003,BTC,BUY,7609954.3015,0.0097,36.9083,0.0,2026-10-05 15:13:23.729704
TRD_801519,ORD_501519,USR_HFT_002,BTC,SELL,7609954.3015,0.0027,10.2734,0.0,2026-10-05 15:24:23.000000
TRD_800730,ORD_500730,USR_SYS_008,BTC,BUY,7621366.89,0.0463,352.8693,0.0002,2026-10-05 15:45:00.000000
TRD_801006,ORD_501006,USR_HFT_001,BTC,BUY,7619842.6166,0.0099,37.7182,0.0,2026-10-05 15:55:38.000000
TRD_801492,ORD_501492,USR_HFT_002,BTC,SELL,7622891.1634,0.0084,32.0161,0.0,2026-10-05 15:57:59.000000
TRD_801882,ORD_501882,USR_HFT_004,BTC,SELL,7622891.1634,0.0142,54.1225,0.0,2026-10-05 16:12:34.000000
TRD_802050,ORD_502050,USR_HFT_004,BTC,SELL,7622891.1634,0.0088,33.5407,0.0,2026-10-05 16:16:26.000000
TRD_800729,ORD_500729,USR_SYS_008,BTC,SELL,7630116.0,0.0317,241.8747,0.0004,2026-10-05 16:30:00.000000
TRD_800845,ORD_500845,USR_SYS_010,BTC,SELL,7630116.0,0.0595,453.9919,0.0004,2026-10-05 16:30:00.000000
TRD_800534,ORD_500534,USR_SYS_003,BTC,BUY,7630116.0,0.0398,303.6786,0.0002,2026-10-05 16:45:00.000000
TRD_800012,ORD_500012,USR_RET_001,BTC,BUY,7649191.29,0.0458,700.6659,0.0025,2026-10-05 16:53:00.000000
TRD_801611,ORD_501611,USR_HFT_003,BTC,SELL,7631642.0232,0.009,34.3424,0.0,2026-10-05 16:55:22.000000
TRD_801244,ORD_501244,USR_HFT_002,BTC,BUY,7628589.9768,0.0146,55.6887,0.0,2026-10-05 16:57:29.000000
TRD_800128,ORD_500128,USR_RET_006,BTC,BUY,7643850.2088,0.0221,337.8582,0.0018,2026-10-05 17:00:00.000000
TRD_800142,ORD_500142,USR_RET_006,BTC,BUY,7653006.348,0.0275,420.9153,0.003,2026-10-05 17:09:00.000000
TRD_800585,ORD_500585,USR_SYS_004,BTC,SELL,7602504.885,0.025,190.0626,0.0004,2026-10-05 17:30:00.000000
TRD_800883,ORD_500883,USR_HFT_001,BTC,SELL,7604025.386,0.0087,33.0775,0.0,2026-10-05 17:30:56.000000
TRD_802362,ORD_502362,USR_HFT_005,BTC,BUY,7600984.384,0.011,41.8054,0.0,2026-10-05 17:39:46.000000
TRD_800349,ORD_500349,USR_RET_014,BTC,BUY,7613148.3918,0.081,1233.33,0.0014,2026-10-05 17:41:00.000000
TRD_800956,ORD_500956,USR_HFT_001,BTC,SELL,7604025.386,0.0048,18.2497,0.0,2026-10-05 17:52:36.000000
TRD_800207,ORD_500207,USR_RET_009,BTC,SELL,7594142.1296,0.0184,279.4644,0.0011,2026-10-05 18:00:00.000000
TRD_800267,ORD_500267,USR_RET_011,BTC,BUY,7620750.8967,0.052,792.5581,0.0024,2026-10-05 18:24:00.000000
TRD_801966,ORD_501966,USR_HFT_004,BTC,BUY,7647703.0384,0.0145,55.4458,0.0,2026-10-05 18:31:02.000000
TRD_800177,ORD_500177,USR_RET_007,BTC,BUY,7656882.1179,0.0217,332.3087,0.001,2026-10-05 18:54:00.000000
TRD_802503,ORD_502503,USR_HFT_005,BTC,SELL,7581121.4311,0.0138,52.3097,0.0,2026-10-05 19:55:44.000000
TRD_802504,ORD_502504,USR_HFT_005,BTC,BUY,7581121.4311,0.0138,52.3097,0.0,2026-10-05 19:55:44.965561
TRD_802368,ORD_502368,USR_HFT_005,BTC,BUY,7578089.5889,0.0111,42.0584,0.0,2026-10-05 20:07:21.000000
TRD_800715,ORD_500715,USR_SYS_007,BTC,SELL,7546375.53,0.0332,250.5397,0.0004,2026-10-05 20:30:00.000000
TRD_801115,ORD_501115,USR_HFT_001,BTC,SELL,7547884.8051,0.0125,47.1743,0.0,2026-10-05 20:46:03.000000
TRD_802461,ORD_502461,USR_HFT_005,BTC,SELL,7547884.8051,0.0095,35.8525,0.0,2026-10-05 20:52:04.000000
TRD_801164,ORD_501164,USR_HFT_001,BTC,SELL,7547884.8051,0.0076,28.682,0.0,2026-10-05 20:59:57.000000
TRD_802507,ORD_502507,USR_HFT_005,BTC,BUY,7547540.19,0.0097,36.6056,0.0,2026-10-05 21:30:58.000000
TRD_800165,ORD_500165,USR_RET_007,BTC,BUY,7561883.385,0.0325,491.5224,0.0017,2026-10-05 21:42:00.000000
TRD_800987,ORD_500987,USR_HFT_001,BTC,BUY,7547540.19,0.0029,10.9439,0.0,2026-10-05 22:10:41.000000
TRD_800225,ORD_500225,USR_RET_009,BTC,BUY,7582413.1544,0.0167,253.2526,0.0029,2026-10-05 23:05:00.000000
TRD_800317,ORD_500317,USR_RET_013,BTC,SELL,7569336.9616,0.0081,122.6233,0.0014,2026-10-05 23:32:00.000000
TRD_801691,ORD_501691,USR_HFT_003,BTC,BUY,7578432.9002,0.0083,31.4505,0.0,2026-10-05 23:51:18.000000
TRD_801550,ORD_501550,USR_HFT_003,BTC,BUY,7578432.9002,0.006,22.7353,0.0,2026-10-05 23:52:25.000000
TRD_802227,ORD_502227,USR_HFT_005,BTC,BUY,7585056.6852,0.0036,13.6531,0.0,2026-10-06 00:45:11.000000
TRD_801864,ORD_501864,USR_HFT_004,BTC,SELL,7588091.3148,0.0133,50.4608,0.0,2026-10-06 00:49:44.000000
TRD_801800,ORD_501800,USR_HFT_003,BTC,BUY,7585056.6852,0.0075,28.444,0.0,2026-10-06 00:51:15.000000
TRD_801367,ORD_501367,USR_HFT_002,BTC,SELL,7588091.3148,0.0097,36.8022,0.0,2026-10-06 00:57:05.000000
TRD_800805,ORD_500805,USR_SYS_009,BTC,SELL,7591878.69,0.027,204.9807,0.0004,2026-10-06 01:30:00.000000
TRD_802051,ORD_502051,USR_HFT_004,BTC,SELL,7593397.0657,0.0066,25.0582,0.0,2026-10-06 02:04:26.000000
TRD_802007,ORD_502007,USR_HFT_004,BTC,BUY,7590360.3143,0.0051,19.3554,0.0,2026-10-06 02:28:58.000000
TRD_800407,ORD_500407,USR_SYS_001,BTC,SELL,7606485.615,0.0327,248.7321,0.0004,2026-10-06 02:30:00.000000
TRD_800013,ORD_500013,USR_RET_001,BTC,BUY,7627783.7747,0.0085,129.6723,0.0028,2026-10-06 02:35:00.000000
TRD_802188,ORD_502188,USR_HFT_005,BTC,SELL,7608006.9121,0.0024,9.1296,0.0,2026-10-06 02:55:40.000000
TRD_801457,ORD_501457,USR_HFT_002,BTC,SELL,7608006.9121,0.0103,39.1812,0.0,2026-10-06 03:04:37.000000
TRD_800789,ORD_500789,USR_SYS_009,BTC,SELL,7604628.885,0.0506,384.7942,0.0004,2026-10-06 03:30:00.000000
TRD_802304,ORD_502304,USR_HFT_005,BTC,BUY,7603107.9592,0.0094,35.7346,0.0,2026-10-06 04:14:01.000000
TRD_801148,ORD_501148,USR_HFT_001,BTC,SELL,7606149.8108,0.0148,56.2855,0.0,2026-10-06 04:26:17.000000
TRD_801171,ORD_501171,USR_HFT_001,BTC,SELL,7591886.0686,0.0052,19.7389,0.0,2026-10-06 04:30:03.000000
TRD_800086,ORD_500086,USR_RET_004,BTC,BUY,7603271.6206,0.0067,101.8838,0.0017,2026-10-06 04:49:00.000000
TRD_801772,ORD_501772,USR_HFT_003,BTC,BUY,7588849.9214,0.0032,12.1422,0.0,2026-10-06 05:10:52.000000
TRD_801918,ORD_501918,USR_HFT_004,BTC,SELL,7591886.0686,0.0072,27.3308,0.0,2026-10-06 05:14:20.000000
TRD_801994,ORD_501994,USR_HFT_004,BTC,BUY,7588849.9214,0.0037,14.0394,0.0,2026-10-06 05:27:49.000000
TRD_801991,ORD_501991,USR_HFT_004,BTC,SELL,7603848.3506,0.0119,45.2429,0.0,2026-10-06 05:59:24.000000
TRD_801286,ORD_501286,USR_HFT_002,BTC,BUY,7580183.0801,0.0125,47.3761,0.0,2026-10-06 06:58:43.000000
TRD_800541,ORD_500541,USR_SYS_004,BTC,SELL,7570106.805,0.0377,285.393,0.0004,2026-10-06 07:30:00.000000
TRD_801224,ORD_501224,USR_HFT_001,BTC,BUY,7568592.7836,0.0117,44.2763,0.0,2026-10-06 07:55:32.000000
TRD_801295,ORD_501295,USR_HFT_002,BTC,SELL,7569703.533,0.0147,55.6373,0.0,2026-10-06 08:56:19.000000
TRD_801799,ORD_501799,USR_HFT_003,BTC,SELL,7579240.43,0.0145,54.9495,0.0,2026-10-06 09:41:21.000000
TRD_802469,ORD_502469,USR_HFT_005,BTC,SELL,7579240.43,0.0095,36.0014,0.0,2026-10-06 10:01:04.000000
TRD_801035,ORD_501035,USR_HFT_001,BTC,BUY,7576209.34,0.0135,51.1394,0.0,2026-10-06 10:21:07.000000
TRD_800859,ORD_500859,USR_SYS_010,BTC,SELL,7568373.975,0.0332,251.27,0.0004,2026-10-06 10:30:00.000000
TRD_802284,ORD_502284,USR_HFT_005,BTC,SELL,7569887.6498,0.0031,11.7333,0.0,2026-10-06 10:30:13.000000
TRD_801263,ORD_501263,USR_HFT_002,BTC,BUY,7566860.3002,0.0117,44.2661,0.0,2026-10-06 11:29:15.000000
TRD_802224,ORD_502224,USR_HFT_005,BTC,SELL,7551444.987,0.0024,9.0617,0.0,2026-10-06 11:51:12.000000
TRD_801429,ORD_501429,USR_HFT_002,BTC,SELL,7573131.8235,0.002,7.5731,0.0,2026-10-06 13:05:32.000000
TRD_800527,ORD_500527,USR_SYS_003,BTC,SELL,7613379.765,0.0469,357.0675,0.0004,2026-10-06 13:30:00.000000
TRD_800813,ORD_500813,USR_SYS_009,BTC,SELL,7613379.765,0.0259,197.1865,0.0004,2026-10-06 13:30:00.000000
TRD_801509,ORD_501509,USR_HFT_002,BTC,BUY,7611857.089,0.0072,27.4027,0.0,2026-10-06 13:39:17.000000
TRD_800182,ORD_500182,USR_RET_008,BTC,BUY,7627845.1866,0.0284,433.2616,0.0019,2026-10-06 14:00:00.000000
TRD_801923,ORD_501923,USR_HFT_004,BTC,BUY,7611857.089,0.0075,28.5445,0.0,2026-10-06 14:12:00.000000
TRD_800984,ORD_500984,USR_HFT_001,BTC,SELL,7614902.441,0.0084,31.9826,0.0,2026-10-06 14:26:45.000000
TRD_800898,ORD_500898,USR_HFT_001,BTC,BUY,7608770.8264,0.0108,41.0874,0.0,2026-10-06 14:34:44.000000
TRD_800920,ORD_500920,USR_HFT_001,BTC,SELL,7611814.9436,0.0147,55.9468,0.0,2026-10-06 15:14:39.000000
TRD_800453,ORD_500453,USR_SYS_002,BTC,SELL,7624907.775,0.0321,244.7595,0.0004,2026-10-06 15:30:00.000000
TRD_801591,ORD_501591,USR_HFT_003,BTC,BUY,7623382.7934,0.0048,18.2961,0.0,2026-10-06 16:16:59.000000
TRD_801592,ORD_501592,USR_HFT_003,BTC,SELL,7623382.7934,0.0048,18.2961,0.0,2026-10-06 16:17:00.980880
TRD_800961,ORD_500961,USR_HFT_001,BTC,SELL,7626432.7566,0.0106,40.4201,0.0,2026-10-06 16:25:11.000000
TRD_802197,ORD_502197,USR_HFT_005,BTC,SELL,7633944.3686,0.0128,48.8572,0.0,2026-10-06 16:42:53.000000
TRD_801228,ORD_501228,USR_HFT_002,BTC,BUY,7630891.4014,0.0035,13.3541,0.0,2026-10-06 17:08:21.000000
TRD_801474,ORD_501474,USR_HFT_002,BTC,BUY,7630891.4014,0.008,30.5236,0.0,2026-10-06 17:09:42.000000
TRD_800901,ORD_500901,USR_HFT_001,BTC,SELL,7631465.873,0.0084,32.0522,0.0,2026-10-06 18:19:39.000000
TRD_801054,ORD_501054,USR_HFT_001,BTC,BUY,7638146.95,0.0068,25.9697,0.0,2026-10-06 18:55:39.000000
TRD_801968,ORD_501968,USR_HFT_004,BTC,BUY,7638146.95,0.0046,17.5677,0.0,2026-10-06 19:02:45.000000
TRD_802246,ORD_502246,USR_HFT_005,BTC,BUY,7638146.95,0.004,15.2763,0.0,2026-10-06 19:07:43.000000
TRD_801180,ORD_501180,USR_HFT_001,BTC,BUY,7638146.95,0.0068,25.9697,0.0,2026-10-06 19:28:37.000000
TRD_800573,ORD_500573,USR_SYS_004,BTC,SELL,7663711.485,0.0381,291.9874,0.0004,2026-10-06 19:30:00.000000
TRD_802282,ORD_502282,USR_HFT_005,BTC,SELL,7665244.2273,0.0112,42.9254,0.0,2026-10-06 19:39:54.000000
TRD_802442,ORD_502442,USR_HFT_005,BTC,SELL,7665244.2273,0.0081,31.0442,0.0,2026-10-06 19:53:22.000000
TRD_802157,ORD_502157,USR_HFT_004,BTC,SELL,7665244.2273,0.0081,31.0442,0.0,2026-10-06 19:54:17.000000
TRD_801667,ORD_501667,USR_HFT_003,BTC,BUY,7662178.7427,0.0126,48.2717,0.0,2026-10-06 19:59:20.000000
TRD_801499,ORD_501499,USR_HFT_002,BTC,BUY,7662178.7427,0.0029,11.1102,0.0,2026-10-06 20:05:44.000000
TRD_802132,ORD_502132,USR_HFT_004,BTC,SELL,7587794.7805,0.012,45.5268,0.0,2026-10-06 20:55:34.000000
TRD_802130,ORD_502130,USR_HFT_004,BTC,BUY,7584760.2695,0.005,18.9619,0.0,2026-10-06 21:07:22.000000
TRD_800833,ORD_500833,USR_SYS_010,BTC,SELL,7574468.97,0.0357,270.4085,0.0004,2026-10-06 21:30:00.000000
TRD_800803,ORD_500803,USR_SYS_009,BTC,SELL,7574468.97,0.0451,341.6086,0.0004,2026-10-06 21:30:00.000000
TRD_800549,ORD_500549,USR_SYS_004,BTC,SELL,7574468.97,0.051,386.2979,0.0004,2026-10-06 21:30:00.000000
TRD_800962,ORD_500962,USR_HFT_001,BTC,BUY,7572954.0762,0.0044,16.6605,0.0,2026-10-06 21:35:10.000000
TRD_801858,ORD_501858,USR_HFT_004,BTC,BUY,7572954.0762,0.0138,52.2534,0.0,2026-10-06 21:36:02.000000
TRD_801070,ORD_501070,USR_HFT_001,BTC,SELL,7575983.8638,0.0083,31.4403,0.0,2026-10-06 22:01:02.000000
TRD_801463,ORD_501463,USR_HFT_002,BTC,BUY,7572954.0762,0.0136,51.4961,0.0,2026-10-06 22:13:59.000000
TRD_801398,ORD_501398,USR_HFT_002,BTC,BUY,7572954.0762,0.0124,46.9523,0.0,2026-10-06 22:14:57.000000
TRD_801068,ORD_501068,USR_HFT_001,BTC,BUY,7572954.0762,0.0096,36.3502,0.0,2026-10-06 22:26:41.000000
TRD_801283,ORD_501283,USR_HFT_002,BTC,SELL,7587685.9037,0.003,11.3815,0.0,2026-10-06 22:46:06.000000
TRD_801675,ORD_501675,USR_HFT_003,BTC,BUY,7584651.4363,0.0102,38.6817,0.0,2026-10-06 23:25:39.000000
TRD_800988,ORD_500988,USR_HFT_001,BTC,BUY,7565862.2199,0.0118,44.6386,0.0,2026-10-07 00:20:34.000000
TRD_801287,ORD_501287,USR_HFT_002,BTC,SELL,7578354.3678,0.0111,42.0599,0.0,2026-10-07 01:24:51.000000
TRD_800773,ORD_500773,USR_SYS_008,BTC,SELL,7580251.56,0.0576,436.6225,0.0004,2026-10-07 01:30:00.000000
TRD_800731,ORD_500731,USR_SYS_008,BTC,SELL,7580251.56,0.0463,350.9656,0.0004,2026-10-07 01:30:00.000000
TRD_800415,ORD_500415,USR_SYS_001,BTC,SELL,7580251.56,0.0374,283.5014,0.0004,2026-10-07 01:30:00.000000
TRD_800535,ORD_500535,USR_SYS_003,BTC,SELL,7580251.56,0.0398,301.694,0.0004,2026-10-07 01:30:00.000000
TRD_802382,ORD_502382,USR_HFT_005,BTC,BUY,7578735.5097,0.0118,44.7145,0.0,2026-10-07 01:37:59.000000
TRD_800869,ORD_500869,USR_HFT_001,BTC,SELL,7581767.6103,0.0051,19.3335,0.0,2026-10-07 01:42:28.000000
