order_id,user_id,asset_id,side,order_type,stop_price,target_price,requested_qty,status,created_at
ORD_500889,USR_HFT_001,BTC,BUY,LIMIT,,,0.0106,FILLED,2026-09-07 03:03:42.000000
ORD_502319,USR_HFT_005,BTC,BUY,LIMIT,,,0.013,FILLED,2026-09-07 03:12:09.000000
ORD_501382,USR_HFT_002,BTC,SELL,LIMIT,,,0.0136,FILLED,2026-09-07 03:14:27.000000
ORD_502505,USR_HFT_005,BTC,BUY,LIMIT,,,0.0119,FILLED,2026-09-07 03:23:58.000000
ORD_502184,USR_HFT_005,BTC,BUY,LIMIT,,,0.0042,FILLED,2026-09-07 03:44:36.000000
ORD_501431,USR_HFT_002,BTC,SELL,LIMIT,,,0.0036,FILLED,2026-09-07 03:53:01.000000
ORD_501234,USR_HFT_002,BTC,BUY,LIMIT,,,0.0065,FILLED,2026-09-07 03:56:31.000000
ORD_501535,USR_HFT_002,BTC,BUY,LIMIT,,,0.0049,FILLED,2026-09-07 04:16:32.000000
ORD_501989,USR_HFT_004,BTC,SELL,LIMIT,,,0.008,FILLED,2026-09-07 04:28:37.000000
ORD_502445,USR_HFT_005,BTC,BUY,LIMIT,,,0.0117,FILLED,2026-09-07 04:47:54.000000
ORD_502446,USR_HFT_005,BTC,SELL,LIMIT,,,0.0117,FILLED,2026-09-07 04:47:54.884771
ORD_502028,USR_HFT_004,BTC,SELL,LIMIT,,,0.0086,FILLED,2026-09-07 05:18:41.000000
ORD_501517,USR_HFT_002,BTC,BUY,LIMIT,,,0.0026,FILLED,2026-09-07 05:21:34.000000
ORD_502182,USR_HFT_005,BTC,SELL,LIMIT,,,0.0125,FILLED,2026-09-07 06:08:03.000000
ORD_501541,USR_HFT_002,BTC,SELL,LIMIT,,,0.006,FILLED,2026-09-07 07:23:10.000000
ORD_501447,USR_HFT_002,BTC,SELL,LIMIT,,,0.015,FILLED,2026-09-07 07:27:24.000000
ORD_501397,USR_HFT_002,BTC,BUY,LIMIT,,,0.0114,FILLED,2026-09-07 07:32:15.000000
ORD_501887,USR_HFT_004,BTC,SELL,LIMIT,,,0.0073,FILLED,2026-09-07 07:39:20.000000
ORD_500342,USR_RET_013,BTC,BUY,MARKET,,,0.0581,FILLED,2026-09-07 08:07:00.000000
ORD_500184,USR_RET_008,BTC,BUY,MARKET,,,0.0368,FILLED,2026-09-07 08:08:00.000000
ORD_501130,USR_HFT_001,BTC,SELL,LIMIT,,,0.0077,FILLED,2026-09-07 09:12:00.000000
ORD_500121,USR_RET_006,BTC,SELL,MARKET,,,0.0106,FILLED,2026-09-07 09:21:00.000000
ORD_500055,USR_RET_003,BTC,SELL,MARKET,,,0.0834,FILLED,2026-09-07 09:23:00.000000
ORD_500077,USR_RET_004,BTC,SELL,MARKET,,,0.0171,FILLED,2026-09-07 09:33:00.000000
ORD_502149,USR_HFT_004,BTC,SELL,LIMIT,,,0.0044,FILLED,2026-09-07 09:59:41.000000
ORD_500260,USR_RET_010,BTC,BUY,MARKET,,,0.017,FILLED,2026-09-07 10:49:00.000000
ORD_502403,USR_HFT_005,BTC,SELL,LIMIT,,,0.003,FILLED,2026-09-07 10:52:38.000000
ORD_502364,USR_HFT_005,BTC,SELL,LIMIT,,,0.0072,FILLED,2026-09-07 10:53:25.000000
ORD_502518,USR_HFT_005,BTC,BUY,LIMIT,,,0.0118,FILLED,2026-09-07 11:46:42.000000
ORD_501511,USR_HFT_002,BTC,SELL,LIMIT,,,0.0133,FILLED,2026-09-07 11:58:02.000000
ORD_501819,USR_HFT_004,BTC,SELL,LIMIT,,,0.004,FILLED,2026-09-07 12:39:13.000000
ORD_500203,USR_RET_009,BTC,BUY,MARKET,,,0.0418,FILLED,2026-09-07 12:46:00.000000
ORD_501881,USR_HFT_004,BTC,BUY,LIMIT,,,0.0058,FILLED,2026-09-07 12:55:39.000000
ORD_501770,USR_HFT_003,BTC,BUY,LIMIT,,,0.0142,FILLED,2026-09-07 13:14:52.000000
ORD_501684,USR_HFT_003,BTC,SELL,LIMIT,,,0.0082,FILLED,2026-09-07 13:18:50.000000
ORD_502073,USR_HFT_004,BTC,BUY,LIMIT,,,0.0127,FILLED,2026-09-07 14:37:18.000000
ORD_501751,USR_HFT_003,BTC,BUY,LIMIT,,,0.0109,FILLED,2026-09-07 14:41:51.000000
ORD_501013,USR_HFT_001,BTC,SELL,LIMIT,,,0.0047,FILLED,2026-09-07 14:44:11.000000
ORD_500352,USR_RET_014,BTC,SELL,MARKET,,,0.0104,FILLED,2026-09-07 15:09:00.000000
ORD_501755,USR_HFT_003,BTC,SELL,LIMIT,,,0.0138,FILLED,2026-09-07 15:12:46.000000
ORD_501861,USR_HFT_004,BTC,BUY,LIMIT,,,0.0063,FILLED,2026-09-07 15:26:10.000000
ORD_500626,USR_SYS_005,BTC,BUY,LIMIT,6672192.0,7585228.8,0.0269,FILLED,2026-09-07 15:45:00.000000
ORD_500630,USR_SYS_005,BTC,BUY,LIMIT,6672192.0,7585228.8,0.0361,FILLED,2026-09-07 15:45:00.000000
ORD_501756,USR_HFT_003,BTC,SELL,LIMIT,,,0.0057,FILLED,2026-09-07 15:49:30.000000
ORD_501513,USR_HFT_002,BTC,SELL,LIMIT,,,0.0101,FILLED,2026-09-07 15:50:34.000000
ORD_502047,USR_HFT_004,BTC,BUY,LIMIT,,,0.0132,FILLED,2026-09-07 16:02:58.000000
ORD_500400,USR_SYS_001,BTC,BUY,LIMIT,6677249.952,7590978.8928,0.0494,FILLED,2026-09-07 16:45:00.000000
ORD_501080,USR_HFT_001,BTC,BUY,LIMIT,,,0.0097,FILLED,2026-09-07 17:09:03.000000
ORD_501900,USR_HFT_004,BTC,SELL,LIMIT,,,0.012,FILLED,2026-09-07 17:39:10.000000
ORD_500063,USR_RET_003,BTC,BUY,MARKET,,,0.0057,FILLED,2026-09-07 17:56:00.000000
ORD_500696,USR_SYS_007,BTC,BUY,LIMIT,6671520.2407,7584465.1158,0.0523,FILLED,2026-09-07 18:45:00.000000
ORD_502216,USR_HFT_005,BTC,BUY,LIMIT,,,0.0031,FILLED,2026-09-07 18:48:35.000000
ORD_501901,USR_HFT_004,BTC,BUY,LIMIT,,,0.0049,FILLED,2026-09-07 19:08:57.000000
ORD_502169,USR_HFT_004,BTC,BUY,LIMIT,,,0.0058,FILLED,2026-09-07 19:18:24.000000
ORD_502509,USR_HFT_005,BTC,SELL,LIMIT,,,0.0074,FILLED,2026-09-07 19:23:10.000000
ORD_501485,USR_HFT_002,BTC,BUY,LIMIT,,,0.008,FILLED,2026-09-07 19:31:22.000000
ORD_501621,USR_HFT_003,BTC,SELL,LIMIT,,,0.0102,FILLED,2026-09-07 19:36:10.000000
ORD_501822,USR_HFT_004,BTC,BUY,LIMIT,,,0.0062,FILLED,2026-09-07 19:48:24.000000
ORD_501294,USR_HFT_002,BTC,SELL,LIMIT,,,0.0106,FILLED,2026-09-07 19:54:02.000000
ORD_502440,USR_HFT_005,BTC,SELL,LIMIT,,,0.0045,FILLED,2026-09-07 20:06:54.000000
ORD_501083,USR_HFT_001,BTC,SELL,LIMIT,,,0.0129,FILLED,2026-09-07 20:54:21.000000
ORD_501815,USR_HFT_003,BTC,BUY,LIMIT,,,0.0063,FILLED,2026-09-07 22:00:12.000000
ORD_501008,USR_HFT_001,BTC,SELL,LIMIT,,,0.0138,FILLED,2026-09-07 22:02:10.000000
ORD_500951,USR_HFT_001,BTC,SELL,LIMIT,,,0.006,FILLED,2026-09-07 22:24:19.000000
ORD_500840,USR_SYS_010,BTC,BUY,LIMIT,6657540.2498,7568572.0734,0.0445,FILLED,2026-09-07 22:45:00.000000
ORD_501873,USR_HFT_004,BTC,BUY,LIMIT,,,0.0042,FILLED,2026-09-07 23:04:50.000000
ORD_500992,USR_HFT_001,BTC,SELL,LIMIT,,,0.0029,FILLED,2026-09-07 23:15:45.000000
ORD_501114,USR_HFT_001,BTC,SELL,LIMIT,,,0.0144,FILLED,2026-09-07 23:45:26.000000
ORD_501579,USR_HFT_003,BTC,SELL,LIMIT,,,0.0022,FILLED,2026-09-07 23:58:24.000000
ORD_501079,USR_HFT_001,BTC,BUY,LIMIT,,,0.0148,FILLED,2026-09-08 00:00:40.000000
ORD_501315,USR_HFT_002,BTC,SELL,LIMIT,,,0.0026,FILLED,2026-09-08 00:03:09.000000
ORD_500363,USR_RET_014,BTC,SELL,MARKET,,,0.0062,FILLED,2026-09-08 00:32:00.000000
ORD_500014,USR_RET_001,BTC,SELL,MARKET,,,0.0148,FILLED,2026-09-08 00:35:00.000000
ORD_501418,USR_HFT_002,BTC,BUY,LIMIT,,,0.0022,FILLED,2026-09-08 01:16:18.000000
ORD_502239,USR_HFT_005,BTC,SELL,LIMIT,,,0.0134,FILLED,2026-09-08 01:35:40.000000
ORD_502510,USR_HFT_005,BTC,BUY,LIMIT,,,0.0147,FILLED,2026-09-08 01:35:59.000000
ORD_500287,USR_RET_012,BTC,SELL,MARKET,,,0.0518,FILLED,2026-09-08 01:48:00.000000
ORD_500848,USR_SYS_010,BTC,BUY,LIMIT,6655713.3,7566495.12,0.0536,FILLED,2026-09-08 02:45:00.000000
ORD_500422,USR_SYS_001,BTC,BUY,LIMIT,6655713.3,7566495.12,0.0584,FILLED,2026-09-08 02:45:00.000000
ORD_501988,USR_HFT_004,BTC,BUY,LIMIT,,,0.008,FILLED,2026-09-08 02:46:59.000000
ORD_501851,USR_HFT_004,BTC,BUY,LIMIT,,,0.0053,FILLED,2026-09-08 02:51:44.000000
ORD_500222,USR_RET_009,BTC,BUY,MARKET,,,0.0245,FILLED,2026-09-08 02:55:00.000000
ORD_501528,USR_HFT_002,BTC,BUY,LIMIT,,,0.0056,FILLED,2026-09-08 03:07:01.000000
ORD_502534,USR_HFT_005,BTC,SELL,LIMIT,,,0.0054,FILLED,2026-09-08 04:01:46.000000
ORD_502286,USR_HFT_005,BTC,SELL,LIMIT,,,0.0042,FILLED,2026-09-08 04:35:59.000000
ORD_502401,USR_HFT_005,BTC,SELL,LIMIT,,,0.0092,FILLED,2026-09-08 04:38:10.000000
ORD_502358,USR_HFT_005,BTC,SELL,LIMIT,,,0.0138,FILLED,2026-09-08 04:40:53.000000
ORD_501018,USR_HFT_001,BTC,SELL,LIMIT,,,0.0035,FILLED,2026-09-08 04:51:47.000000
ORD_500326,USR_RET_013,BTC,BUY,MARKET,,,0.0157,FILLED,2026-09-08 04:58:00.000000
ORD_502020,USR_HFT_004,BTC,BUY,LIMIT,,,0.0092,FILLED,2026-09-08 05:19:12.000000
ORD_501227,USR_HFT_002,BTC,SELL,LIMIT,,,0.0028,FILLED,2026-09-08 05:29:02.000000
ORD_502486,USR_HFT_005,BTC,BUY,LIMIT,,,0.0092,FILLED,2026-09-08 05:36:05.000000
ORD_501269,USR_HFT_002,BTC,SELL,LIMIT,,,0.009,FILLED,2026-09-08 05:58:31.000000
ORD_501273,USR_HFT_002,BTC,BUY,LIMIT,,,0.0042,FILLED,2026-09-08 06:12:36.000000
ORD_501830,USR_HFT_004,BTC,BUY,LIMIT,,,0.0131,FILLED,2026-09-08 06:19:50.000000
ORD_500159,USR_RET_007,BTC,BUY,MARKET,,,0.0445,FILLED,2026-09-08 06:39:00.000000
ORD_500546,USR_SYS_004,BTC,BUY,LIMIT,6679085.3092,7593065.4042,0.0499,FILLED,2026-09-08 06:45:00.000000
ORD_501094,USR_HFT_001,BTC,SELL,LIMIT,,,0.0089,FILLED,2026-09-08 06:54:28.000000
ORD_501594,USR_HFT_003,BTC,SELL,LIMIT,,,0.0046,FILLED,2026-09-08 07:09:28.000000
ORD_501109,USR_HFT_001,BTC,BUY,LIMIT,,,0.0038,FILLED,2026-09-08 07:15:44.000000
ORD_501779,USR_HFT_003,BTC,BUY,LIMIT,,,0.006,FILLED,2026-09-08 07:18:20.000000
ORD_500181,USR_RET_008,BTC,SELL,MARKET,,,0.0556,FILLED,2026-09-08 07:24:00.000000
ORD_500856,USR_SYS_010,BTC,BUY,LIMIT,6636040.5907,7544130.3558,0.0457,FILLED,2026-09-08 07:45:00.000000
ORD_500474,USR_SYS_002,BTC,BUY,LIMIT,6636040.5907,7544130.3558,0.0404,FILLED,2026-09-08 07:45:00.000000
ORD_500216,USR_RET_009,BTC,BUY,MARKET,,,0.0161,FILLED,2026-09-08 07:46:00.000000
ORD_501567,USR_HFT_003,BTC,BUY,LIMIT,,,0.0134,FILLED,2026-09-08 07:53:55.000000
ORD_502226,USR_HFT_005,BTC,BUY,LIMIT,,,0.0063,FILLED,2026-09-08 08:09:38.000000
ORD_502032,USR_HFT_004,BTC,SELL,LIMIT,,,0.0114,FILLED,2026-09-08 08:31:15.000000
ORD_502328,USR_HFT_005,BTC,SELL,LIMIT,,,0.0115,FILLED,2026-09-08 08:43:57.000000
ORD_500450,USR_SYS_002,BTC,BUY,LIMIT,6634045.491,7541862.2424,0.0435,FILLED,2026-09-08 08:45:00.000000
ORD_500079,USR_RET_004,BTC,SELL,MARKET,,,0.0114,FILLED,2026-09-08 09:24:00.000000
ORD_500048,USR_RET_003,BTC,SELL,MARKET,,,0.226,FILLED,2026-09-08 09:36:00.000000
ORD_501953,USR_HFT_004,BTC,BUY,LIMIT,,,0.0094,FILLED,2026-09-08 09:39:10.000000
ORD_502475,USR_HFT_005,BTC,SELL,LIMIT,,,0.0132,FILLED,2026-09-08 09:41:04.000000
ORD_501575,USR_HFT_003,BTC,SELL,LIMIT,,,0.0127,FILLED,2026-09-08 09:52:45.000000
ORD_501086,USR_HFT_001,BTC,SELL,LIMIT,,,0.0098,FILLED,2026-09-08 10:36:32.000000
ORD_500397,USR_RET_015,BTC,BUY,MARKET,,,0.026,FILLED,2026-09-08 11:33:00.000000
ORD_501378,USR_HFT_002,BTC,BUY,LIMIT,,,0.0066,FILLED,2026-09-08 12:11:23.000000
ORD_500934,USR_HFT_001,BTC,SELL,LIMIT,,,0.0085,FILLED,2026-09-08 12:56:37.000000
ORD_500039,USR_RET_002,BTC,SELL,MARKET,,,0.0381,FILLED,2026-09-08 12:59:00.000000
ORD_502234,USR_HFT_005,BTC,SELL,LIMIT,,,0.0117,FILLED,2026-09-08 13:28:57.000000
ORD_501343,USR_HFT_002,BTC,SELL,LIMIT,,,0.0081,FILLED,2026-09-08 13:32:47.000000
ORD_502190,USR_HFT_005,BTC,BUY,LIMIT,,,0.0091,FILLED,2026-09-08 13:41:33.000000
ORD_500916,USR_HFT_001,BTC,SELL,LIMIT,,,0.002,FILLED,2026-09-08 14:11:08.000000
ORD_501396,USR_HFT_002,BTC,BUY,LIMIT,,,0.006,FILLED,2026-09-08 14:18:19.000000
ORD_501469,USR_HFT_002,BTC,BUY,LIMIT,,,0.0038,FILLED,2026-09-08 14:45:02.000000
ORD_501704,USR_HFT_003,BTC,SELL,LIMIT,,,0.0069,FILLED,2026-09-08 14:56:51.000000
ORD_501766,USR_HFT_003,BTC,BUY,LIMIT,,,0.0116,FILLED,2026-09-08 15:07:19.000000
ORD_502001,USR_HFT_004,BTC,BUY,LIMIT,,,0.005,FILLED,2026-09-08 15:15:32.000000
ORD_502215,USR_HFT_005,BTC,BUY,LIMIT,,,0.0061,FILLED,2026-09-08 15:25:28.000000
ORD_500424,USR_SYS_001,BTC,BUY,LIMIT,6605604.6,7509529.44,0.0541,FILLED,2026-09-08 15:45:00.000000
ORD_501401,USR_HFT_002,BTC,BUY,LIMIT,,,0.0054,FILLED,2026-09-08 15:49:29.000000
ORD_501069,USR_HFT_001,BTC,BUY,LIMIT,,,0.0059,FILLED,2026-09-08 16:08:35.000000
ORD_500965,USR_HFT_001,BTC,BUY,LIMIT,,,0.0103,FILLED,2026-09-08 17:26:07.000000
ORD_500668,USR_SYS_006,BTC,BUY,LIMIT,6595682.9092,7498250.0442,0.0327,FILLED,2026-09-08 17:45:00.000000
ORD_500838,USR_SYS_010,BTC,BUY,LIMIT,6595682.9092,7498250.0442,0.0347,FILLED,2026-09-08 17:45:00.000000
ORD_500676,USR_SYS_006,BTC,BUY,LIMIT,6554626.5645,7451575.4628,0.0571,FILLED,2026-09-08 18:45:00.000000
ORD_500648,USR_SYS_006,BTC,BUY,LIMIT,6554626.5645,7451575.4628,0.0319,FILLED,2026-09-08 18:45:00.000000
ORD_500316,USR_RET_013,BTC,BUY,MARKET,,,0.0368,FILLED,2026-09-08 18:55:00.000000
ORD_500136,USR_RET_006,BTC,SELL,MARKET,,,0.0074,FILLED,2026-09-08 18:56:00.000000
ORD_500286,USR_RET_012,BTC,BUY,MARKET,,,0.0124,FILLED,2026-09-08 19:01:00.000000
ORD_500973,USR_HFT_001,BTC,BUY,LIMIT,,,0.0038,FILLED,2026-09-08 19:10:34.000000
ORD_501826,USR_HFT_004,BTC,BUY,LIMIT,,,0.0085,FILLED,2026-09-08 19:18:18.000000
ORD_500911,USR_HFT_001,BTC,SELL,LIMIT,,,0.0053,FILLED,2026-09-08 20:42:21.000000
ORD_500482,USR_SYS_002,BTC,BUY,LIMIT,6633853.8,7541644.32,0.0336,FILLED,2026-09-08 20:45:00.000000
ORD_501329,USR_HFT_002,BTC,SELL,LIMIT,,,0.0121,FILLED,2026-09-08 21:10:07.000000
ORD_502024,USR_HFT_004,BTC,BUY,LIMIT,,,0.0041,FILLED,2026-09-08 21:21:23.000000
ORD_501471,USR_HFT_002,BTC,BUY,LIMIT,,,0.0061,FILLED,2026-09-08 22:10:53.000000
ORD_501719,USR_HFT_003,BTC,BUY,LIMIT,,,0.0078,FILLED,2026-09-08 22:23:54.000000
ORD_502245,USR_HFT_005,BTC,SELL,LIMIT,,,0.0069,FILLED,2026-09-08 23:01:52.000000
ORD_500969,USR_HFT_001,BTC,SELL,LIMIT,,,0.0087,FILLED,2026-09-08 23:20:35.000000
ORD_500296,USR_RET_012,BTC,BUY,MARKET,,,0.0115,FILLED,2026-09-08 23:44:00.000000
ORD_501470,USR_HFT_002,BTC,BUY,LIMIT,,,0.0126,FILLED,2026-09-09 00:30:26.000000
ORD_502014,USR_HFT_004,BTC,SELL,LIMIT,,,0.0061,FILLED,2026-09-09 00:55:53.000000
ORD_501902,USR_HFT_004,BTC,SELL,LIMIT,,,0.01,FILLED,2026-09-09 01:32:58.000000
ORD_500504,USR_SYS_003,BTC,BUY,LIMIT,6598877.7593,7501882.0842,0.029,FILLED,2026-09-09 01:45:00.000000
ORD_500974,USR_HFT_001,BTC,SELL,LIMIT,,,0.0033,FILLED,2026-09-09 02:00:52.000000
ORD_500947,USR_HFT_001,BTC,SELL,LIMIT,,,0.0108,FILLED,2026-09-09 02:20:14.000000
ORD_501055,USR_HFT_001,BTC,SELL,LIMIT,,,0.0126,FILLED,2026-09-09 02:41:54.000000
ORD_501908,USR_HFT_004,BTC,SELL,LIMIT,,,0.0082,FILLED,2026-09-09 02:57:15.000000
ORD_501383,USR_HFT_002,BTC,SELL,LIMIT,,,0.0035,FILLED,2026-09-09 03:15:38.000000
ORD_500959,USR_HFT_001,BTC,BUY,LIMIT,,,0.0077,FILLED,2026-09-09 03:19:51.000000
ORD_502458,USR_HFT_005,BTC,SELL,LIMIT,,,0.0082,FILLED,2026-09-09 04:13:06.000000
ORD_501095,USR_HFT_001,BTC,SELL,LIMIT,,,0.005,FILLED,2026-09-09 04:21:28.000000
ORD_500871,USR_HFT_001,BTC,BUY,LIMIT,,,0.0023,FILLED,2026-09-09 04:27:58.000000
ORD_500205,USR_RET_009,BTC,BUY,MARKET,,,0.0083,FILLED,2026-09-09 04:36:00.000000
ORD_502491,USR_HFT_005,BTC,BUY,LIMIT,,,0.0103,FILLED,2026-09-09 05:14:52.000000
ORD_502086,USR_HFT_004,BTC,SELL,LIMIT,,,0.0053,FILLED,2026-09-09 06:04:15.000000
ORD_501960,USR_HFT_004,BTC,BUY,LIMIT,,,0.0107,FILLED,2026-09-09 06:29:23.000000
ORD_500627,USR_SYS_005,BTC,SELL,MARKET,,,0.0269,FILLED,2026-09-09 07:30:00.000000
ORD_500631,USR_SYS_005,BTC,SELL,MARKET,,,0.0361,FILLED,2026-09-09 07:30:00.000000
ORD_501416,USR_HFT_002,BTC,BUY,LIMIT,,,0.0147,FILLED,2026-09-09 07:52:41.000000
ORD_500270,USR_RET_011,BTC,BUY,MARKET,,,0.0382,FILLED,2026-09-09 08:14:00.000000
ORD_500401,USR_SYS_001,BTC,SELL,MARKET,,,0.0494,FILLED,2026-09-09 08:30:00.000000
ORD_502126,USR_HFT_004,BTC,BUY,LIMIT,,,0.0046,FILLED,2026-09-09 08:57:33.000000
ORD_500345,USR_RET_014,BTC,BUY,MARKET,,,0.0897,FILLED,2026-09-09 10:14:00.000000
ORD_500697,USR_SYS_007,BTC,SELL,MARKET,,,0.0523,FILLED,2026-09-09 10:30:00.000000
ORD_501915,USR_HFT_004,BTC,BUY,LIMIT,,,0.0054,FILLED,2026-09-09 10:36:07.000000
ORD_502434,USR_HFT_005,BTC,BUY,LIMIT,,,0.0124,FILLED,2026-09-09 11:08:41.000000
ORD_500235,USR_RET_009,BTC,BUY,MARKET,,,0.0318,FILLED,2026-09-09 11:23:00.000000
ORD_502352,USR_HFT_005,BTC,BUY,LIMIT,,,0.0049,FILLED,2026-09-09 11:34:33.000000
ORD_500155,USR_RET_007,BTC,BUY,MARKET,,,0.0212,FILLED,2026-09-09 11:37:00.000000
ORD_501589,USR_HFT_003,BTC,BUY,LIMIT,,,0.0114,FILLED,2026-09-09 11:43:03.000000
ORD_500126,USR_RET_006,BTC,BUY,MARKET,,,0.0103,FILLED,2026-09-09 14:00:00.000000
ORD_500106,USR_RET_005,BTC,BUY,MARKET,,,0.0648,FILLED,2026-09-09 14:20:00.000000
ORD_501924,USR_HFT_004,BTC,BUY,LIMIT,,,0.0056,FILLED,2026-09-09 14:29:22.000000
ORD_500841,USR_SYS_010,BTC,SELL,MARKET,,,0.0445,FILLED,2026-09-09 14:30:00.000000
ORD_501835,USR_HFT_004,BTC,SELL,LIMIT,,,0.0036,FILLED,2026-09-09 14:39:10.000000
ORD_500050,USR_RET_003,BTC,BUY,MARKET,,,0.0258,FILLED,2026-09-09 15:02:00.000000
ORD_502432,USR_HFT_005,BTC,BUY,LIMIT,,,0.0066,FILLED,2026-09-09 15:23:15.000000
ORD_501721,USR_HFT_003,BTC,BUY,LIMIT,,,0.0055,FILLED,2026-09-09 15:24:46.000000
ORD_500330,USR_RET_013,BTC,SELL,MARKET,,,0.0382,FILLED,2026-09-09 15:41:00.000000
ORD_500160,USR_RET_007,BTC,BUY,MARKET,,,0.0195,FILLED,2026-09-09 15:44:00.000000
ORD_502310,USR_HFT_005,BTC,BUY,LIMIT,,,0.0103,FILLED,2026-09-09 15:45:59.000000
ORD_502128,USR_HFT_004,BTC,BUY,LIMIT,,,0.0087,FILLED,2026-09-09 16:15:25.000000
ORD_502186,USR_HFT_005,BTC,SELL,LIMIT,,,0.0081,FILLED,2026-09-09 16:24:34.000000
ORD_502371,USR_HFT_005,BTC,SELL,LIMIT,,,0.0119,FILLED,2026-09-09 16:27:50.000000
ORD_501605,USR_HFT_003,BTC,BUY,LIMIT,,,0.0054,FILLED,2026-09-09 16:30:15.000000
ORD_501986,USR_HFT_004,BTC,SELL,LIMIT,,,0.0131,FILLED,2026-09-09 16:35:31.000000
ORD_501336,USR_HFT_002,BTC,BUY,LIMIT,,,0.0028,FILLED,2026-09-09 17:00:17.000000
ORD_502533,USR_HFT_005,BTC,BUY,LIMIT,,,0.0134,FILLED,2026-09-09 17:01:17.000000
ORD_502375,USR_HFT_005,BTC,SELL,LIMIT,,,0.0028,FILLED,2026-09-09 17:04:41.000000
ORD_501150,USR_HFT_001,BTC,SELL,LIMIT,,,0.0025,FILLED,2026-09-09 17:21:44.000000
ORD_502170,USR_HFT_004,BTC,BUY,LIMIT,,,0.0094,FILLED,2026-09-09 17:52:02.000000
ORD_500250,USR_RET_010,BTC,BUY,MARKET,,,0.0114,FILLED,2026-09-09 18:10:00.000000
ORD_500849,USR_SYS_010,BTC,SELL,MARKET,,,0.0536,FILLED,2026-09-09 18:30:00.000000
ORD_500423,USR_SYS_001,BTC,SELL,MARKET,,,0.0584,FILLED,2026-09-09 18:30:00.000000
ORD_500138,USR_RET_006,BTC,BUY,MARKET,,,0.0139,FILLED,2026-09-09 18:47:00.000000
ORD_500943,USR_HFT_001,BTC,SELL,LIMIT,,,0.0027,FILLED,2026-09-09 18:47:28.000000
ORD_502069,USR_HFT_004,BTC,BUY,LIMIT,,,0.0041,FILLED,2026-09-09 19:13:15.000000
ORD_501659,USR_HFT_003,BTC,SELL,LIMIT,,,0.0071,FILLED,2026-09-09 19:38:13.000000
ORD_500594,USR_SYS_005,BTC,BUY,LIMIT,6638394.6907,7546806.5958,0.0384,FILLED,2026-09-09 19:45:00.000000
ORD_501003,USR_HFT_001,BTC,BUY,LIMIT,,,0.0124,FILLED,2026-09-09 19:58:23.000000
ORD_500028,USR_RET_002,BTC,BUY,MARKET,,,0.0305,FILLED,2026-09-09 20:03:00.000000
ORD_501475,USR_HFT_002,BTC,SELL,LIMIT,,,0.0043,FILLED,2026-09-09 20:12:53.000000
ORD_501646,USR_HFT_003,BTC,SELL,LIMIT,,,0.0134,FILLED,2026-09-09 20:25:20.000000
ORD_501443,USR_HFT_002,BTC,SELL,LIMIT,,,0.0058,FILLED,2026-09-09 20:30:38.000000
ORD_501254,USR_HFT_002,BTC,BUY,LIMIT,,,0.0034,FILLED,2026-09-09 20:32:04.000000
ORD_500067,USR_RET_003,BTC,BUY,MARKET,,,0.0211,FILLED,2026-09-09 20:49:00.000000
ORD_501617,USR_HFT_003,BTC,BUY,LIMIT,,,0.0038,FILLED,2026-09-09 21:09:04.000000
ORD_502496,USR_HFT_005,BTC,SELL,LIMIT,,,0.0072,FILLED,2026-09-09 22:02:58.000000
ORD_500124,USR_RET_006,BTC,BUY,MARKET,,,0.0404,FILLED,2026-09-09 22:20:00.000000
ORD_500547,USR_SYS_004,BTC,SELL,MARKET,,,0.0499,FILLED,2026-09-09 22:30:00.000000
ORD_501034,USR_HFT_001,BTC,BUY,LIMIT,,,0.0146,FILLED,2026-09-09 22:36:18.000000
ORD_502220,USR_HFT_005,BTC,SELL,LIMIT,,,0.0082,FILLED,2026-09-09 22:44:23.000000
ORD_500029,USR_RET_002,BTC,BUY,MARKET,,,0.0216,FILLED,2026-09-09 22:46:00.000000
ORD_500475,USR_SYS_002,BTC,SELL,MARKET,,,0.0404,FILLED,2026-09-09 23:30:00.000000
ORD_500857,USR_SYS_010,BTC,SELL,MARKET,,,0.0457,FILLED,2026-09-09 23:30:00.000000
ORD_500722,USR_SYS_008,BTC,BUY,LIMIT,6592692.3615,7494850.2636,0.0578,FILLED,2026-09-09 23:45:00.000000
ORD_501132,USR_HFT_001,BTC,BUY,LIMIT,,,0.0105,FILLED,2026-09-09 23:54:52.000000
ORD_501848,USR_HFT_004,BTC,BUY,LIMIT,,,0.0125,FILLED,2026-09-10 00:04:37.000000
ORD_501839,USR_HFT_004,BTC,BUY,LIMIT,,,0.0033,FILLED,2026-09-10 00:06:15.000000
ORD_501271,USR_HFT_002,BTC,SELL,LIMIT,,,0.0145,FILLED,2026-09-10 00:08:25.000000
ORD_501640,USR_HFT_003,BTC,BUY,LIMIT,,,0.0141,FILLED,2026-09-10 00:15:52.000000
ORD_500451,USR_SYS_002,BTC,SELL,MARKET,,,0.0435,FILLED,2026-09-10 00:30:00.000000
ORD_500073,USR_RET_004,BTC,BUY,MARKET,,,0.0225,FILLED,2026-09-10 00:38:00.000000
ORD_500416,USR_SYS_001,BTC,BUY,LIMIT,6577602.5805,7477695.5652,0.0532,FILLED,2026-09-10 00:45:00.000000
ORD_500010,USR_RET_001,BTC,SELL,MARKET,,,0.0072,FILLED,2026-09-10 00:47:00.000000
ORD_501411,USR_HFT_002,BTC,BUY,LIMIT,,,0.0143,FILLED,2026-09-10 00:59:45.000000
ORD_502218,USR_HFT_005,BTC,BUY,LIMIT,,,0.013,FILLED,2026-09-10 01:14:21.000000
ORD_501481,USR_HFT_002,BTC,BUY,LIMIT,,,0.0113,FILLED,2026-09-10 01:32:52.000000
ORD_501783,USR_HFT_003,BTC,BUY,LIMIT,,,0.0093,FILLED,2026-09-10 02:01:08.000000
ORD_500283,USR_RET_012,BTC,BUY,MARKET,,,0.0118,FILLED,2026-09-10 02:19:00.000000
ORD_501818,USR_HFT_004,BTC,BUY,LIMIT,,,0.0072,FILLED,2026-09-10 02:21:20.000000
ORD_501612,USR_HFT_003,BTC,SELL,LIMIT,,,0.0067,FILLED,2026-09-10 02:24:40.000000
ORD_500325,USR_RET_013,BTC,BUY,MARKET,,,0.0562,FILLED,2026-09-10 02:32:00.000000
ORD_501596,USR_HFT_003,BTC,SELL,LIMIT,,,0.0103,FILLED,2026-09-10 02:36:24.000000
ORD_501982,USR_HFT_004,BTC,SELL,LIMIT,,,0.0087,FILLED,2026-09-10 02:36:30.000000
ORD_501369,USR_HFT_002,BTC,SELL,LIMIT,,,0.0041,FILLED,2026-09-10 03:17:39.000000
ORD_500754,USR_SYS_008,BTC,BUY,LIMIT,6551465.3445,7447981.6548,0.0413,FILLED,2026-09-10 03:45:00.000000
ORD_502228,USR_HFT_005,BTC,BUY,LIMIT,,,0.005,FILLED,2026-09-10 04:29:31.000000
ORD_501931,USR_HFT_004,BTC,BUY,LIMIT,,,0.0121,FILLED,2026-09-10 04:39:29.000000
ORD_500560,USR_SYS_004,BTC,BUY,LIMIT,6573042.3525,7472511.306,0.0334,FILLED,2026-09-10 05:45:00.000000
ORD_500211,USR_RET_009,BTC,BUY,MARKET,,,0.0094,FILLED,2026-09-10 05:54:00.000000
ORD_502168,USR_HFT_004,BTC,SELL,LIMIT,,,0.0137,FILLED,2026-09-10 06:17:56.000000
ORD_501017,USR_HFT_001,BTC,BUY,LIMIT,,,0.0022,FILLED,2026-09-10 06:48:43.000000
ORD_501736,USR_HFT_003,BTC,BUY,LIMIT,,,0.0134,FILLED,2026-09-10 06:51:21.000000
ORD_501730,USR_HFT_003,BTC,SELL,LIMIT,,,0.012,FILLED,2026-09-10 06:51:42.000000
ORD_501089,USR_HFT_001,BTC,SELL,LIMIT,,,0.0135,FILLED,2026-09-10 06:58:28.000000
ORD_500094,USR_RET_004,BTC,SELL,MARKET,,,0.0461,FILLED,2026-09-10 07:03:00.000000
ORD_501899,USR_HFT_004,BTC,SELL,LIMIT,,,0.0097,FILLED,2026-09-10 07:15:51.000000
ORD_501298,USR_HFT_002,BTC,SELL,LIMIT,,,0.0064,FILLED,2026-09-10 07:16:50.000000
ORD_500425,USR_SYS_001,BTC,SELL,MARKET,,,0.0541,FILLED,2026-09-10 07:30:00.000000
ORD_501061,USR_HFT_001,BTC,SELL,LIMIT,,,0.0087,FILLED,2026-09-10 08:04:18.000000
ORD_500180,USR_RET_008,BTC,SELL,MARKET,,,0.0402,FILLED,2026-09-10 08:09:00.000000
ORD_501997,USR_HFT_004,BTC,BUY,LIMIT,,,0.0054,FILLED,2026-09-10 08:13:18.000000
ORD_500946,USR_HFT_001,BTC,BUY,LIMIT,,,0.0084,FILLED,2026-09-10 08:15:43.000000
ORD_502448,USR_HFT_005,BTC,SELL,LIMIT,,,0.0098,FILLED,2026-09-10 08:48:28.000000
ORD_500311,USR_RET_013,BTC,SELL,MARKET,,,0.0056,FILLED,2026-09-10 09:04:00.000000
ORD_501531,USR_HFT_002,BTC,BUY,LIMIT,,,0.0058,FILLED,2026-09-10 09:21:21.000000
ORD_500669,USR_SYS_006,BTC,SELL,MARKET,,,0.0327,FILLED,2026-09-10 09:30:00.000000
ORD_500839,USR_SYS_010,BTC,SELL,MARKET,,,0.0347,FILLED,2026-09-10 09:30:00.000000
ORD_500019,USR_RET_001,BTC,BUY,MARKET,,,0.0818,FILLED,2026-09-10 09:37:00.000000
ORD_500649,USR_SYS_006,BTC,SELL,MARKET,,,0.0319,FILLED,2026-09-10 10:30:00.000000
ORD_500677,USR_SYS_006,BTC,SELL,MARKET,,,0.0571,FILLED,2026-09-10 10:30:00.000000
ORD_500380,USR_RET_015,BTC,BUY,MARKET,,,0.0602,FILLED,2026-09-10 10:46:00.000000
ORD_502233,USR_HFT_005,BTC,SELL,LIMIT,,,0.0026,FILLED,2026-09-10 11:01:40.000000
ORD_501526,USR_HFT_002,BTC,BUY,LIMIT,,,0.0075,FILLED,2026-09-10 11:10:40.000000
ORD_502100,USR_HFT_004,BTC,SELL,LIMIT,,,0.0024,FILLED,2026-09-10 12:10:40.000000
ORD_500396,USR_RET_015,BTC,BUY,MARKET,,,0.0125,FILLED,2026-09-10 12:16:00.000000
ORD_501305,USR_HFT_002,BTC,BUY,LIMIT,,,0.0059,FILLED,2026-09-10 12:19:09.000000
ORD_500483,USR_SYS_002,BTC,SELL,MARKET,,,0.0336,FILLED,2026-09-10 12:30:00.000000
ORD_500964,USR_HFT_001,BTC,BUY,LIMIT,,,0.0066,FILLED,2026-09-10 13:34:48.000000
ORD_500131,USR_RET_006,BTC,SELL,MARKET,,,0.0255,FILLED,2026-09-10 14:20:00.000000
ORD_501494,USR_HFT_002,BTC,SELL,LIMIT,,,0.0089,FILLED,2026-09-10 14:20:42.000000
ORD_501516,USR_HFT_002,BTC,SELL,LIMIT,,,0.003,FILLED,2026-09-10 14:33:20.000000
ORD_502334,USR_HFT_005,BTC,BUY,LIMIT,,,0.0141,FILLED,2026-09-10 14:38:30.000000
ORD_500468,USR_SYS_002,BTC,BUY,LIMIT,6557178.2407,7454476.3158,0.0503,FILLED,2026-09-10 14:45:00.000000
ORD_502049,USR_HFT_004,BTC,BUY,LIMIT,,,0.0115,FILLED,2026-09-10 14:53:42.000000
ORD_501301,USR_HFT_002,BTC,SELL,LIMIT,,,0.0148,FILLED,2026-09-10 15:29:36.000000
ORD_501149,USR_HFT_001,BTC,SELL,LIMIT,,,0.0072,FILLED,2026-09-10 15:30:38.000000
ORD_501574,USR_HFT_003,BTC,SELL,LIMIT,,,0.0044,FILLED,2026-09-10 15:37:23.000000
ORD_500505,USR_SYS_003,BTC,SELL,MARKET,,,0.029,FILLED,2026-09-10 17:30:00.000000
ORD_501327,USR_HFT_002,BTC,SELL,LIMIT,,,0.0137,FILLED,2026-09-10 17:34:20.000000
ORD_500494,USR_SYS_003,BTC,BUY,LIMIT,6465032.0407,7349720.6358,0.0493,FILLED,2026-09-10 17:45:00.000000
ORD_500568,USR_SYS_004,BTC,BUY,LIMIT,6465032.0407,7349720.6358,0.0215,FILLED,2026-09-10 17:45:00.000000
ORD_501935,USR_HFT_004,BTC,BUY,LIMIT,,,0.005,FILLED,2026-09-10 17:47:36.000000
ORD_501564,USR_HFT_003,BTC,BUY,LIMIT,,,0.0111,FILLED,2026-09-10 18:24:32.000000
ORD_501956,USR_HFT_004,BTC,SELL,LIMIT,,,0.0112,FILLED,2026-09-10 18:27:30.000000
ORD_501618,USR_HFT_003,BTC,SELL,LIMIT,,,0.0065,FILLED,2026-09-10 18:32:50.000000
ORD_500057,USR_RET_003,BTC,BUY,MARKET,,,0.0099,FILLED,2026-09-10 19:39:00.000000
ORD_501951,USR_HFT_004,BTC,BUY,LIMIT,,,0.0097,FILLED,2026-09-10 19:46:46.000000
ORD_500950,USR_HFT_001,BTC,BUY,LIMIT,,,0.0118,FILLED,2026-09-10 19:56:25.000000
ORD_500108,USR_RET_005,BTC,SELL,MARKET,,,0.0267,FILLED,2026-09-10 20:13:00.000000
ORD_501544,USR_HFT_002,BTC,BUY,LIMIT,,,0.0098,FILLED,2026-09-10 20:15:48.000000
ORD_502471,USR_HFT_005,BTC,SELL,LIMIT,,,0.0119,FILLED,2026-09-10 20:47:30.000000
ORD_501203,USR_HFT_001,BTC,SELL,LIMIT,,,0.0117,FILLED,2026-09-10 22:01:56.000000
ORD_500774,USR_SYS_009,BTC,BUY,LIMIT,6501412.134,7391079.0576,0.0532,FILLED,2026-09-10 22:45:00.000000
ORD_501642,USR_HFT_003,BTC,BUY,LIMIT,,,0.0133,FILLED,2026-09-10 23:20:20.000000
ORD_500498,USR_SYS_003,BTC,BUY,LIMIT,6487296.7823,7375032.1314,0.0289,FILLED,2026-09-11 00:45:00.000000
ORD_501442,USR_HFT_002,BTC,BUY,LIMIT,,,0.0041,FILLED,2026-09-11 00:53:07.000000
ORD_501501,USR_HFT_002,BTC,BUY,LIMIT,,,0.0042,FILLED,2026-09-11 01:13:17.000000
ORD_501888,USR_HFT_004,BTC,BUY,LIMIT,,,0.0061,FILLED,2026-09-11 01:42:27.000000
ORD_500865,USR_HFT_001,BTC,SELL,LIMIT,,,0.0077,FILLED,2026-09-11 01:50:16.000000
ORD_500233,USR_RET_009,BTC,SELL,MARKET,,,0.0399,FILLED,2026-09-11 02:11:00.000000
ORD_501259,USR_HFT_002,BTC,BUY,LIMIT,,,0.0133,FILLED,2026-09-11 02:14:31.000000
ORD_501085,USR_HFT_001,BTC,BUY,LIMIT,,,0.0039,FILLED,2026-09-11 02:50:51.000000
ORD_501321,USR_HFT_002,BTC,SELL,LIMIT,,,0.0101,FILLED,2026-09-11 03:47:07.000000
ORD_501569,USR_HFT_003,BTC,BUY,LIMIT,,,0.0052,FILLED,2026-09-11 04:02:08.000000
ORD_502296,USR_HFT_005,BTC,SELL,LIMIT,,,0.0034,FILLED,2026-09-11 04:27:41.000000
ORD_500881,USR_HFT_001,BTC,BUY,LIMIT,,,0.0143,FILLED,2026-09-11 04:30:31.000000
ORD_500686,USR_SYS_007,BTC,BUY,LIMIT,6437515.134,7318438.2576,0.0435,FILLED,2026-09-11 04:45:00.000000
ORD_500240,USR_RET_010,BTC,BUY,MARKET,,,0.0121,FILLED,2026-09-11 05:15:00.000000
ORD_501063,USR_HFT_001,BTC,SELL,LIMIT,,,0.0114,FILLED,2026-09-11 05:47:49.000000
ORD_502139,USR_HFT_004,BTC,BUY,LIMIT,,,0.0111,FILLED,2026-09-11 05:54:55.000000
ORD_500975,USR_HFT_001,BTC,SELL,LIMIT,,,0.011,FILLED,2026-09-11 06:00:45.000000
ORD_500976,USR_HFT_001,BTC,BUY,LIMIT,,,0.011,FILLED,2026-09-11 06:00:46.041554
ORD_501740,USR_HFT_003,BTC,SELL,LIMIT,,,0.0079,FILLED,2026-09-11 06:07:47.000000
ORD_501701,USR_HFT_003,BTC,SELL,LIMIT,,,0.0039,FILLED,2026-09-11 06:37:38.000000
ORD_500780,USR_SYS_009,BTC,BUY,LIMIT,6471372.9772,7356929.2794,0.0235,FILLED,2026-09-11 06:45:00.000000
ORD_501726,USR_HFT_003,BTC,SELL,LIMIT,,,0.0033,FILLED,2026-09-11 07:08:49.000000
ORD_501996,USR_HFT_004,BTC,BUY,LIMIT,,,0.0026,FILLED,2026-09-11 07:31:49.000000
ORD_501734,USR_HFT_003,BTC,BUY,LIMIT,,,0.0058,FILLED,2026-09-11 07:50:47.000000
ORD_501523,USR_HFT_002,BTC,SELL,LIMIT,,,0.0051,FILLED,2026-09-11 07:53:15.000000
ORD_501218,USR_HFT_001,BTC,SELL,LIMIT,,,0.0127,FILLED,2026-09-11 07:53:16.000000
ORD_502312,USR_HFT_005,BTC,SELL,LIMIT,,,0.0074,FILLED,2026-09-11 08:57:39.000000
ORD_500993,USR_HFT_001,BTC,SELL,LIMIT,,,0.0088,FILLED,2026-09-11 09:01:53.000000
ORD_502297,USR_HFT_005,BTC,BUY,LIMIT,,,0.003,FILLED,2026-09-11 09:05:58.000000
ORD_500251,USR_RET_010,BTC,BUY,MARKET,,,0.0292,FILLED,2026-09-11 10:09:00.000000
ORD_502332,USR_HFT_005,BTC,BUY,LIMIT,,,0.0093,FILLED,2026-09-11 10:22:27.000000
ORD_500359,USR_RET_014,BTC,BUY,MARKET,,,0.0709,FILLED,2026-09-11 10:40:00.000000
ORD_500734,USR_SYS_008,BTC,BUY,LIMIT,6495034.2045,7383828.3588,0.0366,FILLED,2026-09-11 10:45:00.000000
ORD_500595,USR_SYS_005,BTC,SELL,MARKET,,,0.0384,FILLED,2026-09-11 11:30:00.000000
ORD_500337,USR_RET_013,BTC,BUY,MARKET,,,0.0257,FILLED,2026-09-11 11:49:00.000000
ORD_502416,USR_HFT_005,BTC,SELL,LIMIT,,,0.0106,FILLED,2026-09-11 12:15:19.000000
ORD_500308,USR_RET_012,BTC,SELL,MARKET,,,0.0186,FILLED,2026-09-11 12:40:00.000000
ORD_501436,USR_HFT_002,BTC,BUY,LIMIT,,,0.014,FILLED,2026-09-11 13:38:30.000000
ORD_501673,USR_HFT_003,BTC,BUY,LIMIT,,,0.0098,FILLED,2026-09-11 13:41:07.000000
ORD_500192,USR_RET_008,BTC,BUY,MARKET,,,0.082,FILLED,2026-09-11 13:45:00.000000
ORD_501250,USR_HFT_002,BTC,SELL,LIMIT,,,0.0038,FILLED,2026-09-11 14:28:47.000000
ORD_500237,USR_RET_009,BTC,BUY,MARKET,,,0.0443,FILLED,2026-09-11 14:33:00.000000
ORD_501753,USR_HFT_003,BTC,BUY,LIMIT,,,0.0077,FILLED,2026-09-11 14:39:42.000000
ORD_502343,USR_HFT_005,BTC,SELL,LIMIT,,,0.0093,FILLED,2026-09-11 14:56:58.000000
ORD_501813,USR_HFT_003,BTC,SELL,LIMIT,,,0.0043,FILLED,2026-09-11 15:15:28.000000
ORD_500723,USR_SYS_008,BTC,SELL,MARKET,,,0.0578,FILLED,2026-09-11 15:30:00.000000
ORD_500344,USR_RET_013,BTC,BUY,MARKET,,,0.0084,FILLED,2026-09-11 15:46:00.000000
ORD_500417,USR_SYS_001,BTC,SELL,MARKET,,,0.0532,FILLED,2026-09-11 16:30:00.000000
ORD_500193,USR_RET_008,BTC,BUY,MARKET,,,0.0194,FILLED,2026-09-11 16:57:00.000000
ORD_500084,USR_RET_004,BTC,BUY,MARKET,,,0.0184,FILLED,2026-09-11 17:14:00.000000
ORD_500150,USR_RET_007,BTC,BUY,MARKET,,,0.0306,FILLED,2026-09-11 17:32:00.000000
ORD_501144,USR_HFT_001,BTC,SELL,LIMIT,,,0.0091,FILLED,2026-09-11 17:38:57.000000
ORD_500768,USR_SYS_008,BTC,BUY,LIMIT,6560623.6343,7458393.1842,0.0319,FILLED,2026-09-11 17:45:00.000000
ORD_500271,USR_RET_011,BTC,SELL,MARKET,,,0.0156,FILLED,2026-09-11 17:57:00.000000
ORD_501075,USR_HFT_001,BTC,BUY,LIMIT,,,0.0128,FILLED,2026-09-11 18:03:53.000000
ORD_500700,USR_SYS_007,BTC,BUY,LIMIT,6662318.232,7574003.8848,0.0364,FILLED,2026-09-11 18:45:00.000000
ORD_500556,USR_SYS_004,BTC,BUY,LIMIT,6662318.232,7574003.8848,0.0528,FILLED,2026-09-11 18:45:00.000000
ORD_500919,USR_HFT_001,BTC,BUY,LIMIT,,,0.0043,FILLED,2026-09-11 19:10:08.000000
ORD_500755,USR_SYS_008,BTC,SELL,MARKET,,,0.0413,FILLED,2026-09-11 19:30:00.000000
ORD_501317,USR_HFT_002,BTC,BUY,LIMIT,,,0.0056,FILLED,2026-09-11 19:32:34.000000
ORD_500132,USR_RET_006,BTC,SELL,MARKET,,,0.0167,FILLED,2026-09-11 19:34:00.000000
ORD_500917,USR_HFT_001,BTC,BUY,LIMIT,,,0.0115,FILLED,2026-09-11 20:10:20.000000
ORD_500022,USR_RET_001,BTC,BUY,MARKET,,,0.0606,FILLED,2026-09-11 20:17:00.000000
ORD_501791,USR_HFT_003,BTC,BUY,LIMIT,,,0.0117,FILLED,2026-09-11 21:09:18.000000
ORD_501668,USR_HFT_003,BTC,BUY,LIMIT,,,0.0045,FILLED,2026-09-11 21:21:56.000000
ORD_501029,USR_HFT_001,BTC,SELL,LIMIT,,,0.0041,FILLED,2026-09-11 21:28:48.000000
ORD_500561,USR_SYS_004,BTC,SELL,MARKET,,,0.0334,FILLED,2026-09-11 21:30:00.000000
ORD_500249,USR_RET_010,BTC,BUY,MARKET,,,0.0351,FILLED,2026-09-11 21:49:00.000000
ORD_500867,USR_HFT_001,BTC,BUY,LIMIT,,,0.0108,FILLED,2026-09-11 22:08:21.000000
ORD_501145,USR_HFT_001,BTC,SELL,LIMIT,,,0.0133,FILLED,2026-09-11 22:36:57.000000
ORD_500662,USR_SYS_006,BTC,BUY,LIMIT,6518671.05,7410699.72,0.0311,FILLED,2026-09-11 22:45:00.000000
ORD_502089,USR_HFT_004,BTC,SELL,LIMIT,,,0.0104,FILLED,2026-09-11 22:53:45.000000
ORD_502472,USR_HFT_005,BTC,SELL,LIMIT,,,0.0086,FILLED,2026-09-11 23:02:02.000000
ORD_500524,USR_SYS_003,BTC,BUY,LIMIT,6478315.05,7364821.32,0.0343,FILLED,2026-09-11 23:45:00.000000
ORD_500674,USR_SYS_006,BTC,BUY,LIMIT,6478315.05,7364821.32,0.0373,FILLED,2026-09-11 23:45:00.000000
ORD_501872,USR_HFT_004,BTC,BUY,LIMIT,,,0.0066,FILLED,2026-09-12 00:13:05.000000
ORD_502164,USR_HFT_004,BTC,SELL,LIMIT,,,0.0034,FILLED,2026-09-12 00:30:00.000000
ORD_501570,USR_HFT_003,BTC,BUY,LIMIT,,,0.0135,FILLED,2026-09-12 00:39:42.000000
ORD_500038,USR_RET_002,BTC,BUY,MARKET,,,0.0319,FILLED,2026-09-12 01:01:00.000000
ORD_500389,USR_RET_015,BTC,BUY,MARKET,,,0.0295,FILLED,2026-09-12 01:03:00.000000
ORD_502063,USR_HFT_004,BTC,SELL,LIMIT,,,0.0098,FILLED,2026-09-12 01:17:23.000000
ORD_500021,USR_RET_001,BTC,SELL,MARKET,,,0.0215,FILLED,2026-09-12 01:33:00.000000
ORD_501959,USR_HFT_004,BTC,BUY,LIMIT,,,0.0052,FILLED,2026-09-12 01:43:02.000000
ORD_502154,USR_HFT_004,BTC,SELL,LIMIT,,,0.0104,FILLED,2026-09-12 02:00:15.000000
ORD_500391,USR_RET_015,BTC,BUY,MARKET,,,0.0928,FILLED,2026-09-12 02:33:00.000000
ORD_500243,USR_RET_010,BTC,SELL,MARKET,,,0.0122,FILLED,2026-09-12 02:34:00.000000
ORD_502353,USR_HFT_005,BTC,BUY,LIMIT,,,0.0146,FILLED,2026-09-12 02:42:59.000000
ORD_500347,USR_RET_014,BTC,BUY,MARKET,,,0.0125,FILLED,2026-09-12 03:32:00.000000
ORD_502103,USR_HFT_004,BTC,SELL,LIMIT,,,0.0144,FILLED,2026-09-12 03:40:17.000000
ORD_502383,USR_HFT_005,BTC,BUY,LIMIT,,,0.0122,FILLED,2026-09-12 03:49:05.000000
ORD_502124,USR_HFT_004,BTC,BUY,LIMIT,,,0.0045,FILLED,2026-09-12 03:50:06.000000
ORD_501626,USR_HFT_003,BTC,BUY,LIMIT,,,0.011,FILLED,2026-09-12 04:02:18.000000
ORD_501381,USR_HFT_002,BTC,SELL,LIMIT,,,0.0106,FILLED,2026-09-12 04:58:51.000000
ORD_502035,USR_HFT_004,BTC,BUY,LIMIT,,,0.0035,FILLED,2026-09-12 04:59:34.000000
ORD_501129,USR_HFT_001,BTC,SELL,LIMIT,,,0.0063,FILLED,2026-09-12 05:26:26.000000
ORD_501105,USR_HFT_001,BTC,BUY,LIMIT,,,0.0129,FILLED,2026-09-12 05:50:11.000000
ORD_500469,USR_SYS_002,BTC,SELL,MARKET,,,0.0503,FILLED,2026-09-12 06:30:00.000000
ORD_500520,USR_SYS_003,BTC,BUY,LIMIT,6496674.5077,7385693.1246,0.0396,FILLED,2026-09-12 06:45:00.000000
ORD_500190,USR_RET_008,BTC,BUY,MARKET,,,0.0172,FILLED,2026-09-12 06:54:00.000000
ORD_501553,USR_HFT_003,BTC,BUY,LIMIT,,,0.0031,FILLED,2026-09-12 06:54:44.000000
ORD_502229,USR_HFT_005,BTC,SELL,LIMIT,,,0.01,FILLED,2026-09-12 07:05:40.000000
ORD_502025,USR_HFT_004,BTC,BUY,LIMIT,,,0.0106,FILLED,2026-09-12 07:10:30.000000
ORD_501946,USR_HFT_004,BTC,BUY,LIMIT,,,0.0142,FILLED,2026-09-12 07:12:51.000000
ORD_501548,USR_HFT_003,BTC,SELL,LIMIT,,,0.0085,FILLED,2026-09-12 07:26:15.000000
ORD_500123,USR_RET_006,BTC,SELL,MARKET,,,0.0064,FILLED,2026-09-12 09:01:00.000000
ORD_500297,USR_RET_012,BTC,BUY,MARKET,,,0.0271,FILLED,2026-09-12 09:06:00.000000
ORD_501285,USR_HFT_002,BTC,BUY,LIMIT,,,0.014,FILLED,2026-09-12 09:28:43.000000
ORD_501534,USR_HFT_002,BTC,SELL,LIMIT,,,0.0122,FILLED,2026-09-12 09:28:54.000000
ORD_500569,USR_SYS_004,BTC,SELL,MARKET,,,0.0215,FILLED,2026-09-12 09:30:00.000000
ORD_500495,USR_SYS_003,BTC,SELL,MARKET,,,0.0493,FILLED,2026-09-12 09:30:00.000000
ORD_500592,USR_SYS_005,BTC,BUY,LIMIT,6492502.7062,7380950.445,0.044,FILLED,2026-09-12 09:45:00.000000
ORD_501395,USR_HFT_002,BTC,SELL,LIMIT,,,0.0134,FILLED,2026-09-12 10:22:09.000000
ORD_501780,USR_HFT_003,BTC,BUY,LIMIT,,,0.0117,FILLED,2026-09-12 11:10:08.000000
ORD_500262,USR_RET_011,BTC,BUY,MARKET,,,0.0144,FILLED,2026-09-12 11:17:00.000000
ORD_500878,USR_HFT_001,BTC,BUY,LIMIT,,,0.0057,FILLED,2026-09-12 11:23:09.000000
ORD_501223,USR_HFT_001,BTC,BUY,LIMIT,,,0.0058,FILLED,2026-09-12 12:07:41.000000
ORD_501707,USR_HFT_003,BTC,SELL,LIMIT,,,0.0143,FILLED,2026-09-12 12:30:54.000000
ORD_502057,USR_HFT_004,BTC,SELL,LIMIT,,,0.0059,FILLED,2026-09-12 12:40:30.000000
ORD_500097,USR_RET_005,BTC,SELL,MARKET,,,0.0406,FILLED,2026-09-12 13:06:00.000000
ORD_502414,USR_HFT_005,BTC,SELL,LIMIT,,,0.0023,FILLED,2026-09-12 13:39:36.000000
ORD_502123,USR_HFT_004,BTC,SELL,LIMIT,,,0.0034,FILLED,2026-09-12 13:39:56.000000
ORD_501159,USR_HFT_001,BTC,BUY,LIMIT,,,0.0034,FILLED,2026-09-12 14:04:03.000000
ORD_501717,USR_HFT_003,BTC,SELL,LIMIT,,,0.0038,FILLED,2026-09-12 14:08:21.000000
ORD_501261,USR_HFT_002,BTC,SELL,LIMIT,,,0.0126,FILLED,2026-09-12 14:11:17.000000
ORD_501082,USR_HFT_001,BTC,SELL,LIMIT,,,0.0048,FILLED,2026-09-12 14:17:45.000000
ORD_500351,USR_RET_014,BTC,BUY,MARKET,,,0.0166,FILLED,2026-09-12 14:18:00.000000
ORD_501453,USR_HFT_002,BTC,SELL,LIMIT,,,0.0098,FILLED,2026-09-12 14:19:42.000000
ORD_500775,USR_SYS_009,BTC,SELL,MARKET,,,0.0532,FILLED,2026-09-12 14:30:00.000000
ORD_501316,USR_HFT_002,BTC,BUY,LIMIT,,,0.0064,FILLED,2026-09-12 14:42:10.000000
ORD_501022,USR_HFT_001,BTC,BUY,LIMIT,,,0.0096,FILLED,2026-09-12 15:38:08.000000
ORD_501845,USR_HFT_004,BTC,BUY,LIMIT,,,0.0097,FILLED,2026-09-12 15:38:32.000000
ORD_501507,USR_HFT_002,BTC,SELL,LIMIT,,,0.0082,FILLED,2026-09-12 15:53:09.000000
ORD_501201,USR_HFT_001,BTC,SELL,LIMIT,,,0.0036,FILLED,2026-09-12 16:00:14.000000
ORD_500278,USR_RET_011,BTC,SELL,MARKET,,,0.0122,FILLED,2026-09-12 16:01:00.000000
ORD_500214,USR_RET_009,BTC,SELL,MARKET,,,0.0352,FILLED,2026-09-12 16:16:00.000000
ORD_500386,USR_RET_015,BTC,SELL,MARKET,,,0.0093,FILLED,2026-09-12 16:20:00.000000
ORD_501981,USR_HFT_004,BTC,SELL,LIMIT,,,0.0124,FILLED,2026-09-12 16:27:59.000000
ORD_500499,USR_SYS_003,BTC,SELL,MARKET,,,0.0289,FILLED,2026-09-12 16:30:00.000000
ORD_501977,USR_HFT_004,BTC,BUY,LIMIT,,,0.0071,FILLED,2026-09-12 17:55:34.000000
ORD_500152,USR_RET_007,BTC,BUY,MARKET,,,0.0344,FILLED,2026-09-12 18:17:00.000000
ORD_500824,USR_SYS_010,BTC,BUY,LIMIT,6504590.169,7394691.9816,0.0589,FILLED,2026-09-12 18:45:00.000000
ORD_500314,USR_RET_013,BTC,SELL,MARKET,,,0.0244,FILLED,2026-09-12 18:53:00.000000
ORD_501606,USR_HFT_003,BTC,BUY,LIMIT,,,0.0057,FILLED,2026-09-12 18:54:17.000000
ORD_500195,USR_RET_008,BTC,BUY,MARKET,,,0.0313,FILLED,2026-09-12 19:17:00.000000
ORD_501950,USR_HFT_004,BTC,BUY,LIMIT,,,0.0088,FILLED,2026-09-12 19:17:16.000000
ORD_500360,USR_RET_014,BTC,BUY,MARKET,,,0.0497,FILLED,2026-09-12 19:38:00.000000
ORD_501103,USR_HFT_001,BTC,SELL,LIMIT,,,0.0028,FILLED,2026-09-12 19:39:05.000000
ORD_500185,USR_RET_008,BTC,SELL,MARKET,,,0.0083,FILLED,2026-09-12 19:46:00.000000
ORD_502258,USR_HFT_005,BTC,SELL,LIMIT,,,0.009,FILLED,2026-09-12 19:48:32.000000
ORD_501658,USR_HFT_003,BTC,BUY,LIMIT,,,0.012,FILLED,2026-09-12 20:26:49.000000
ORD_500687,USR_SYS_007,BTC,SELL,MARKET,,,0.0435,FILLED,2026-09-12 20:30:00.000000
ORD_501948,USR_HFT_004,BTC,SELL,LIMIT,,,0.012,FILLED,2026-09-12 20:34:08.000000
ORD_501438,USR_HFT_002,BTC,SELL,LIMIT,,,0.0021,FILLED,2026-09-12 20:51:51.000000
ORD_502060,USR_HFT_004,BTC,SELL,LIMIT,,,0.0022,FILLED,2026-09-12 21:10:34.000000
ORD_502523,USR_HFT_005,BTC,SELL,LIMIT,,,0.0043,FILLED,2026-09-12 21:17:08.000000
ORD_502257,USR_HFT_005,BTC,BUY,LIMIT,,,0.0039,FILLED,2026-09-12 22:22:12.000000
ORD_500781,USR_SYS_009,BTC,SELL,MARKET,,,0.0235,FILLED,2026-09-12 22:30:00.000000
ORD_502196,USR_HFT_005,BTC,SELL,LIMIT,,,0.0023,FILLED,2026-09-12 22:38:32.000000
ORD_502238,USR_HFT_005,BTC,SELL,LIMIT,,,0.0021,FILLED,2026-09-12 22:53:50.000000
ORD_502092,USR_HFT_004,BTC,BUY,LIMIT,,,0.0107,FILLED,2026-09-12 23:11:26.000000
ORD_502096,USR_HFT_004,BTC,BUY,LIMIT,,,0.0117,FILLED,2026-09-12 23:31:10.000000
ORD_502181,USR_HFT_005,BTC,SELL,LIMIT,,,0.013,FILLED,2026-09-12 23:47:33.000000
ORD_501448,USR_HFT_002,BTC,BUY,LIMIT,,,0.0146,FILLED,2026-09-13 00:08:37.000000
ORD_500986,USR_HFT_001,BTC,SELL,LIMIT,,,0.0061,FILLED,2026-09-13 00:58:07.000000
ORD_501952,USR_HFT_004,BTC,BUY,LIMIT,,,0.0145,FILLED,2026-09-13 01:10:41.000000
ORD_502237,USR_HFT_005,BTC,SELL,LIMIT,,,0.0115,FILLED,2026-09-13 01:15:02.000000
ORD_500420,USR_SYS_001,BTC,BUY,LIMIT,6488067.75,7375908.6,0.028,FILLED,2026-09-13 01:45:00.000000
ORD_500206,USR_RET_009,BTC,BUY,MARKET,,,0.0279,FILLED,2026-09-13 02:04:00.000000
ORD_500245,USR_RET_010,BTC,SELL,MARKET,,,0.023,FILLED,2026-09-13 02:23:00.000000
ORD_500735,USR_SYS_008,BTC,SELL,MARKET,,,0.0366,FILLED,2026-09-13 02:30:00.000000
ORD_501277,USR_HFT_002,BTC,SELL,LIMIT,,,0.0116,FILLED,2026-09-13 02:37:01.000000
ORD_501314,USR_HFT_002,BTC,BUY,LIMIT,,,0.007,FILLED,2026-09-13 03:02:20.000000
ORD_501155,USR_HFT_001,BTC,BUY,LIMIT,,,0.0126,FILLED,2026-09-13 03:27:10.000000
ORD_500967,USR_HFT_001,BTC,BUY,LIMIT,,,0.0025,FILLED,2026-09-13 03:27:33.000000
ORD_501532,USR_HFT_002,BTC,SELL,LIMIT,,,0.0066,FILLED,2026-09-13 03:29:38.000000
ORD_500343,USR_RET_013,BTC,SELL,MARKET,,,0.0473,FILLED,2026-09-13 03:44:00.000000
ORD_500293,USR_RET_012,BTC,SELL,MARKET,,,0.0127,FILLED,2026-09-13 04:03:00.000000
ORD_500361,USR_RET_014,BTC,SELL,MARKET,,,0.0149,FILLED,2026-09-13 04:06:00.000000
ORD_501972,USR_HFT_004,BTC,SELL,LIMIT,,,0.0141,FILLED,2026-09-13 04:22:59.000000
ORD_500616,USR_SYS_005,BTC,BUY,LIMIT,6497209.2248,7386301.0134,0.0594,FILLED,2026-09-13 04:45:00.000000
ORD_501679,USR_HFT_003,BTC,BUY,LIMIT,,,0.0055,FILLED,2026-09-13 05:05:42.000000
ORD_502449,USR_HFT_005,BTC,BUY,LIMIT,,,0.0103,FILLED,2026-09-13 05:14:48.000000
ORD_501975,USR_HFT_004,BTC,BUY,LIMIT,,,0.0069,FILLED,2026-09-13 05:16:33.000000
ORD_502280,USR_HFT_005,BTC,SELL,LIMIT,,,0.0131,FILLED,2026-09-13 05:29:14.000000
ORD_500042,USR_RET_002,BTC,BUY,MARKET,,,0.0349,FILLED,2026-09-13 05:58:00.000000
ORD_501099,USR_HFT_001,BTC,BUY,LIMIT,,,0.0036,FILLED,2026-09-13 06:00:13.000000
ORD_500204,USR_RET_009,BTC,SELL,MARKET,,,0.0142,FILLED,2026-09-13 06:05:00.000000
ORD_502065,USR_HFT_004,BTC,SELL,LIMIT,,,0.0127,FILLED,2026-09-13 06:14:47.000000
ORD_502392,USR_HFT_005,BTC,SELL,LIMIT,,,0.0125,FILLED,2026-09-13 06:36:30.000000
ORD_500191,USR_RET_008,BTC,SELL,MARKET,,,0.0093,FILLED,2026-09-13 06:56:00.000000
ORD_501409,USR_HFT_002,BTC,BUY,LIMIT,,,0.0097,FILLED,2026-09-13 07:43:19.000000
ORD_502013,USR_HFT_004,BTC,SELL,LIMIT,,,0.0137,FILLED,2026-09-13 07:47:08.000000
ORD_501262,USR_HFT_002,BTC,SELL,LIMIT,,,0.0093,FILLED,2026-09-13 08:32:20.000000
ORD_501198,USR_HFT_001,BTC,BUY,LIMIT,,,0.0037,FILLED,2026-09-13 08:41:51.000000
ORD_500769,USR_SYS_008,BTC,SELL,MARKET,,,0.0319,FILLED,2026-09-13 09:30:00.000000
ORD_501290,USR_HFT_002,BTC,SELL,LIMIT,,,0.0092,FILLED,2026-09-13 09:47:40.000000
ORD_500980,USR_HFT_001,BTC,BUY,LIMIT,,,0.0122,FILLED,2026-09-13 09:56:49.000000
ORD_502484,USR_HFT_005,BTC,BUY,LIMIT,,,0.0058,FILLED,2026-09-13 09:57:43.000000
ORD_501081,USR_HFT_001,BTC,BUY,LIMIT,,,0.0032,FILLED,2026-09-13 10:11:09.000000
ORD_500701,USR_SYS_007,BTC,SELL,MARKET,,,0.0364,FILLED,2026-09-13 10:30:00.000000
ORD_500557,USR_SYS_004,BTC,SELL,MARKET,,,0.0528,FILLED,2026-09-13 10:30:00.000000
ORD_501014,USR_HFT_001,BTC,SELL,LIMIT,,,0.0026,FILLED,2026-09-13 11:23:19.000000
ORD_501385,USR_HFT_002,BTC,BUY,LIMIT,,,0.0122,FILLED,2026-09-13 12:10:06.000000
ORD_501814,USR_HFT_003,BTC,SELL,LIMIT,,,0.0058,FILLED,2026-09-13 12:11:02.000000
ORD_502531,USR_HFT_005,BTC,BUY,LIMIT,,,0.0147,FILLED,2026-09-13 12:20:21.000000
ORD_501886,USR_HFT_004,BTC,SELL,LIMIT,,,0.0021,FILLED,2026-09-13 12:23:49.000000
ORD_502313,USR_HFT_005,BTC,SELL,LIMIT,,,0.012,FILLED,2026-09-13 12:36:49.000000
ORD_500978,USR_HFT_001,BTC,SELL,LIMIT,,,0.0081,FILLED,2026-09-13 12:40:24.000000
ORD_500979,USR_HFT_001,BTC,BUY,LIMIT,,,0.0081,FILLED,2026-09-13 12:40:26.042343
ORD_502447,USR_HFT_005,BTC,SELL,LIMIT,,,0.0042,FILLED,2026-09-13 12:40:40.000000
ORD_500822,USR_SYS_010,BTC,BUY,LIMIT,6484535.7593,7371893.2842,0.039,FILLED,2026-09-13 12:45:00.000000
ORD_500261,USR_RET_010,BTC,SELL,MARKET,,,0.033,FILLED,2026-09-13 13:34:00.000000
ORD_501126,USR_HFT_001,BTC,BUY,LIMIT,,,0.0117,FILLED,2026-09-13 13:36:40.000000
ORD_502160,USR_HFT_004,BTC,BUY,LIMIT,,,0.0109,FILLED,2026-09-13 13:46:02.000000
ORD_501060,USR_HFT_001,BTC,BUY,LIMIT,,,0.0057,FILLED,2026-09-13 14:01:34.000000
ORD_502455,USR_HFT_005,BTC,SELL,LIMIT,,,0.0099,FILLED,2026-09-13 14:24:29.000000
ORD_500663,USR_SYS_006,BTC,SELL,MARKET,,,0.0311,FILLED,2026-09-13 14:30:00.000000
ORD_501185,USR_HFT_001,BTC,BUY,LIMIT,,,0.0021,FILLED,2026-09-13 14:36:26.000000
ORD_501421,USR_HFT_002,BTC,BUY,LIMIT,,,0.0038,FILLED,2026-09-13 14:39:35.000000
ORD_501847,USR_HFT_004,BTC,BUY,LIMIT,,,0.0034,FILLED,2026-09-13 14:41:36.000000
ORD_501742,USR_HFT_003,BTC,SELL,LIMIT,,,0.0096,FILLED,2026-09-13 15:19:16.000000
ORD_500675,USR_SYS_006,BTC,SELL,MARKET,,,0.0373,FILLED,2026-09-13 15:30:00.000000
ORD_500525,USR_SYS_003,BTC,SELL,MARKET,,,0.0343,FILLED,2026-09-13 15:30:00.000000
ORD_501074,USR_HFT_001,BTC,BUY,LIMIT,,,0.0091,FILLED,2026-09-13 15:32:11.000000
ORD_500698,USR_SYS_007,BTC,BUY,LIMIT,6446643.1568,7328815.3782,0.026,FILLED,2026-09-13 15:45:00.000000
ORD_500011,USR_RET_001,BTC,BUY,MARKET,,,0.0668,FILLED,2026-09-13 15:48:00.000000
ORD_501661,USR_HFT_003,BTC,BUY,LIMIT,,,0.0071,FILLED,2026-09-13 16:12:26.000000
ORD_500265,USR_RET_011,BTC,BUY,MARKET,,,0.0071,FILLED,2026-09-13 16:14:00.000000
ORD_500043,USR_RET_002,BTC,BUY,MARKET,,,0.0139,FILLED,2026-09-13 16:24:00.000000
ORD_501920,USR_HFT_004,BTC,SELL,LIMIT,,,0.0064,FILLED,2026-09-13 16:27:19.000000
ORD_501033,USR_HFT_001,BTC,BUY,LIMIT,,,0.0132,FILLED,2026-09-13 16:43:53.000000
ORD_501508,USR_HFT_002,BTC,BUY,LIMIT,,,0.0144,FILLED,2026-09-13 17:11:03.000000
ORD_502052,USR_HFT_004,BTC,SELL,LIMIT,,,0.0141,FILLED,2026-09-13 17:35:40.000000
ORD_501500,USR_HFT_002,BTC,SELL,LIMIT,,,0.0073,FILLED,2026-09-13 17:43:26.000000
ORD_501790,USR_HFT_003,BTC,SELL,LIMIT,,,0.0119,FILLED,2026-09-13 17:50:07.000000
ORD_501459,USR_HFT_002,BTC,SELL,LIMIT,,,0.0054,FILLED,2026-09-13 18:11:20.000000
ORD_501278,USR_HFT_002,BTC,SELL,LIMIT,,,0.0078,FILLED,2026-09-13 18:22:36.000000
ORD_501962,USR_HFT_004,BTC,SELL,LIMIT,,,0.0076,FILLED,2026-09-13 18:38:29.000000
ORD_501917,USR_HFT_004,BTC,SELL,LIMIT,,,0.0125,FILLED,2026-09-13 18:57:05.000000
ORD_501482,USR_HFT_002,BTC,SELL,LIMIT,,,0.0114,FILLED,2026-09-13 19:37:34.000000
ORD_501483,USR_HFT_002,BTC,BUY,LIMIT,,,0.0114,FILLED,2026-09-13 19:37:36.098878
ORD_502074,USR_HFT_004,BTC,SELL,LIMIT,,,0.0091,FILLED,2026-09-13 19:46:11.000000
ORD_502283,USR_HFT_005,BTC,BUY,LIMIT,,,0.0149,FILLED,2026-09-13 20:35:36.000000
ORD_502323,USR_HFT_005,BTC,SELL,LIMIT,,,0.0102,FILLED,2026-09-13 20:43:02.000000
ORD_500999,USR_HFT_001,BTC,SELL,LIMIT,,,0.0104,FILLED,2026-09-13 20:52:04.000000
ORD_500340,USR_RET_013,BTC,SELL,MARKET,,,0.0161,FILLED,2026-09-13 21:12:00.000000
ORD_501941,USR_HFT_004,BTC,SELL,LIMIT,,,0.0132,FILLED,2026-09-13 21:37:46.000000
ORD_500834,USR_SYS_010,BTC,BUY,LIMIT,6496991.4705,7386053.4612,0.0526,FILLED,2026-09-13 21:45:00.000000
ORD_500137,USR_RET_006,BTC,BUY,MARKET,,,0.0202,FILLED,2026-09-13 21:47:00.000000
ORD_501863,USR_HFT_004,BTC,SELL,LIMIT,,,0.0059,FILLED,2026-09-13 22:13:20.000000
ORD_500521,USR_SYS_003,BTC,SELL,MARKET,,,0.0396,FILLED,2026-09-13 22:30:00.000000
ORD_500369,USR_RET_015,BTC,SELL,MARKET,,,0.0062,FILLED,2026-09-13 22:36:00.000000
ORD_500364,USR_RET_014,BTC,SELL,MARKET,,,0.0245,FILLED,2026-09-13 22:37:00.000000
ORD_500670,USR_SYS_006,BTC,BUY,LIMIT,6501430.6305,7391100.0852,0.0429,FILLED,2026-09-13 22:45:00.000000
ORD_501745,USR_HFT_003,BTC,BUY,LIMIT,,,0.0033,FILLED,2026-09-13 22:54:52.000000
ORD_502520,USR_HFT_005,BTC,SELL,LIMIT,,,0.005,FILLED,2026-09-13 23:01:48.000000
ORD_501112,USR_HFT_001,BTC,SELL,LIMIT,,,0.0035,FILLED,2026-09-13 23:13:11.000000
ORD_502077,USR_HFT_004,BTC,BUY,LIMIT,,,0.0133,FILLED,2026-09-13 23:46:44.000000
ORD_501334,USR_HFT_002,BTC,SELL,LIMIT,,,0.0143,FILLED,2026-09-14 00:15:25.000000
ORD_501491,USR_HFT_002,BTC,SELL,LIMIT,,,0.0082,FILLED,2026-09-14 00:45:57.000000
ORD_500098,USR_RET_005,BTC,SELL,MARKET,,,0.0628,FILLED,2026-09-14 00:53:00.000000
ORD_501121,USR_HFT_001,BTC,SELL,LIMIT,,,0.0097,FILLED,2026-09-14 01:11:26.000000
ORD_501735,USR_HFT_003,BTC,SELL,LIMIT,,,0.0091,FILLED,2026-09-14 01:19:25.000000
ORD_501247,USR_HFT_002,BTC,SELL,LIMIT,,,0.012,FILLED,2026-09-14 01:28:56.000000
ORD_500593,USR_SYS_005,BTC,SELL,MARKET,,,0.044,FILLED,2026-09-14 01:30:00.000000
ORD_500299,USR_RET_012,BTC,BUY,MARKET,,,0.0411,FILLED,2026-09-14 02:17:00.000000
ORD_501490,USR_HFT_002,BTC,BUY,LIMIT,,,0.0046,FILLED,2026-09-14 02:38:36.000000
ORD_501486,USR_HFT_002,BTC,BUY,LIMIT,,,0.0066,FILLED,2026-09-14 02:43:44.000000
ORD_500818,USR_SYS_010,BTC,BUY,LIMIT,6500342.7,7389863.28,0.0459,FILLED,2026-09-14 02:45:00.000000
ORD_500129,USR_RET_006,BTC,BUY,MARKET,,,0.007,FILLED,2026-09-14 02:50:00.000000
ORD_500927,USR_HFT_001,BTC,BUY,LIMIT,,,0.0086,FILLED,2026-09-14 03:21:47.000000
ORD_501810,USR_HFT_003,BTC,BUY,LIMIT,,,0.0065,FILLED,2026-09-14 03:40:35.000000
ORD_501577,USR_HFT_003,BTC,SELL,LIMIT,,,0.0079,FILLED,2026-09-14 03:42:15.000000
ORD_500470,USR_SYS_002,BTC,BUY,LIMIT,6449729.55,7332324.12,0.0329,FILLED,2026-09-14 03:45:00.000000
ORD_502006,USR_HFT_004,BTC,SELL,LIMIT,,,0.0146,FILLED,2026-09-14 03:52:57.000000
ORD_500864,USR_HFT_001,BTC,BUY,LIMIT,,,0.0138,FILLED,2026-09-14 04:05:01.000000
ORD_500894,USR_HFT_001,BTC,BUY,LIMIT,,,0.0025,FILLED,2026-09-14 04:30:58.000000
ORD_500186,USR_RET_008,BTC,SELL,MARKET,,,0.0053,FILLED,2026-09-14 04:43:00.000000
ORD_501583,USR_HFT_003,BTC,BUY,LIMIT,,,0.0112,FILLED,2026-09-14 05:06:02.000000
ORD_501181,USR_HFT_001,BTC,SELL,LIMIT,,,0.0126,FILLED,2026-09-14 05:22:31.000000
ORD_502222,USR_HFT_005,BTC,SELL,LIMIT,,,0.008,FILLED,2026-09-14 05:44:35.000000
ORD_501019,USR_HFT_001,BTC,BUY,LIMIT,,,0.008,FILLED,2026-09-14 06:21:37.000000
ORD_501939,USR_HFT_004,BTC,SELL,LIMIT,,,0.0079,FILLED,2026-09-14 07:00:00.000000
ORD_501357,USR_HFT_002,BTC,SELL,LIMIT,,,0.0118,FILLED,2026-09-14 07:14:18.000000
ORD_502274,USR_HFT_005,BTC,SELL,LIMIT,,,0.0036,FILLED,2026-09-14 07:26:28.000000
ORD_500953,USR_HFT_001,BTC,BUY,LIMIT,,,0.0037,FILLED,2026-09-14 07:28:40.000000
ORD_502515,USR_HFT_005,BTC,SELL,LIMIT,,,0.004,FILLED,2026-09-14 07:39:25.000000
ORD_502219,USR_HFT_005,BTC,BUY,LIMIT,,,0.0063,FILLED,2026-09-14 08:19:31.000000
ORD_500877,USR_HFT_001,BTC,SELL,LIMIT,,,0.0108,FILLED,2026-09-14 09:09:21.000000
ORD_502321,USR_HFT_005,BTC,BUY,LIMIT,,,0.0057,FILLED,2026-09-14 09:10:26.000000
ORD_501331,USR_HFT_002,BTC,SELL,LIMIT,,,0.0065,FILLED,2026-09-14 09:28:27.000000
ORD_502194,USR_HFT_005,BTC,BUY,LIMIT,,,0.0139,FILLED,2026-09-14 09:30:47.000000
ORD_501502,USR_HFT_002,BTC,SELL,LIMIT,,,0.0046,FILLED,2026-09-14 10:14:34.000000
ORD_500930,USR_HFT_001,BTC,BUY,LIMIT,,,0.0079,FILLED,2026-09-14 10:18:29.000000
ORD_500825,USR_SYS_010,BTC,SELL,MARKET,,,0.0589,FILLED,2026-09-14 10:30:00.000000
ORD_501636,USR_HFT_003,BTC,BUY,LIMIT,,,0.0132,FILLED,2026-09-14 10:55:56.000000
ORD_501798,USR_HFT_003,BTC,SELL,LIMIT,,,0.0023,FILLED,2026-09-14 11:35:11.000000
ORD_500081,USR_RET_004,BTC,BUY,MARKET,,,0.0144,FILLED,2026-09-14 11:44:00.000000
ORD_501750,USR_HFT_003,BTC,SELL,LIMIT,,,0.0025,FILLED,2026-09-14 11:49:24.000000
ORD_501230,USR_HFT_002,BTC,SELL,LIMIT,,,0.0044,FILLED,2026-09-14 11:51:10.000000
ORD_501530,USR_HFT_002,BTC,SELL,LIMIT,,,0.014,FILLED,2026-09-14 12:12:37.000000
ORD_501138,USR_HFT_001,BTC,SELL,LIMIT,,,0.0071,FILLED,2026-09-14 12:26:22.000000
ORD_500576,USR_SYS_004,BTC,BUY,LIMIT,6548790.078,7444940.2992,0.0582,FILLED,2026-09-14 12:45:00.000000
ORD_501122,USR_HFT_001,BTC,BUY,LIMIT,,,0.0101,FILLED,2026-09-14 13:17:04.000000
ORD_501871,USR_HFT_004,BTC,BUY,LIMIT,,,0.0101,FILLED,2026-09-14 13:31:11.000000
ORD_501843,USR_HFT_004,BTC,BUY,LIMIT,,,0.0036,FILLED,2026-09-14 13:37:56.000000
ORD_500053,USR_RET_003,BTC,BUY,MARKET,,,0.0131,FILLED,2026-09-14 14:36:00.000000
ORD_502002,USR_HFT_004,BTC,SELL,LIMIT,,,0.0095,FILLED,2026-09-14 15:07:30.000000
ORD_502111,USR_HFT_004,BTC,SELL,LIMIT,,,0.0109,FILLED,2026-09-14 15:26:45.000000
ORD_500163,USR_RET_007,BTC,BUY,MARKET,,,0.0166,FILLED,2026-09-14 15:40:00.000000
ORD_501304,USR_HFT_002,BTC,SELL,LIMIT,,,0.0068,FILLED,2026-09-14 15:42:41.000000
ORD_501857,USR_HFT_004,BTC,BUY,LIMIT,,,0.0039,FILLED,2026-09-14 15:51:59.000000
ORD_501744,USR_HFT_003,BTC,BUY,LIMIT,,,0.0123,FILLED,2026-09-14 15:59:13.000000
ORD_502512,USR_HFT_005,BTC,BUY,LIMIT,,,0.0111,FILLED,2026-09-14 16:22:52.000000
ORD_501348,USR_HFT_002,BTC,SELL,LIMIT,,,0.0043,FILLED,2026-09-14 16:57:14.000000
ORD_501392,USR_HFT_002,BTC,SELL,LIMIT,,,0.01,FILLED,2026-09-14 16:58:14.000000
ORD_501831,USR_HFT_004,BTC,SELL,LIMIT,,,0.0064,FILLED,2026-09-14 17:17:06.000000
ORD_500421,USR_SYS_001,BTC,SELL,MARKET,,,0.028,FILLED,2026-09-14 17:30:00.000000
ORD_501009,USR_HFT_001,BTC,SELL,LIMIT,,,0.0104,FILLED,2026-09-14 17:49:51.000000
ORD_501978,USR_HFT_004,BTC,SELL,LIMIT,,,0.009,FILLED,2026-09-14 18:38:47.000000
ORD_500476,USR_SYS_002,BTC,BUY,LIMIT,6571975.4407,7471298.3958,0.0319,FILLED,2026-09-14 18:45:00.000000
ORD_501400,USR_HFT_002,BTC,BUY,LIMIT,,,0.013,FILLED,2026-09-14 19:23:28.000000
ORD_500454,USR_SYS_002,BTC,BUY,LIMIT,6601658.1195,7505042.9148,0.0322,FILLED,2026-09-14 19:45:00.000000
ORD_500255,USR_RET_010,BTC,SELL,MARKET,,,0.0119,FILLED,2026-09-14 20:01:00.000000
ORD_500617,USR_SYS_005,BTC,SELL,MARKET,,,0.0594,FILLED,2026-09-14 20:30:00.000000
ORD_500890,USR_HFT_001,BTC,BUY,LIMIT,,,0.0059,FILLED,2026-09-14 21:04:36.000000
ORD_502388,USR_HFT_005,BTC,BUY,LIMIT,,,0.01,FILLED,2026-09-14 21:14:49.000000
ORD_501077,USR_HFT_001,BTC,BUY,LIMIT,,,0.0054,FILLED,2026-09-14 21:24:35.000000
ORD_501275,USR_HFT_002,BTC,BUY,LIMIT,,,0.0141,FILLED,2026-09-14 21:44:34.000000
ORD_500796,USR_SYS_009,BTC,BUY,LIMIT,6622538.9865,7528781.1636,0.0499,FILLED,2026-09-14 21:45:00.000000
ORD_502492,USR_HFT_005,BTC,BUY,LIMIT,,,0.0133,FILLED,2026-09-14 22:23:25.000000
ORD_500366,USR_RET_015,BTC,SELL,MARKET,,,0.0086,FILLED,2026-09-14 22:35:00.000000
ORD_500620,USR_SYS_005,BTC,BUY,LIMIT,6636710.6685,7544892.1284,0.0378,FILLED,2026-09-14 22:45:00.000000
ORD_501794,USR_HFT_003,BTC,SELL,LIMIT,,,0.0068,FILLED,2026-09-14 22:51:22.000000
ORD_500989,USR_HFT_001,BTC,BUY,LIMIT,,,0.0037,FILLED,2026-09-14 23:21:51.000000
ORD_502387,USR_HFT_005,BTC,SELL,LIMIT,,,0.0149,FILLED,2026-09-14 23:28:49.000000
ORD_501775,USR_HFT_003,BTC,BUY,LIMIT,,,0.0057,FILLED,2026-09-14 23:38:29.000000
ORD_500820,USR_SYS_010,BTC,BUY,LIMIT,6660926.7907,7572422.0358,0.0547,FILLED,2026-09-14 23:45:00.000000
ORD_502221,USR_HFT_005,BTC,BUY,LIMIT,,,0.0101,FILLED,2026-09-14 23:45:16.000000
ORD_501925,USR_HFT_004,BTC,SELL,LIMIT,,,0.0074,FILLED,2026-09-14 23:47:16.000000
ORD_501821,USR_HFT_004,BTC,BUY,LIMIT,,,0.0073,FILLED,2026-09-14 23:56:17.000000
ORD_500985,USR_HFT_001,BTC,BUY,LIMIT,,,0.003,FILLED,2026-09-15 00:08:18.000000
ORD_500196,USR_RET_008,BTC,BUY,MARKET,,,0.0719,FILLED,2026-09-15 00:21:00.000000
ORD_501911,USR_HFT_004,BTC,SELL,LIMIT,,,0.0058,FILLED,2026-09-15 00:25:13.000000
ORD_501173,USR_HFT_001,BTC,BUY,LIMIT,,,0.0139,FILLED,2026-09-15 00:55:23.000000
ORD_500955,USR_HFT_001,BTC,BUY,LIMIT,,,0.0138,FILLED,2026-09-15 01:14:52.000000
ORD_501451,USR_HFT_002,BTC,SELL,LIMIT,,,0.0132,FILLED,2026-09-15 02:29:22.000000
ORD_501182,USR_HFT_001,BTC,BUY,LIMIT,,,0.013,FILLED,2026-09-15 02:33:17.000000
ORD_502399,USR_HFT_005,BTC,BUY,LIMIT,,,0.0105,FILLED,2026-09-15 02:59:22.000000
ORD_500113,USR_RET_005,BTC,BUY,MARKET,,,0.0288,FILLED,2026-09-15 03:51:00.000000
ORD_502265,USR_HFT_005,BTC,SELL,LIMIT,,,0.0113,FILLED,2026-09-15 03:57:34.000000
ORD_501152,USR_HFT_001,BTC,SELL,LIMIT,,,0.0108,FILLED,2026-09-15 04:06:45.000000
ORD_500263,USR_RET_011,BTC,BUY,MARKET,,,0.0168,FILLED,2026-09-15 04:18:00.000000
ORD_500041,USR_RET_002,BTC,BUY,MARKET,,,0.0131,FILLED,2026-09-15 04:20:00.000000
ORD_500823,USR_SYS_010,BTC,SELL,MARKET,,,0.039,FILLED,2026-09-15 04:30:00.000000
ORD_502389,USR_HFT_005,BTC,SELL,LIMIT,,,0.0125,FILLED,2026-09-15 04:39:59.000000
ORD_500432,USR_SYS_001,BTC,BUY,LIMIT,6573757.8307,7473324.6918,0.0315,FILLED,2026-09-15 04:45:00.000000
ORD_501979,USR_HFT_004,BTC,SELL,LIMIT,,,0.015,FILLED,2026-09-15 05:16:10.000000
ORD_500385,USR_RET_015,BTC,SELL,MARKET,,,0.0059,FILLED,2026-09-15 05:42:00.000000
ORD_501282,USR_HFT_002,BTC,SELL,LIMIT,,,0.0095,FILLED,2026-09-15 05:57:09.000000
ORD_501945,USR_HFT_004,BTC,SELL,LIMIT,,,0.0036,FILLED,2026-09-15 06:19:59.000000
ORD_501709,USR_HFT_003,BTC,BUY,LIMIT,,,0.0027,FILLED,2026-09-15 06:23:38.000000
ORD_501292,USR_HFT_002,BTC,SELL,LIMIT,,,0.01,FILLED,2026-09-15 06:30:13.000000
ORD_502429,USR_HFT_005,BTC,BUY,LIMIT,,,0.0055,FILLED,2026-09-15 06:41:28.000000
ORD_500810,USR_SYS_009,BTC,BUY,LIMIT,6550944.0795,7447389.0588,0.0586,FILLED,2026-09-15 06:45:00.000000
ORD_501639,USR_HFT_003,BTC,SELL,LIMIT,,,0.0119,FILLED,2026-09-15 06:53:44.000000
ORD_500276,USR_RET_011,BTC,BUY,MARKET,,,0.0532,FILLED,2026-09-15 06:54:00.000000
ORD_500236,USR_RET_009,BTC,BUY,MARKET,,,0.0385,FILLED,2026-09-15 07:21:00.000000
ORD_500699,USR_SYS_007,BTC,SELL,MARKET,,,0.026,FILLED,2026-09-15 07:30:00.000000
ORD_500274,USR_RET_011,BTC,BUY,MARKET,,,0.0289,FILLED,2026-09-15 07:39:00.000000
ORD_501302,USR_HFT_002,BTC,BUY,LIMIT,,,0.0107,FILLED,2026-09-15 07:45:43.000000
ORD_502294,USR_HFT_005,BTC,SELL,LIMIT,,,0.0105,FILLED,2026-09-15 08:04:57.000000
ORD_501384,USR_HFT_002,BTC,BUY,LIMIT,,,0.0075,FILLED,2026-09-15 08:40:43.000000
ORD_500658,USR_SYS_006,BTC,BUY,LIMIT,6530692.9342,7424366.7042,0.0509,FILLED,2026-09-15 08:45:00.000000
ORD_502348,USR_HFT_005,BTC,BUY,LIMIT,,,0.0024,FILLED,2026-09-15 08:51:46.000000
ORD_500036,USR_RET_002,BTC,BUY,MARKET,,,0.0292,FILLED,2026-09-15 09:13:00.000000
ORD_501807,USR_HFT_003,BTC,BUY,LIMIT,,,0.014,FILLED,2026-09-15 10:31:31.000000
ORD_501693,USR_HFT_003,BTC,SELL,LIMIT,,,0.0107,FILLED,2026-09-15 10:43:32.000000
ORD_502463,USR_HFT_005,BTC,SELL,LIMIT,,,0.0082,FILLED,2026-09-15 11:25:05.000000
ORD_501797,USR_HFT_003,BTC,SELL,LIMIT,,,0.0122,FILLED,2026-09-15 11:25:15.000000
ORD_501581,USR_HFT_003,BTC,BUY,LIMIT,,,0.0085,FILLED,2026-09-15 11:27:57.000000
ORD_501965,USR_HFT_004,BTC,SELL,LIMIT,,,0.0028,FILLED,2026-09-15 11:31:15.000000
ORD_501319,USR_HFT_002,BTC,BUY,LIMIT,,,0.0097,FILLED,2026-09-15 11:40:33.000000
ORD_501827,USR_HFT_004,BTC,BUY,LIMIT,,,0.0111,FILLED,2026-09-15 12:19:54.000000
ORD_500088,USR_RET_004,BTC,BUY,MARKET,,,0.0308,FILLED,2026-09-15 12:23:00.000000
ORD_500061,USR_RET_003,BTC,BUY,MARKET,,,0.0725,FILLED,2026-09-15 12:43:00.000000
ORD_500430,USR_SYS_001,BTC,BUY,LIMIT,6467890.5907,7352970.3558,0.0583,FILLED,2026-09-15 12:45:00.000000
ORD_502075,USR_HFT_004,BTC,SELL,LIMIT,,,0.008,FILLED,2026-09-15 13:06:50.000000
ORD_500835,USR_SYS_010,BTC,SELL,MARKET,,,0.0526,FILLED,2026-09-15 13:30:00.000000
ORD_501258,USR_HFT_002,BTC,SELL,LIMIT,,,0.0044,FILLED,2026-09-15 13:48:41.000000
ORD_501297,USR_HFT_002,BTC,SELL,LIMIT,,,0.0072,FILLED,2026-09-15 14:11:17.000000
ORD_500671,USR_SYS_006,BTC,SELL,MARKET,,,0.0429,FILLED,2026-09-15 14:30:00.000000
ORD_502042,USR_HFT_004,BTC,BUY,LIMIT,,,0.0074,FILLED,2026-09-15 14:46:59.000000
ORD_501472,USR_HFT_002,BTC,SELL,LIMIT,,,0.0099,FILLED,2026-09-15 15:35:35.000000
ORD_501256,USR_HFT_002,BTC,BUY,LIMIT,,,0.01,FILLED,2026-09-15 15:52:36.000000
ORD_500031,USR_RET_002,BTC,SELL,MARKET,,,0.0259,FILLED,2026-09-15 16:10:00.000000
ORD_501820,USR_HFT_004,BTC,BUY,LIMIT,,,0.0142,FILLED,2026-09-15 16:10:47.000000
ORD_501183,USR_HFT_001,BTC,BUY,LIMIT,,,0.0093,FILLED,2026-09-15 16:14:16.000000
ORD_501090,USR_HFT_001,BTC,BUY,LIMIT,,,0.0062,FILLED,2026-09-15 16:33:20.000000
ORD_500179,USR_RET_008,BTC,BUY,MARKET,,,0.0697,FILLED,2026-09-15 16:37:00.000000
ORD_500323,USR_RET_013,BTC,BUY,MARKET,,,0.0111,FILLED,2026-09-15 16:51:00.000000
ORD_501602,USR_HFT_003,BTC,BUY,LIMIT,,,0.0115,FILLED,2026-09-15 17:39:58.000000
ORD_500744,USR_SYS_008,BTC,BUY,LIMIT,6470214.4238,7355612.187,0.0526,FILLED,2026-09-15 17:45:00.000000
ORD_501299,USR_HFT_002,BTC,SELL,LIMIT,,,0.0058,FILLED,2026-09-15 18:11:15.000000
ORD_500819,USR_SYS_010,BTC,SELL,MARKET,,,0.0459,FILLED,2026-09-15 18:30:00.000000
ORD_501743,USR_HFT_003,BTC,SELL,LIMIT,,,0.01,FILLED,2026-09-15 19:14:26.000000
ORD_500471,USR_SYS_002,BTC,SELL,MARKET,,,0.0329,FILLED,2026-09-15 19:30:00.000000
ORD_500640,USR_SYS_006,BTC,BUY,LIMIT,6384824.4907,7258537.3158,0.0438,FILLED,2026-09-15 19:45:00.000000
ORD_502359,USR_HFT_005,BTC,SELL,LIMIT,,,0.0035,FILLED,2026-09-15 19:53:30.000000
ORD_500376,USR_RET_015,BTC,SELL,MARKET,,,0.0335,FILLED,2026-09-15 20:02:00.000000
ORD_500242,USR_RET_010,BTC,SELL,MARKET,,,0.0806,FILLED,2026-09-15 21:57:00.000000
ORD_500273,USR_RET_011,BTC,BUY,MARKET,,,0.0983,FILLED,2026-09-15 22:14:00.000000
ORD_501216,USR_HFT_001,BTC,BUY,LIMIT,,,0.0049,FILLED,2026-09-15 22:25:10.000000
ORD_500528,USR_SYS_003,BTC,BUY,LIMIT,6470580.15,7356027.96,0.0525,FILLED,2026-09-15 22:45:00.000000
ORD_500310,USR_RET_013,BTC,SELL,MARKET,,,0.0219,FILLED,2026-09-15 22:56:00.000000
ORD_502329,USR_HFT_005,BTC,BUY,LIMIT,,,0.0126,FILLED,2026-09-15 23:27:01.000000
ORD_500034,USR_RET_002,BTC,SELL,MARKET,,,0.0176,FILLED,2026-09-15 23:43:00.000000
ORD_500621,USR_SYS_005,BTC,SELL,STOP_LOSS_MARKET,,,0.0378,FILLED,2026-09-16 00:00:00.000000
ORD_500821,USR_SYS_010,BTC,SELL,STOP_LOSS_MARKET,,,0.0547,FILLED,2026-09-16 00:00:00.000000
ORD_501252,USR_HFT_002,BTC,SELL,LIMIT,,,0.0068,FILLED,2026-09-16 00:32:38.000000
ORD_500327,USR_RET_013,BTC,BUY,MARKET,,,0.0083,FILLED,2026-09-16 01:09:00.000000
ORD_502529,USR_HFT_005,BTC,BUY,LIMIT,,,0.0095,FILLED,2026-09-16 01:09:07.000000
ORD_501280,USR_HFT_002,BTC,SELL,LIMIT,,,0.0141,FILLED,2026-09-16 01:21:27.000000
ORD_501153,USR_HFT_001,BTC,BUY,LIMIT,,,0.0069,FILLED,2026-09-16 01:21:32.000000
ORD_500923,USR_HFT_001,BTC,BUY,LIMIT,,,0.0055,FILLED,2026-09-16 01:31:05.000000
ORD_501087,USR_HFT_001,BTC,BUY,LIMIT,,,0.0087,FILLED,2026-09-16 01:36:49.000000
ORD_500444,USR_SYS_002,BTC,BUY,LIMIT,6384255.303,7257890.2392,0.0574,FILLED,2026-09-16 01:45:00.000000
ORD_501213,USR_HFT_001,BTC,BUY,LIMIT,,,0.0149,FILLED,2026-09-16 02:23:18.000000
ORD_500122,USR_RET_006,BTC,SELL,MARKET,,,0.0179,FILLED,2026-09-16 02:55:00.000000
ORD_500281,USR_RET_011,BTC,BUY,MARKET,,,0.0083,FILLED,2026-09-16 03:09:00.000000
ORD_502324,USR_HFT_005,BTC,BUY,LIMIT,,,0.0069,FILLED,2026-09-16 03:09:23.000000
ORD_500577,USR_SYS_004,BTC,SELL,MARKET,,,0.0582,FILLED,2026-09-16 04:30:00.000000
ORD_502398,USR_HFT_005,BTC,SELL,LIMIT,,,0.0085,FILLED,2026-09-16 04:46:33.000000
ORD_501346,USR_HFT_002,BTC,SELL,LIMIT,,,0.0126,FILLED,2026-09-16 05:04:26.000000
ORD_502261,USR_HFT_005,BTC,SELL,LIMIT,,,0.0027,FILLED,2026-09-16 05:27:01.000000
ORD_501525,USR_HFT_002,BTC,SELL,LIMIT,,,0.0047,FILLED,2026-09-16 05:35:32.000000
ORD_501603,USR_HFT_003,BTC,BUY,LIMIT,,,0.0058,FILLED,2026-09-16 05:38:30.000000
ORD_502249,USR_HFT_005,BTC,SELL,LIMIT,,,0.0098,FILLED,2026-09-16 05:48:48.000000
ORD_500208,USR_RET_009,BTC,SELL,MARKET,,,0.0112,FILLED,2026-09-16 07:16:00.000000
ORD_502127,USR_HFT_004,BTC,BUY,LIMIT,,,0.0078,FILLED,2026-09-16 07:28:42.000000
ORD_501943,USR_HFT_004,BTC,BUY,LIMIT,,,0.0033,FILLED,2026-09-16 07:55:43.000000
ORD_500288,USR_RET_012,BTC,SELL,MARKET,,,0.0302,FILLED,2026-09-16 08:02:00.000000
ORD_501178,USR_HFT_001,BTC,SELL,LIMIT,,,0.0143,FILLED,2026-09-16 08:21:13.000000
ORD_501846,USR_HFT_004,BTC,BUY,LIMIT,,,0.0129,FILLED,2026-09-16 08:49:13.000000
ORD_501894,USR_HFT_004,BTC,SELL,LIMIT,,,0.0119,FILLED,2026-09-16 08:51:03.000000
ORD_501166,USR_HFT_001,BTC,SELL,LIMIT,,,0.009,FILLED,2026-09-16 09:25:35.000000
ORD_500578,USR_SYS_004,BTC,BUY,LIMIT,6378267.4815,7251083.0316,0.0227,FILLED,2026-09-16 09:45:00.000000
ORD_502252,USR_HFT_005,BTC,SELL,LIMIT,,,0.0115,FILLED,2026-09-16 09:48:04.000000
ORD_500348,USR_RET_014,BTC,SELL,MARKET,,,0.0114,FILLED,2026-09-16 10:18:00.000000
ORD_500477,USR_SYS_002,BTC,SELL,MARKET,,,0.0319,FILLED,2026-09-16 10:30:00.000000
ORD_501137,USR_HFT_001,BTC,BUY,LIMIT,,,0.0123,FILLED,2026-09-16 10:42:32.000000
ORD_500580,USR_SYS_004,BTC,BUY,LIMIT,6386505.9907,7260448.9158,0.0305,FILLED,2026-09-16 10:45:00.000000
ORD_501215,USR_HFT_001,BTC,SELL,LIMIT,,,0.0096,FILLED,2026-09-16 10:47:43.000000
ORD_500089,USR_RET_004,BTC,SELL,MARKET,,,0.0217,FILLED,2026-09-16 10:48:00.000000
ORD_500915,USR_HFT_001,BTC,BUY,LIMIT,,,0.0082,FILLED,2026-09-16 11:21:17.000000
ORD_500455,USR_SYS_002,BTC,SELL,MARKET,,,0.0322,FILLED,2026-09-16 11:30:00.000000
ORD_500908,USR_HFT_001,BTC,SELL,LIMIT,,,0.014,FILLED,2026-09-16 12:46:17.000000
ORD_500797,USR_SYS_009,BTC,SELL,MARKET,,,0.0499,FILLED,2026-09-16 13:30:00.000000
ORD_500319,USR_RET_013,BTC,BUY,MARKET,,,0.025,FILLED,2026-09-16 14:13:00.000000
ORD_501841,USR_HFT_004,BTC,SELL,LIMIT,,,0.0104,FILLED,2026-09-16 14:17:21.000000
ORD_502327,USR_HFT_005,BTC,BUY,LIMIT,,,0.0136,FILLED,2026-09-16 14:19:18.000000
ORD_501716,USR_HFT_003,BTC,BUY,LIMIT,,,0.0133,FILLED,2026-09-16 14:30:40.000000
ORD_500564,USR_SYS_004,BTC,BUY,LIMIT,6388876.065,7263143.316,0.0592,FILLED,2026-09-16 15:45:00.000000
ORD_502016,USR_HFT_004,BTC,SELL,LIMIT,,,0.0069,FILLED,2026-09-16 15:47:22.000000
ORD_501696,USR_HFT_003,BTC,SELL,LIMIT,,,0.0057,FILLED,2026-09-16 16:13:15.000000
ORD_501919,USR_HFT_004,BTC,SELL,LIMIT,,,0.0035,FILLED,2026-09-16 16:38:41.000000
ORD_500794,USR_SYS_009,BTC,BUY,LIMIT,6410718.75,7287975.0,0.0523,FILLED,2026-09-16 16:45:00.000000
ORD_500164,USR_RET_007,BTC,BUY,MARKET,,,0.009,FILLED,2026-09-16 16:51:00.000000
ORD_502189,USR_HFT_005,BTC,SELL,LIMIT,,,0.0044,FILLED,2026-09-16 17:31:49.000000
ORD_500762,USR_SYS_008,BTC,BUY,LIMIT,6387008.7593,7261020.4842,0.024,FILLED,2026-09-16 17:45:00.000000
ORD_502430,USR_HFT_005,BTC,SELL,LIMIT,,,0.0081,FILLED,2026-09-16 18:06:49.000000
ORD_500931,USR_HFT_001,BTC,SELL,LIMIT,,,0.003,FILLED,2026-09-16 19:28:52.000000
ORD_502379,USR_HFT_005,BTC,BUY,LIMIT,,,0.0053,FILLED,2026-09-16 19:35:37.000000
ORD_502146,USR_HFT_004,BTC,BUY,LIMIT,,,0.0034,FILLED,2026-09-16 20:01:50.000000
ORD_501467,USR_HFT_002,BTC,SELL,LIMIT,,,0.0116,FILLED,2026-09-16 20:23:29.000000
ORD_501322,USR_HFT_002,BTC,BUY,LIMIT,,,0.014,FILLED,2026-09-16 20:23:46.000000
ORD_500433,USR_SYS_001,BTC,SELL,MARKET,,,0.0315,FILLED,2026-09-16 20:30:00.000000
ORD_502494,USR_HFT_005,BTC,SELL,LIMIT,,,0.0055,FILLED,2026-09-16 20:33:42.000000
ORD_500905,USR_HFT_001,BTC,BUY,LIMIT,,,0.0089,FILLED,2026-09-16 21:10:55.000000
ORD_501674,USR_HFT_003,BTC,BUY,LIMIT,,,0.0025,FILLED,2026-09-16 21:21:34.000000
ORD_502467,USR_HFT_005,BTC,BUY,LIMIT,,,0.0044,FILLED,2026-09-16 21:26:39.000000
ORD_500912,USR_HFT_001,BTC,BUY,LIMIT,,,0.0061,FILLED,2026-09-16 21:33:06.000000
ORD_501175,USR_HFT_001,BTC,BUY,LIMIT,,,0.0048,FILLED,2026-09-16 21:58:17.000000
ORD_500295,USR_RET_012,BTC,BUY,MARKET,,,0.0305,FILLED,2026-09-16 22:10:00.000000
ORD_500093,USR_RET_004,BTC,SELL,MARKET,,,0.0513,FILLED,2026-09-16 22:15:00.000000
ORD_500254,USR_RET_010,BTC,BUY,MARKET,,,0.0112,FILLED,2026-09-16 22:17:00.000000
ORD_500811,USR_SYS_009,BTC,SELL,MARKET,,,0.0586,FILLED,2026-09-16 22:30:00.000000
ORD_502080,USR_HFT_004,BTC,SELL,LIMIT,,,0.003,FILLED,2026-09-16 22:47:04.000000
ORD_500764,USR_SYS_008,BTC,BUY,LIMIT,6358760.4,7228906.56,0.0499,FILLED,2026-09-16 23:45:00.000000
ORD_500518,USR_SYS_003,BTC,BUY,LIMIT,6358760.4,7228906.56,0.0388,FILLED,2026-09-16 23:45:00.000000
ORD_500738,USR_SYS_008,BTC,BUY,LIMIT,6358760.4,7228906.56,0.0486,FILLED,2026-09-16 23:45:00.000000
ORD_500659,USR_SYS_006,BTC,SELL,MARKET,,,0.0509,FILLED,2026-09-17 00:30:00.000000
ORD_500341,USR_RET_013,BTC,BUY,MARKET,,,0.0143,FILLED,2026-09-17 00:51:00.000000
ORD_502517,USR_HFT_005,BTC,SELL,LIMIT,,,0.0149,FILLED,2026-09-17 00:54:43.000000
ORD_501026,USR_HFT_001,BTC,SELL,LIMIT,,,0.0098,FILLED,2026-09-17 00:56:02.000000
ORD_500074,USR_RET_004,BTC,BUY,MARKET,,,0.009,FILLED,2026-09-17 01:35:00.000000
ORD_501352,USR_HFT_002,BTC,SELL,LIMIT,,,0.0129,FILLED,2026-09-17 01:54:02.000000
ORD_500188,USR_RET_008,BTC,BUY,MARKET,,,0.0492,FILLED,2026-09-17 02:32:00.000000
ORD_501782,USR_HFT_003,BTC,SELL,LIMIT,,,0.012,FILLED,2026-09-17 02:44:02.000000
ORD_502350,USR_HFT_005,BTC,SELL,LIMIT,,,0.0035,FILLED,2026-09-17 03:25:30.000000
ORD_502351,USR_HFT_005,BTC,BUY,LIMIT,,,0.0035,FILLED,2026-09-17 03:25:33.243669
ORD_501313,USR_HFT_002,BTC,SELL,LIMIT,,,0.0025,FILLED,2026-09-17 04:07:57.000000
ORD_501568,USR_HFT_003,BTC,BUY,LIMIT,,,0.0055,FILLED,2026-09-17 04:14:52.000000
ORD_501458,USR_HFT_002,BTC,SELL,LIMIT,,,0.0149,FILLED,2026-09-17 04:17:09.000000
ORD_500431,USR_SYS_001,BTC,SELL,MARKET,,,0.0583,FILLED,2026-09-17 04:30:00.000000
ORD_501162,USR_HFT_001,BTC,SELL,LIMIT,,,0.0065,FILLED,2026-09-17 04:31:31.000000
ORD_502053,USR_HFT_004,BTC,SELL,LIMIT,,,0.0028,FILLED,2026-09-17 04:43:08.000000
ORD_501399,USR_HFT_002,BTC,BUY,LIMIT,,,0.0056,FILLED,2026-09-17 05:00:07.000000
ORD_502040,USR_HFT_004,BTC,SELL,LIMIT,,,0.0111,FILLED,2026-09-17 05:07:32.000000
ORD_500399,USR_RET_015,BTC,BUY,MARKET,,,0.0068,FILLED,2026-09-17 05:08:00.000000
ORD_502415,USR_HFT_005,BTC,BUY,LIMIT,,,0.0102,FILLED,2026-09-17 05:35:02.000000
ORD_500183,USR_RET_008,BTC,SELL,MARKET,,,0.0076,FILLED,2026-09-17 05:38:00.000000
ORD_500438,USR_SYS_001,BTC,BUY,LIMIT,6418518.3877,7296841.9566,0.0201,FILLED,2026-09-17 05:45:00.000000
ORD_500880,USR_HFT_001,BTC,SELL,LIMIT,,,0.0129,FILLED,2026-09-17 06:17:43.000000
ORD_501209,USR_HFT_001,BTC,SELL,LIMIT,,,0.0032,FILLED,2026-09-17 06:58:02.000000
ORD_501311,USR_HFT_002,BTC,BUY,LIMIT,,,0.0044,FILLED,2026-09-17 07:30:02.000000
ORD_502457,USR_HFT_005,BTC,BUY,LIMIT,,,0.008,FILLED,2026-09-17 07:59:57.000000
ORD_501237,USR_HFT_002,BTC,BUY,LIMIT,,,0.0098,FILLED,2026-09-17 08:32:55.000000
ORD_500745,USR_SYS_008,BTC,SELL,MARKET,,,0.0526,FILLED,2026-09-17 09:30:00.000000
ORD_500375,USR_RET_015,BTC,BUY,MARKET,,,0.02,FILLED,2026-09-17 09:55:00.000000
ORD_500897,USR_HFT_001,BTC,SELL,LIMIT,,,0.0122,FILLED,2026-09-17 10:00:36.000000
ORD_502247,USR_HFT_005,BTC,BUY,LIMIT,,,0.0048,FILLED,2026-09-17 10:15:50.000000
ORD_501288,USR_HFT_002,BTC,BUY,LIMIT,,,0.014,FILLED,2026-09-17 10:24:47.000000
ORD_500047,USR_RET_003,BTC,SELL,MARKET,,,0.0084,FILLED,2026-09-17 10:38:00.000000
ORD_501363,USR_HFT_002,BTC,SELL,LIMIT,,,0.0135,FILLED,2026-09-17 10:42:23.000000
ORD_500500,USR_SYS_003,BTC,BUY,LIMIT,6417770.961,7295992.2504,0.0473,FILLED,2026-09-17 10:45:00.000000
ORD_500238,USR_RET_010,BTC,BUY,MARKET,,,0.0051,FILLED,2026-09-17 10:52:00.000000
ORD_500641,USR_SYS_006,BTC,SELL,MARKET,,,0.0438,FILLED,2026-09-17 11:30:00.000000
ORD_500174,USR_RET_007,BTC,BUY,MARKET,,,0.0367,FILLED,2026-09-17 11:46:00.000000
ORD_500998,USR_HFT_001,BTC,SELL,LIMIT,,,0.0092,FILLED,2026-09-17 11:56:38.000000
ORD_502488,USR_HFT_005,BTC,BUY,LIMIT,,,0.012,FILLED,2026-09-17 12:22:18.000000
ORD_501157,USR_HFT_001,BTC,SELL,LIMIT,,,0.0095,FILLED,2026-09-17 12:26:54.000000
ORD_501428,USR_HFT_002,BTC,BUY,LIMIT,,,0.0087,FILLED,2026-09-17 13:03:56.000000
ORD_500972,USR_HFT_001,BTC,BUY,LIMIT,,,0.0108,FILLED,2026-09-17 13:08:59.000000
ORD_501179,USR_HFT_001,BTC,SELL,LIMIT,,,0.003,FILLED,2026-09-17 14:17:30.000000
ORD_501705,USR_HFT_003,BTC,SELL,LIMIT,,,0.0108,FILLED,2026-09-17 14:24:43.000000
ORD_501300,USR_HFT_002,BTC,SELL,LIMIT,,,0.0124,FILLED,2026-09-17 14:25:17.000000
ORD_500529,USR_SYS_003,BTC,SELL,MARKET,,,0.0525,FILLED,2026-09-17 14:30:00.000000
ORD_501869,USR_HFT_004,BTC,BUY,LIMIT,,,0.0028,FILLED,2026-09-17 14:40:34.000000
ORD_502134,USR_HFT_004,BTC,BUY,LIMIT,,,0.0071,FILLED,2026-09-17 15:31:25.000000
ORD_500408,USR_SYS_001,BTC,BUY,LIMIT,6430224.15,7310149.56,0.0267,FILLED,2026-09-17 16:45:00.000000
ORD_500873,USR_HFT_001,BTC,BUY,LIMIT,,,0.0099,FILLED,2026-09-17 16:47:02.000000
ORD_502406,USR_HFT_005,BTC,SELL,LIMIT,,,0.0079,FILLED,2026-09-17 16:52:04.000000
ORD_500445,USR_SYS_002,BTC,SELL,MARKET,,,0.0574,FILLED,2026-09-17 17:30:00.000000
ORD_501349,USR_HFT_002,BTC,BUY,LIMIT,,,0.002,FILLED,2026-09-17 18:08:37.000000
ORD_500353,USR_RET_014,BTC,BUY,MARKET,,,0.0055,FILLED,2026-09-17 18:38:00.000000
ORD_502501,USR_HFT_005,BTC,BUY,LIMIT,,,0.0048,FILLED,2026-09-17 18:46:49.000000
ORD_501763,USR_HFT_003,BTC,SELL,LIMIT,,,0.0037,FILLED,2026-09-17 19:03:12.000000
ORD_501024,USR_HFT_001,BTC,SELL,LIMIT,,,0.0106,FILLED,2026-09-17 19:14:12.000000
ORD_500046,USR_RET_003,BTC,SELL,MARKET,,,0.0086,FILLED,2026-09-17 19:31:00.000000
ORD_500913,USR_HFT_001,BTC,BUY,LIMIT,,,0.0056,FILLED,2026-09-17 19:43:04.000000
ORD_500558,USR_SYS_004,BTC,BUY,LIMIT,6431944.3245,7312105.1268,0.034,FILLED,2026-09-17 19:45:00.000000
ORD_500854,USR_SYS_010,BTC,BUY,LIMIT,6431944.3245,7312105.1268,0.0251,FILLED,2026-09-17 19:45:00.000000
ORD_502211,USR_HFT_005,BTC,BUY,LIMIT,,,0.0055,FILLED,2026-09-17 19:49:08.000000
ORD_502011,USR_HFT_004,BTC,BUY,LIMIT,,,0.008,FILLED,2026-09-17 20:06:46.000000
ORD_501855,USR_HFT_004,BTC,SELL,LIMIT,,,0.0114,FILLED,2026-09-17 20:14:09.000000
ORD_501264,USR_HFT_002,BTC,SELL,LIMIT,,,0.0126,FILLED,2026-09-17 20:31:35.000000
ORD_501561,USR_HFT_003,BTC,BUY,LIMIT,,,0.0021,FILLED,2026-09-17 20:41:01.000000
ORD_502041,USR_HFT_004,BTC,BUY,LIMIT,,,0.0143,FILLED,2026-09-17 20:52:09.000000
ORD_501804,USR_HFT_003,BTC,BUY,LIMIT,,,0.0034,FILLED,2026-09-17 21:10:37.000000
ORD_500002,USR_RET_001,BTC,BUY,MARKET,,,0.0731,FILLED,2026-09-17 21:12:00.000000
ORD_500223,USR_RET_009,BTC,SELL,MARKET,,,0.0202,FILLED,2026-09-17 21:35:00.000000
ORD_500704,USR_SYS_007,BTC,BUY,LIMIT,6453047.1495,7336095.7068,0.0548,FILLED,2026-09-17 21:45:00.000000
ORD_502061,USR_HFT_004,BTC,BUY,LIMIT,,,0.0119,FILLED,2026-09-17 22:33:23.000000
ORD_502094,USR_HFT_004,BTC,BUY,LIMIT,,,0.01,FILLED,2026-09-17 23:05:16.000000
ORD_501066,USR_HFT_001,BTC,BUY,LIMIT,,,0.0088,FILLED,2026-09-17 23:06:26.000000
ORD_501678,USR_HFT_003,BTC,BUY,LIMIT,,,0.0096,FILLED,2026-09-17 23:46:02.000000
ORD_502413,USR_HFT_005,BTC,SELL,LIMIT,,,0.0106,FILLED,2026-09-17 23:49:09.000000
ORD_500305,USR_RET_012,BTC,BUY,MARKET,,,0.0455,FILLED,2026-09-18 00:02:00.000000
ORD_501374,USR_HFT_002,BTC,SELL,LIMIT,,,0.0108,FILLED,2026-09-18 00:13:14.000000
ORD_502206,USR_HFT_005,BTC,SELL,LIMIT,,,0.0145,FILLED,2026-09-18 00:19:53.000000
ORD_501802,USR_HFT_003,BTC,BUY,LIMIT,,,0.0074,FILLED,2026-09-18 00:21:09.000000
ORD_501803,USR_HFT_003,BTC,SELL,LIMIT,,,0.0074,FILLED,2026-09-18 00:21:10.453403
ORD_501326,USR_HFT_002,BTC,BUY,LIMIT,,,0.0036,FILLED,2026-09-18 00:36:03.000000
ORD_501296,USR_HFT_002,BTC,BUY,LIMIT,,,0.0032,FILLED,2026-09-18 00:36:16.000000
ORD_500379,USR_RET_015,BTC,BUY,MARKET,,,0.0807,FILLED,2026-09-18 00:44:00.000000
ORD_502466,USR_HFT_005,BTC,SELL,LIMIT,,,0.015,FILLED,2026-09-18 00:44:07.000000
ORD_500910,USR_HFT_001,BTC,BUY,LIMIT,,,0.0054,FILLED,2026-09-18 00:53:56.000000
ORD_501391,USR_HFT_002,BTC,SELL,LIMIT,,,0.0021,FILLED,2026-09-18 01:15:31.000000
ORD_500579,USR_SYS_004,BTC,SELL,MARKET,,,0.0227,FILLED,2026-09-18 01:30:00.000000
ORD_501437,USR_HFT_002,BTC,BUY,LIMIT,,,0.0058,FILLED,2026-09-18 01:50:26.000000
ORD_501147,USR_HFT_001,BTC,BUY,LIMIT,,,0.0089,FILLED,2026-09-18 02:18:59.000000
ORD_500372,USR_RET_015,BTC,BUY,MARKET,,,0.0231,FILLED,2026-09-18 02:22:00.000000
ORD_500201,USR_RET_008,BTC,SELL,MARKET,,,0.0212,FILLED,2026-09-18 02:24:00.000000
ORD_500581,USR_SYS_004,BTC,SELL,MARKET,,,0.0305,FILLED,2026-09-18 02:30:00.000000
ORD_501111,USR_HFT_001,BTC,SELL,LIMIT,,,0.0049,FILLED,2026-09-18 02:34:56.000000
ORD_502202,USR_HFT_005,BTC,SELL,LIMIT,,,0.0044,FILLED,2026-09-18 02:47:55.000000
ORD_501042,USR_HFT_001,BTC,BUY,LIMIT,,,0.0035,FILLED,2026-09-18 02:53:19.000000
ORD_500194,USR_RET_008,BTC,BUY,MARKET,,,0.0278,FILLED,2026-09-18 04:00:00.000000
ORD_500006,USR_RET_001,BTC,BUY,MARKET,,,0.053,FILLED,2026-09-18 04:56:00.000000
ORD_500209,USR_RET_009,BTC,SELL,MARKET,,,0.0136,FILLED,2026-09-18 05:05:00.000000
ORD_501197,USR_HFT_001,BTC,SELL,LIMIT,,,0.0039,FILLED,2026-09-18 05:38:12.000000
ORD_500412,USR_SYS_001,BTC,BUY,LIMIT,6439304.25,7320472.2,0.0574,FILLED,2026-09-18 05:45:00.000000
ORD_501600,USR_HFT_003,BTC,BUY,LIMIT,,,0.0144,FILLED,2026-09-18 06:19:29.000000
ORD_502254,USR_HFT_005,BTC,BUY,LIMIT,,,0.0126,FILLED,2026-09-18 06:21:28.000000
ORD_500458,USR_SYS_002,BTC,BUY,LIMIT,6452252.6407,7335192.4758,0.0337,FILLED,2026-09-18 06:45:00.000000
ORD_500565,USR_SYS_004,BTC,SELL,MARKET,,,0.0592,FILLED,2026-09-18 07:30:00.000000
ORD_500220,USR_RET_009,BTC,BUY,MARKET,,,0.0245,FILLED,2026-09-18 07:38:00.000000
ORD_501656,USR_HFT_003,BTC,BUY,LIMIT,,,0.0141,FILLED,2026-09-18 07:49:34.000000
ORD_500795,USR_SYS_009,BTC,SELL,MARKET,,,0.0523,FILLED,2026-09-18 08:30:00.000000
ORD_502335,USR_HFT_005,BTC,BUY,LIMIT,,,0.0026,FILLED,2026-09-18 08:37:19.000000
ORD_501662,USR_HFT_003,BTC,BUY,LIMIT,,,0.0028,FILLED,2026-09-18 08:44:13.000000
ORD_500496,USR_SYS_003,BTC,BUY,LIMIT,6506015.2402,7396312.0626,0.0464,FILLED,2026-09-18 08:45:00.000000
ORD_501727,USR_HFT_003,BTC,BUY,LIMIT,,,0.0095,FILLED,2026-09-18 09:11:52.000000
ORD_501866,USR_HFT_004,BTC,SELL,LIMIT,,,0.0107,FILLED,2026-09-18 09:21:22.000000
ORD_501345,USR_HFT_002,BTC,SELL,LIMIT,,,0.0124,FILLED,2026-09-18 09:27:14.000000
ORD_500763,USR_SYS_008,BTC,SELL,MARKET,,,0.024,FILLED,2026-09-18 09:30:00.000000
ORD_501200,USR_HFT_001,BTC,SELL,LIMIT,,,0.006,FILLED,2026-09-18 09:33:27.000000
ORD_500828,USR_SYS_010,BTC,BUY,LIMIT,6522199.6777,7414711.2126,0.0575,FILLED,2026-09-18 09:45:00.000000
ORD_500776,USR_SYS_009,BTC,BUY,LIMIT,6522199.6777,7414711.2126,0.036,FILLED,2026-09-18 09:45:00.000000
ORD_502101,USR_HFT_004,BTC,SELL,LIMIT,,,0.0067,FILLED,2026-09-18 09:54:18.000000
ORD_501001,USR_HFT_001,BTC,BUY,LIMIT,,,0.0113,FILLED,2026-09-18 10:42:31.000000
ORD_501954,USR_HFT_004,BTC,SELL,LIMIT,,,0.0074,FILLED,2026-09-18 11:06:10.000000
ORD_501980,USR_HFT_004,BTC,SELL,LIMIT,,,0.0077,FILLED,2026-09-18 11:35:34.000000
ORD_501214,USR_HFT_001,BTC,SELL,LIMIT,,,0.0056,FILLED,2026-09-18 11:42:47.000000
ORD_500162,USR_RET_007,BTC,SELL,MARKET,,,0.0115,FILLED,2026-09-18 11:45:00.000000
ORD_500284,USR_RET_012,BTC,SELL,MARKET,,,0.0548,FILLED,2026-09-18 11:47:00.000000
ORD_501462,USR_HFT_002,BTC,SELL,LIMIT,,,0.0114,FILLED,2026-09-18 12:03:25.000000
ORD_500234,USR_RET_009,BTC,BUY,MARKET,,,0.0313,FILLED,2026-09-18 12:46:00.000000
ORD_500218,USR_RET_009,BTC,SELL,MARKET,,,0.0391,FILLED,2026-09-18 13:08:00.000000
ORD_502159,USR_HFT_004,BTC,SELL,LIMIT,,,0.0068,FILLED,2026-09-18 13:11:44.000000
ORD_500387,USR_RET_015,BTC,BUY,MARKET,,,0.0565,FILLED,2026-09-18 13:54:00.000000
ORD_501340,USR_HFT_002,BTC,BUY,LIMIT,,,0.0092,FILLED,2026-09-18 13:58:11.000000
ORD_502131,USR_HFT_004,BTC,SELL,LIMIT,,,0.0085,FILLED,2026-09-18 14:12:14.000000
ORD_502179,USR_HFT_005,BTC,SELL,LIMIT,,,0.0112,FILLED,2026-09-18 14:18:13.000000
ORD_502438,USR_HFT_005,BTC,SELL,LIMIT,,,0.003,FILLED,2026-09-18 15:02:59.000000
ORD_501403,USR_HFT_002,BTC,SELL,LIMIT,,,0.0043,FILLED,2026-09-18 15:29:35.000000
ORD_500739,USR_SYS_008,BTC,SELL,MARKET,,,0.0486,FILLED,2026-09-18 15:30:00.000000
ORD_500765,USR_SYS_008,BTC,SELL,MARKET,,,0.0499,FILLED,2026-09-18 15:30:00.000000
ORD_500519,USR_SYS_003,BTC,SELL,MARKET,,,0.0388,FILLED,2026-09-18 15:30:00.000000
ORD_501239,USR_HFT_002,BTC,SELL,LIMIT,,,0.0076,FILLED,2026-09-18 15:38:04.000000
ORD_502330,USR_HFT_005,BTC,SELL,LIMIT,,,0.0134,FILLED,2026-09-18 16:01:15.000000
ORD_501308,USR_HFT_002,BTC,BUY,LIMIT,,,0.0105,FILLED,2026-09-18 16:08:40.000000
ORD_501890,USR_HFT_004,BTC,BUY,LIMIT,,,0.011,FILLED,2026-09-18 17:05:46.000000
ORD_501160,USR_HFT_001,BTC,SELL,LIMIT,,,0.0082,FILLED,2026-09-18 17:34:43.000000
ORD_501446,USR_HFT_002,BTC,SELL,LIMIT,,,0.0082,FILLED,2026-09-18 17:41:40.000000
ORD_501651,USR_HFT_003,BTC,BUY,LIMIT,,,0.0136,FILLED,2026-09-18 17:57:16.000000
ORD_501251,USR_HFT_002,BTC,BUY,LIMIT,,,0.0124,FILLED,2026-09-18 18:02:23.000000
ORD_502289,USR_HFT_005,BTC,BUY,LIMIT,,,0.0149,FILLED,2026-09-18 18:03:21.000000
ORD_500005,USR_RET_001,BTC,BUY,MARKET,,,0.0133,FILLED,2026-09-18 18:34:00.000000
ORD_502456,USR_HFT_005,BTC,BUY,LIMIT,,,0.0089,FILLED,2026-09-18 18:58:49.000000
ORD_501379,USR_HFT_002,BTC,BUY,LIMIT,,,0.0075,FILLED,2026-09-18 19:17:51.000000
ORD_501844,USR_HFT_004,BTC,SELL,LIMIT,,,0.0035,FILLED,2026-09-18 19:26:51.000000
ORD_502078,USR_HFT_004,BTC,SELL,LIMIT,,,0.0116,FILLED,2026-09-18 19:41:26.000000
ORD_500582,USR_SYS_004,BTC,BUY,LIMIT,6804848.0572,7736037.7914,0.0457,FILLED,2026-09-18 19:45:00.000000
ORD_500200,USR_RET_008,BTC,SELL,MARKET,,,0.0093,FILLED,2026-09-18 20:03:00.000000
ORD_500936,USR_HFT_001,BTC,BUY,LIMIT,,,0.0073,FILLED,2026-09-18 20:58:44.000000
ORD_500439,USR_SYS_001,BTC,SELL,MARKET,,,0.0201,FILLED,2026-09-18 21:30:00.000000
ORD_501868,USR_HFT_004,BTC,SELL,LIMIT,,,0.0029,FILLED,2026-09-18 21:47:32.000000
ORD_501652,USR_HFT_003,BTC,BUY,LIMIT,,,0.0091,FILLED,2026-09-18 21:57:11.000000
ORD_501341,USR_HFT_002,BTC,SELL,LIMIT,,,0.0113,FILLED,2026-09-18 21:57:30.000000
ORD_502271,USR_HFT_005,BTC,SELL,LIMIT,,,0.0098,FILLED,2026-09-18 22:17:45.000000
ORD_500315,USR_RET_013,BTC,BUY,MARKET,,,0.0074,FILLED,2026-09-18 22:19:00.000000
ORD_501192,USR_HFT_001,BTC,BUY,LIMIT,,,0.0087,FILLED,2026-09-18 22:19:27.000000
ORD_502251,USR_HFT_005,BTC,SELL,LIMIT,,,0.0134,FILLED,2026-09-18 22:43:00.000000
ORD_502288,USR_HFT_005,BTC,SELL,LIMIT,,,0.012,FILLED,2026-09-18 22:44:30.000000
ORD_501046,USR_HFT_001,BTC,SELL,LIMIT,,,0.009,FILLED,2026-09-18 22:56:10.000000
ORD_501692,USR_HFT_003,BTC,BUY,LIMIT,,,0.0062,FILLED,2026-09-18 23:37:44.000000
ORD_500716,USR_SYS_007,BTC,BUY,LIMIT,6804898.5022,7736095.1394,0.0455,FILLED,2026-09-18 23:45:00.000000
ORD_502337,USR_HFT_005,BTC,SELL,LIMIT,,,0.009,FILLED,2026-09-19 00:09:17.000000
ORD_501002,USR_HFT_001,BTC,SELL,LIMIT,,,0.0087,FILLED,2026-09-19 00:10:55.000000
ORD_501136,USR_HFT_001,BTC,BUY,LIMIT,,,0.012,FILLED,2026-09-19 00:13:35.000000
ORD_501043,USR_HFT_001,BTC,BUY,LIMIT,,,0.0043,FILLED,2026-09-19 00:22:44.000000
ORD_501764,USR_HFT_003,BTC,BUY,LIMIT,,,0.0073,FILLED,2026-09-19 00:33:19.000000
ORD_501666,USR_HFT_003,BTC,SELL,LIMIT,,,0.0069,FILLED,2026-09-19 00:34:11.000000
ORD_500610,USR_SYS_005,BTC,BUY,LIMIT,6827290.197,7761550.9608,0.0404,FILLED,2026-09-19 00:45:00.000000
ORD_500642,USR_SYS_006,BTC,BUY,LIMIT,6827290.197,7761550.9608,0.0297,FILLED,2026-09-19 00:45:00.000000
ORD_502000,USR_HFT_004,BTC,SELL,LIMIT,,,0.0065,FILLED,2026-09-19 00:52:12.000000
ORD_501419,USR_HFT_002,BTC,BUY,LIMIT,,,0.0029,FILLED,2026-09-19 01:07:57.000000
ORD_500355,USR_RET_014,BTC,BUY,MARKET,,,0.0143,FILLED,2026-09-19 02:03:00.000000
ORD_501554,USR_HFT_003,BTC,BUY,LIMIT,,,0.0111,FILLED,2026-09-19 02:15:31.000000
ORD_500501,USR_SYS_003,BTC,SELL,MARKET,,,0.0473,FILLED,2026-09-19 02:30:00.000000
ORD_502253,USR_HFT_005,BTC,SELL,LIMIT,,,0.0074,FILLED,2026-09-19 02:42:47.000000
ORD_501774,USR_HFT_003,BTC,BUY,LIMIT,,,0.0086,FILLED,2026-09-19 03:15:40.000000
ORD_501406,USR_HFT_002,BTC,SELL,LIMIT,,,0.0058,FILLED,2026-09-19 03:31:07.000000
ORD_501039,USR_HFT_001,BTC,BUY,LIMIT,,,0.0146,FILLED,2026-09-19 03:36:25.000000
ORD_501408,USR_HFT_002,BTC,BUY,LIMIT,,,0.0093,FILLED,2026-09-19 03:37:20.000000
ORD_500808,USR_SYS_009,BTC,BUY,LIMIT,6821763.1065,7755267.5316,0.0466,FILLED,2026-09-19 03:45:00.000000
ORD_500040,USR_RET_002,BTC,BUY,MARKET,,,0.028,FILLED,2026-09-19 03:50:00.000000
ORD_500448,USR_SYS_002,BTC,BUY,LIMIT,6800311.3702,7730880.2946,0.0389,FILLED,2026-09-19 04:45:00.000000
ORD_500092,USR_RET_004,BTC,SELL,MARKET,,,0.0287,FILLED,2026-09-19 05:39:00.000000
ORD_500213,USR_RET_009,BTC,SELL,MARKET,,,0.0251,FILLED,2026-09-19 06:02:00.000000
ORD_500052,USR_RET_003,BTC,BUY,MARKET,,,0.1104,FILLED,2026-09-19 06:23:00.000000
ORD_500279,USR_RET_011,BTC,BUY,MARKET,,,0.0079,FILLED,2026-09-19 06:23:00.000000
ORD_501375,USR_HFT_002,BTC,BUY,LIMIT,,,0.0137,FILLED,2026-09-19 06:49:47.000000
ORD_501281,USR_HFT_002,BTC,BUY,LIMIT,,,0.0145,FILLED,2026-09-19 07:02:47.000000
ORD_501420,USR_HFT_002,BTC,SELL,LIMIT,,,0.0035,FILLED,2026-09-19 07:05:47.000000
ORD_502033,USR_HFT_004,BTC,SELL,LIMIT,,,0.0043,FILLED,2026-09-19 07:19:54.000000
ORD_501433,USR_HFT_002,BTC,BUY,LIMIT,,,0.0054,FILLED,2026-09-19 07:21:14.000000
ORD_500133,USR_RET_006,BTC,SELL,MARKET,,,0.0335,FILLED,2026-09-19 07:57:00.000000
ORD_501969,USR_HFT_004,BTC,BUY,LIMIT,,,0.0113,FILLED,2026-09-19 08:13:50.000000
ORD_502232,USR_HFT_005,BTC,BUY,LIMIT,,,0.008,FILLED,2026-09-19 08:18:36.000000
ORD_500409,USR_SYS_001,BTC,SELL,MARKET,,,0.0267,FILLED,2026-09-19 08:30:00.000000
ORD_501232,USR_HFT_002,BTC,BUY,LIMIT,,,0.0032,FILLED,2026-09-19 08:59:36.000000
ORD_501427,USR_HFT_002,BTC,SELL,LIMIT,,,0.0054,FILLED,2026-09-19 09:11:49.000000
ORD_501865,USR_HFT_004,BTC,SELL,LIMIT,,,0.0032,FILLED,2026-09-19 09:11:54.000000
ORD_500339,USR_RET_013,BTC,SELL,MARKET,,,0.011,FILLED,2026-09-19 09:36:00.000000
ORD_502473,USR_HFT_005,BTC,SELL,LIMIT,,,0.0043,FILLED,2026-09-19 10:32:21.000000
ORD_500855,USR_SYS_010,BTC,SELL,MARKET,,,0.0251,FILLED,2026-09-19 11:30:00.000000
ORD_500559,USR_SYS_004,BTC,SELL,MARKET,,,0.034,FILLED,2026-09-19 11:30:00.000000
ORD_500383,USR_RET_015,BTC,BUY,MARKET,,,0.0393,FILLED,2026-09-19 11:48:00.000000
ORD_501195,USR_HFT_001,BTC,BUY,LIMIT,,,0.0034,FILLED,2026-09-19 12:03:24.000000
ORD_501694,USR_HFT_003,BTC,SELL,LIMIT,,,0.007,FILLED,2026-09-19 12:03:25.000000
ORD_502308,USR_HFT_005,BTC,SELL,LIMIT,,,0.0144,FILLED,2026-09-19 12:28:10.000000
ORD_502241,USR_HFT_005,BTC,BUY,LIMIT,,,0.0126,FILLED,2026-09-19 12:29:47.000000
ORD_500646,USR_SYS_006,BTC,BUY,LIMIT,6818495.952,7751553.2928,0.0576,FILLED,2026-09-19 12:45:00.000000
ORD_502062,USR_HFT_004,BTC,BUY,LIMIT,,,0.0058,FILLED,2026-09-19 13:00:17.000000
ORD_500300,USR_RET_012,BTC,BUY,MARKET,,,0.0069,FILLED,2026-09-19 13:21:00.000000
ORD_501524,USR_HFT_002,BTC,BUY,LIMIT,,,0.0069,FILLED,2026-09-19 13:26:07.000000
ORD_500705,USR_SYS_007,BTC,SELL,MARKET,,,0.0548,FILLED,2026-09-19 13:30:00.000000
ORD_502435,USR_HFT_005,BTC,BUY,LIMIT,,,0.0124,FILLED,2026-09-19 14:02:59.000000
ORD_501303,USR_HFT_002,BTC,BUY,LIMIT,,,0.004,FILLED,2026-09-19 14:06:24.000000
ORD_501425,USR_HFT_002,BTC,SELL,LIMIT,,,0.0039,FILLED,2026-09-19 14:07:32.000000
ORD_501413,USR_HFT_002,BTC,BUY,LIMIT,,,0.0146,FILLED,2026-09-19 14:10:31.000000
ORD_501325,USR_HFT_002,BTC,SELL,LIMIT,,,0.0028,FILLED,2026-09-19 14:32:37.000000
ORD_501812,USR_HFT_003,BTC,BUY,LIMIT,,,0.0026,FILLED,2026-09-19 14:36:11.000000
ORD_502046,USR_HFT_004,BTC,SELL,LIMIT,,,0.0076,FILLED,2026-09-19 14:48:01.000000
ORD_502118,USR_HFT_004,BTC,BUY,LIMIT,,,0.009,FILLED,2026-09-19 14:51:54.000000
ORD_502292,USR_HFT_005,BTC,BUY,LIMIT,,,0.0073,FILLED,2026-09-19 15:00:34.000000
ORD_500176,USR_RET_007,BTC,BUY,MARKET,,,0.0245,FILLED,2026-09-19 15:08:00.000000
ORD_501702,USR_HFT_003,BTC,BUY,LIMIT,,,0.009,FILLED,2026-09-19 15:27:23.000000
ORD_500464,USR_SYS_002,BTC,BUY,LIMIT,6828294.0525,7762692.186,0.0596,FILLED,2026-09-19 15:45:00.000000
ORD_500023,USR_RET_001,BTC,BUY,MARKET,,,0.0096,FILLED,2026-09-19 15:52:00.000000
ORD_501760,USR_HFT_003,BTC,BUY,LIMIT,,,0.0076,FILLED,2026-09-19 16:19:22.000000
ORD_500246,USR_RET_010,BTC,SELL,MARKET,,,0.0155,FILLED,2026-09-19 16:22:00.000000
ORD_502276,USR_HFT_005,BTC,SELL,LIMIT,,,0.0093,FILLED,2026-09-19 16:24:21.000000
ORD_500935,USR_HFT_001,BTC,BUY,LIMIT,,,0.0139,FILLED,2026-09-19 17:16:38.000000
ORD_501504,USR_HFT_002,BTC,SELL,LIMIT,,,0.0023,FILLED,2026-09-19 17:41:29.000000
ORD_502004,USR_HFT_004,BTC,SELL,LIMIT,,,0.0076,FILLED,2026-09-19 18:28:27.000000
ORD_501072,USR_HFT_001,BTC,BUY,LIMIT,,,0.0048,FILLED,2026-09-19 18:39:42.000000
ORD_500666,USR_SYS_006,BTC,BUY,LIMIT,6840679.1407,7776772.0758,0.0269,FILLED,2026-09-19 18:45:00.000000
ORD_500486,USR_SYS_002,BTC,BUY,LIMIT,6840679.1407,7776772.0758,0.053,FILLED,2026-09-19 18:45:00.000000
ORD_500510,USR_SYS_003,BTC,BUY,LIMIT,6840679.1407,7776772.0758,0.0252,FILLED,2026-09-19 18:45:00.000000
ORD_500239,USR_RET_010,BTC,BUY,MARKET,,,0.0322,FILLED,2026-09-19 18:50:00.000000
ORD_501386,USR_HFT_002,BTC,SELL,LIMIT,,,0.0045,FILLED,2026-09-19 19:13:56.000000
ORD_501599,USR_HFT_003,BTC,BUY,LIMIT,,,0.0136,FILLED,2026-09-19 20:21:40.000000
ORD_500942,USR_HFT_001,BTC,SELL,LIMIT,,,0.0038,FILLED,2026-09-19 20:22:09.000000
ORD_500682,USR_SYS_007,BTC,BUY,LIMIT,6863547.5407,7802769.8358,0.0522,FILLED,2026-09-19 20:45:00.000000
ORD_502005,USR_HFT_004,BTC,BUY,LIMIT,,,0.0028,FILLED,2026-09-19 20:56:34.000000
ORD_501585,USR_HFT_003,BTC,SELL,LIMIT,,,0.0148,FILLED,2026-09-19 21:08:29.000000
ORD_501597,USR_HFT_003,BTC,SELL,LIMIT,,,0.0101,FILLED,2026-09-19 21:13:13.000000
ORD_501435,USR_HFT_002,BTC,BUY,LIMIT,,,0.013,FILLED,2026-09-19 21:25:14.000000
ORD_500413,USR_SYS_001,BTC,SELL,MARKET,,,0.0574,FILLED,2026-09-19 21:30:00.000000
ORD_502112,USR_HFT_004,BTC,BUY,LIMIT,,,0.0035,FILLED,2026-09-19 21:35:43.000000
ORD_502255,USR_HFT_005,BTC,BUY,LIMIT,,,0.0032,FILLED,2026-09-19 21:44:57.000000
ORD_502178,USR_HFT_005,BTC,BUY,LIMIT,,,0.0051,FILLED,2026-09-19 22:07:03.000000
ORD_501806,USR_HFT_003,BTC,SELL,LIMIT,,,0.0123,FILLED,2026-09-19 22:18:53.000000
ORD_501307,USR_HFT_002,BTC,SELL,LIMIT,,,0.0098,FILLED,2026-09-19 22:22:18.000000
ORD_500459,USR_SYS_002,BTC,SELL,MARKET,,,0.0337,FILLED,2026-09-19 22:30:00.000000
ORD_500562,USR_SYS_004,BTC,BUY,LIMIT,6849086.6407,7786330.0758,0.0441,FILLED,2026-09-19 22:45:00.000000
ORD_501211,USR_HFT_001,BTC,SELL,LIMIT,,,0.0143,FILLED,2026-09-19 22:49:55.000000
ORD_502163,USR_HFT_004,BTC,BUY,LIMIT,,,0.0115,FILLED,2026-09-19 23:36:44.000000
ORD_501000,USR_HFT_001,BTC,BUY,LIMIT,,,0.0146,FILLED,2026-09-19 23:49:21.000000
ORD_502193,USR_HFT_005,BTC,SELL,LIMIT,,,0.0133,FILLED,2026-09-20 00:07:37.000000
ORD_500497,USR_SYS_003,BTC,SELL,MARKET,,,0.0464,FILLED,2026-09-20 00:30:00.000000
ORD_501047,USR_HFT_001,BTC,SELL,LIMIT,,,0.0141,FILLED,2026-09-20 00:37:39.000000
ORD_500394,USR_RET_015,BTC,BUY,MARKET,,,0.0202,FILLED,2026-09-20 00:55:00.000000
ORD_501938,USR_HFT_004,BTC,SELL,LIMIT,,,0.0042,FILLED,2026-09-20 01:07:28.000000
ORD_502095,USR_HFT_004,BTC,SELL,LIMIT,,,0.0124,FILLED,2026-09-20 01:09:56.000000
ORD_500829,USR_SYS_010,BTC,SELL,MARKET,,,0.0575,FILLED,2026-09-20 01:30:00.000000
ORD_500777,USR_SYS_009,BTC,SELL,MARKET,,,0.036,FILLED,2026-09-20 01:30:00.000000
ORD_502210,USR_HFT_005,BTC,SELL,LIMIT,,,0.0133,FILLED,2026-09-20 01:40:52.000000
ORD_501455,USR_HFT_002,BTC,BUY,LIMIT,,,0.0141,FILLED,2026-09-20 01:42:06.000000
ORD_500929,USR_HFT_001,BTC,SELL,LIMIT,,,0.0056,FILLED,2026-09-20 02:05:57.000000
ORD_502076,USR_HFT_004,BTC,SELL,LIMIT,,,0.0121,FILLED,2026-09-20 02:22:36.000000
ORD_500111,USR_RET_005,BTC,BUY,MARKET,,,0.0101,FILLED,2026-09-20 02:45:00.000000
ORD_500392,USR_RET_015,BTC,SELL,MARKET,,,0.0114,FILLED,2026-09-20 02:50:00.000000
ORD_502143,USR_HFT_004,BTC,SELL,LIMIT,,,0.0121,FILLED,2026-09-20 02:58:10.000000
ORD_501484,USR_HFT_002,BTC,SELL,LIMIT,,,0.0051,FILLED,2026-09-20 03:30:28.000000
ORD_501027,USR_HFT_001,BTC,SELL,LIMIT,,,0.0114,FILLED,2026-09-20 03:34:25.000000
ORD_502022,USR_HFT_004,BTC,BUY,LIMIT,,,0.0125,FILLED,2026-09-20 03:36:27.000000
ORD_501676,USR_HFT_003,BTC,SELL,LIMIT,,,0.0072,FILLED,2026-09-20 03:43:54.000000
ORD_500418,USR_SYS_001,BTC,BUY,LIMIT,6832048.0012,7766959.833,0.0355,FILLED,2026-09-20 03:45:00.000000
ORD_500151,USR_RET_007,BTC,BUY,MARKET,,,0.0149,FILLED,2026-09-20 04:12:00.000000
ORD_501878,USR_HFT_004,BTC,SELL,LIMIT,,,0.0075,FILLED,2026-09-20 04:16:30.000000
ORD_501169,USR_HFT_001,BTC,SELL,LIMIT,,,0.0039,FILLED,2026-09-20 04:27:37.000000
ORD_502267,USR_HFT_005,BTC,SELL,LIMIT,,,0.0113,FILLED,2026-09-20 04:42:45.000000
ORD_500994,USR_HFT_001,BTC,SELL,LIMIT,,,0.0144,FILLED,2026-09-20 04:58:08.000000
ORD_500896,USR_HFT_001,BTC,SELL,LIMIT,,,0.0109,FILLED,2026-09-20 05:15:03.000000
ORD_501104,USR_HFT_001,BTC,SELL,LIMIT,,,0.009,FILLED,2026-09-20 06:10:12.000000
ORD_500692,USR_SYS_007,BTC,BUY,LIMIT,6818313.5093,7751345.8842,0.0409,FILLED,2026-09-20 06:45:00.000000
ORD_501110,USR_HFT_001,BTC,SELL,LIMIT,,,0.0128,FILLED,2026-09-20 06:57:22.000000
ORD_500628,USR_SYS_005,BTC,BUY,LIMIT,6753872.544,7678086.6816,0.0286,FILLED,2026-09-20 07:45:00.000000
ORD_500608,USR_SYS_005,BTC,BUY,LIMIT,6753872.544,7678086.6816,0.0212,FILLED,2026-09-20 07:45:00.000000
ORD_500277,USR_RET_011,BTC,SELL,MARKET,,,0.0893,FILLED,2026-09-20 08:39:00.000000
ORD_500371,USR_RET_015,BTC,BUY,MARKET,,,0.007,FILLED,2026-09-20 08:44:00.000000
ORD_500588,USR_SYS_004,BTC,BUY,LIMIT,6766892.3985,7692888.2004,0.0346,FILLED,2026-09-20 08:45:00.000000
ORD_502451,USR_HFT_005,BTC,SELL,LIMIT,,,0.0065,FILLED,2026-09-20 08:49:45.000000
ORD_500153,USR_RET_007,BTC,BUY,MARKET,,,0.0093,FILLED,2026-09-20 08:52:00.000000
ORD_501625,USR_HFT_003,BTC,SELL,LIMIT,,,0.0145,FILLED,2026-09-20 09:08:51.000000
ORD_502054,USR_HFT_004,BTC,SELL,LIMIT,,,0.0137,FILLED,2026-09-20 10:35:49.000000
ORD_500792,USR_SYS_009,BTC,BUY,LIMIT,6767559.1132,7693646.1498,0.037,FILLED,2026-09-20 10:45:00.000000
ORD_501439,USR_HFT_002,BTC,BUY,LIMIT,,,0.0087,FILLED,2026-09-20 10:59:16.000000
ORD_501480,USR_HFT_002,BTC,SELL,LIMIT,,,0.0066,FILLED,2026-09-20 11:01:02.000000
ORD_500583,USR_SYS_004,BTC,SELL,MARKET,,,0.0457,FILLED,2026-09-20 11:30:00.000000
ORD_500614,USR_SYS_005,BTC,BUY,LIMIT,6752198.6107,7676183.6838,0.0297,FILLED,2026-09-20 12:45:00.000000
ORD_501682,USR_HFT_003,BTC,SELL,LIMIT,,,0.0091,FILLED,2026-09-20 12:50:40.000000
ORD_500398,USR_RET_015,BTC,SELL,MARKET,,,0.0133,FILLED,2026-09-20 12:53:00.000000
ORD_501680,USR_HFT_003,BTC,BUY,LIMIT,,,0.013,FILLED,2026-09-20 13:03:12.000000
ORD_500069,USR_RET_003,BTC,SELL,MARKET,,,0.0158,FILLED,2026-09-20 13:05:00.000000
ORD_500740,USR_SYS_008,BTC,BUY,LIMIT,6748267.2637,7671714.363,0.0258,FILLED,2026-09-20 13:45:00.000000
ORD_501335,USR_HFT_002,BTC,SELL,LIMIT,,,0.0133,FILLED,2026-09-20 13:57:56.000000
ORD_501910,USR_HFT_004,BTC,SELL,LIMIT,,,0.0025,FILLED,2026-09-20 14:09:50.000000
ORD_502009,USR_HFT_004,BTC,BUY,LIMIT,,,0.0145,FILLED,2026-09-20 14:44:25.000000
ORD_500650,USR_SYS_006,BTC,BUY,LIMIT,6765516.0907,7691323.5558,0.0424,FILLED,2026-09-20 14:45:00.000000
ORD_500442,USR_SYS_002,BTC,BUY,LIMIT,6765516.0907,7691323.5558,0.0277,FILLED,2026-09-20 14:45:00.000000
ORD_501715,USR_HFT_003,BTC,SELL,LIMIT,,,0.0093,FILLED,2026-09-20 15:07:55.000000
ORD_500717,USR_SYS_007,BTC,SELL,MARKET,,,0.0455,FILLED,2026-09-20 15:30:00.000000
ORD_501051,USR_HFT_001,BTC,BUY,LIMIT,,,0.0113,FILLED,2026-09-20 15:50:06.000000
ORD_501687,USR_HFT_003,BTC,SELL,LIMIT,,,0.0029,FILLED,2026-09-20 16:11:18.000000
ORD_501608,USR_HFT_003,BTC,BUY,LIMIT,,,0.011,FILLED,2026-09-20 16:27:39.000000
ORD_500611,USR_SYS_005,BTC,SELL,MARKET,,,0.0404,FILLED,2026-09-20 16:30:00.000000
ORD_500643,USR_SYS_006,BTC,SELL,MARKET,,,0.0297,FILLED,2026-09-20 16:30:00.000000
ORD_501424,USR_HFT_002,BTC,BUY,LIMIT,,,0.0122,FILLED,2026-09-20 16:30:41.000000
ORD_501776,USR_HFT_003,BTC,SELL,LIMIT,,,0.0133,FILLED,2026-09-20 17:30:49.000000
ORD_500554,USR_SYS_004,BTC,BUY,LIMIT,6767512.872,7693593.5808,0.0532,FILLED,2026-09-20 17:45:00.000000
ORD_500065,USR_RET_003,BTC,SELL,MARKET,,,0.0395,FILLED,2026-09-20 17:45:00.000000
ORD_502174,USR_HFT_004,BTC,BUY,LIMIT,,,0.0097,FILLED,2026-09-20 18:20:59.000000
ORD_500809,USR_SYS_009,BTC,SELL,MARKET,,,0.0466,FILLED,2026-09-20 19:30:00.000000
ORD_502465,USR_HFT_005,BTC,SELL,LIMIT,,,0.0108,FILLED,2026-09-20 20:19:01.000000
ORD_500449,USR_SYS_002,BTC,SELL,MARKET,,,0.0389,FILLED,2026-09-20 20:30:00.000000
ORD_501205,USR_HFT_001,BTC,BUY,LIMIT,,,0.0025,FILLED,2026-09-20 20:47:05.000000
ORD_501217,USR_HFT_001,BTC,SELL,LIMIT,,,0.0132,FILLED,2026-09-20 21:06:25.000000
ORD_500080,USR_RET_004,BTC,SELL,MARKET,,,0.0056,FILLED,2026-09-20 21:21:00.000000
ORD_500784,USR_SYS_009,BTC,BUY,LIMIT,6838156.8907,7773904.6758,0.0588,FILLED,2026-09-20 21:45:00.000000
ORD_502066,USR_HFT_004,BTC,SELL,LIMIT,,,0.0138,FILLED,2026-09-20 21:59:12.000000
ORD_501793,USR_HFT_003,BTC,SELL,LIMIT,,,0.0143,FILLED,2026-09-20 22:07:26.000000
ORD_501324,USR_HFT_002,BTC,SELL,LIMIT,,,0.0126,FILLED,2026-09-20 22:07:40.000000
ORD_502088,USR_HFT_004,BTC,BUY,LIMIT,,,0.0032,FILLED,2026-09-20 22:07:54.000000
ORD_502384,USR_HFT_005,BTC,SELL,LIMIT,,,0.0124,FILLED,2026-09-20 22:26:58.000000
ORD_501041,USR_HFT_001,BTC,SELL,LIMIT,,,0.008,FILLED,2026-09-20 22:27:28.000000
ORD_502380,USR_HFT_005,BTC,BUY,LIMIT,,,0.0148,FILLED,2026-09-20 22:31:39.000000
ORD_501260,USR_HFT_002,BTC,BUY,LIMIT,,,0.0079,FILLED,2026-09-20 23:01:56.000000
ORD_502018,USR_HFT_004,BTC,SELL,LIMIT,,,0.0039,FILLED,2026-09-20 23:05:06.000000
ORD_501836,USR_HFT_004,BTC,BUY,LIMIT,,,0.004,FILLED,2026-09-20 23:05:25.000000
ORD_502464,USR_HFT_005,BTC,BUY,LIMIT,,,0.0139,FILLED,2026-09-20 23:34:07.000000
ORD_501914,USR_HFT_004,BTC,SELL,LIMIT,,,0.015,FILLED,2026-09-20 23:40:51.000000
ORD_500680,USR_SYS_006,BTC,BUY,LIMIT,6813101.7,7745420.88,0.0468,FILLED,2026-09-20 23:45:00.000000
ORD_501238,USR_HFT_002,BTC,SELL,LIMIT,,,0.0034,FILLED,2026-09-20 23:54:47.000000
ORD_501141,USR_HFT_001,BTC,SELL,LIMIT,,,0.0083,FILLED,2026-09-21 00:02:10.000000
ORD_500020,USR_RET_001,BTC,BUY,MARKET,,,0.0407,FILLED,2026-09-21 00:08:00.000000
ORD_502172,USR_HFT_004,BTC,BUY,LIMIT,,,0.0142,FILLED,2026-09-21 00:29:16.000000
ORD_501984,USR_HFT_004,BTC,SELL,LIMIT,,,0.0139,FILLED,2026-09-21 00:43:37.000000
ORD_501944,USR_HFT_004,BTC,BUY,LIMIT,,,0.013,FILLED,2026-09-21 00:48:07.000000
ORD_500313,USR_RET_013,BTC,SELL,MARKET,,,0.0252,FILLED,2026-09-21 00:50:00.000000
ORD_502499,USR_HFT_005,BTC,SELL,LIMIT,,,0.0045,FILLED,2026-09-21 00:59:19.000000
ORD_501654,USR_HFT_003,BTC,SELL,LIMIT,,,0.0063,FILLED,2026-09-21 00:59:45.000000
ORD_502114,USR_HFT_004,BTC,BUY,LIMIT,,,0.0093,FILLED,2026-09-21 01:08:07.000000
ORD_502395,USR_HFT_005,BTC,BUY,LIMIT,,,0.0137,FILLED,2026-09-21 01:23:39.000000
ORD_502528,USR_HFT_005,BTC,SELL,LIMIT,,,0.0091,FILLED,2026-09-21 01:50:07.000000
ORD_502530,USR_HFT_005,BTC,SELL,LIMIT,,,0.0126,FILLED,2026-09-21 01:56:44.000000
ORD_501811,USR_HFT_003,BTC,BUY,LIMIT,,,0.0035,FILLED,2026-09-21 01:58:27.000000
ORD_501065,USR_HFT_001,BTC,BUY,LIMIT,,,0.0142,FILLED,2026-09-21 02:02:59.000000
ORD_501970,USR_HFT_004,BTC,BUY,LIMIT,,,0.0136,FILLED,2026-09-21 03:21:33.000000
ORD_502370,USR_HFT_005,BTC,SELL,LIMIT,,,0.0081,FILLED,2026-09-21 03:33:14.000000
ORD_500373,USR_RET_015,BTC,SELL,MARKET,,,0.0342,FILLED,2026-09-21 03:59:00.000000
ORD_500147,USR_RET_006,BTC,BUY,MARKET,,,0.0684,FILLED,2026-09-21 04:10:00.000000
ORD_500647,USR_SYS_006,BTC,SELL,MARKET,,,0.0576,FILLED,2026-09-21 04:30:00.000000
ORD_500244,USR_RET_010,BTC,SELL,MARKET,,,0.0109,FILLED,2026-09-21 04:56:00.000000
ORD_502144,USR_HFT_004,BTC,BUY,LIMIT,,,0.0069,FILLED,2026-09-21 05:27:09.000000
ORD_501143,USR_HFT_001,BTC,BUY,LIMIT,,,0.0097,FILLED,2026-09-21 05:41:15.000000
ORD_500602,USR_SYS_005,BTC,BUY,LIMIT,6861169.059,7800065.8776,0.0353,FILLED,2026-09-21 05:45:00.000000
ORD_502366,USR_HFT_005,BTC,SELL,LIMIT,,,0.0147,FILLED,2026-09-21 05:54:26.000000
ORD_500096,USR_RET_005,BTC,BUY,MARKET,,,0.0064,FILLED,2026-09-21 06:08:00.000000
ORD_500290,USR_RET_012,BTC,SELL,MARKET,,,0.0103,FILLED,2026-09-21 06:57:00.000000
ORD_500465,USR_SYS_002,BTC,SELL,MARKET,,,0.0596,FILLED,2026-09-21 07:30:00.000000
ORD_502420,USR_HFT_005,BTC,BUY,LIMIT,,,0.0125,FILLED,2026-09-21 07:32:10.000000
ORD_500066,USR_RET_003,BTC,SELL,MARKET,,,0.0268,FILLED,2026-09-21 07:44:00.000000
ORD_500490,USR_SYS_002,BTC,BUY,LIMIT,6836189.5357,7771668.1038,0.0552,FILLED,2026-09-21 07:45:00.000000
ORD_500708,USR_SYS_007,BTC,BUY,LIMIT,6836189.5357,7771668.1038,0.0326,FILLED,2026-09-21 07:45:00.000000
ORD_501638,USR_HFT_003,BTC,BUY,LIMIT,,,0.0073,FILLED,2026-09-21 07:46:42.000000
ORD_501614,USR_HFT_003,BTC,BUY,LIMIT,,,0.0077,FILLED,2026-09-21 08:06:41.000000
ORD_500103,USR_RET_005,BTC,BUY,MARKET,,,0.0141,FILLED,2026-09-21 08:13:00.000000
ORD_500982,USR_HFT_001,BTC,BUY,LIMIT,,,0.0032,FILLED,2026-09-21 08:18:59.000000
ORD_501613,USR_HFT_003,BTC,SELL,LIMIT,,,0.0041,FILLED,2026-09-21 08:26:44.000000
ORD_501253,USR_HFT_002,BTC,SELL,LIMIT,,,0.0074,FILLED,2026-09-21 08:47:28.000000
ORD_500667,USR_SYS_006,BTC,SELL,MARKET,,,0.0269,FILLED,2026-09-21 10:30:00.000000
ORD_500487,USR_SYS_002,BTC,SELL,MARKET,,,0.053,FILLED,2026-09-21 10:30:00.000000
ORD_500511,USR_SYS_003,BTC,SELL,MARKET,,,0.0252,FILLED,2026-09-21 10:30:00.000000
ORD_501048,USR_HFT_001,BTC,BUY,LIMIT,,,0.0125,FILLED,2026-09-21 10:34:46.000000
ORD_501590,USR_HFT_003,BTC,SELL,LIMIT,,,0.012,FILLED,2026-09-21 11:02:33.000000
ORD_501697,USR_HFT_003,BTC,BUY,LIMIT,,,0.0116,FILLED,2026-09-21 11:03:29.000000
ORD_501754,USR_HFT_003,BTC,BUY,LIMIT,,,0.0023,FILLED,2026-09-21 11:39:14.000000
ORD_501053,USR_HFT_001,BTC,BUY,LIMIT,,,0.0025,FILLED,2026-09-21 11:39:59.000000
ORD_501856,USR_HFT_004,BTC,BUY,LIMIT,,,0.015,FILLED,2026-09-21 11:46:43.000000
ORD_501809,USR_HFT_003,BTC,SELL,LIMIT,,,0.0046,FILLED,2026-09-21 11:57:41.000000
ORD_501119,USR_HFT_001,BTC,SELL,LIMIT,,,0.0088,FILLED,2026-09-21 12:13:31.000000
ORD_501170,USR_HFT_001,BTC,SELL,LIMIT,,,0.0112,FILLED,2026-09-21 12:29:21.000000
ORD_500683,USR_SYS_007,BTC,SELL,MARKET,,,0.0522,FILLED,2026-09-21 12:30:00.000000
ORD_501657,USR_HFT_003,BTC,BUY,LIMIT,,,0.0057,FILLED,2026-09-21 12:35:59.000000
ORD_500230,USR_RET_009,BTC,BUY,MARKET,,,0.0284,FILLED,2026-09-21 12:49:00.000000
ORD_500045,USR_RET_002,BTC,BUY,MARKET,,,0.0176,FILLED,2026-09-21 13:10:00.000000
ORD_500887,USR_HFT_001,BTC,BUY,LIMIT,,,0.003,FILLED,2026-09-21 13:10:15.000000
ORD_502105,USR_HFT_004,BTC,SELL,LIMIT,,,0.0084,FILLED,2026-09-21 13:15:53.000000
ORD_502140,USR_HFT_004,BTC,BUY,LIMIT,,,0.0106,FILLED,2026-09-21 13:42:52.000000
ORD_500570,USR_SYS_004,BTC,BUY,LIMIT,7042122.0,8005780.8,0.0436,FILLED,2026-09-21 13:45:00.000000
ORD_501246,USR_HFT_002,BTC,SELL,LIMIT,,,0.004,FILLED,2026-09-21 13:47:58.000000
ORD_500885,USR_HFT_001,BTC,BUY,LIMIT,,,0.0148,FILLED,2026-09-21 13:49:32.000000
ORD_500563,USR_SYS_004,BTC,SELL,MARKET,,,0.0441,FILLED,2026-09-21 14:30:00.000000
ORD_500374,USR_RET_015,BTC,BUY,MARKET,,,0.0478,FILLED,2026-09-21 14:32:00.000000
ORD_500750,USR_SYS_008,BTC,BUY,LIMIT,7099441.8127,8070944.3766,0.0518,FILLED,2026-09-21 15:45:00.000000
ORD_501040,USR_HFT_001,BTC,BUY,LIMIT,,,0.0044,FILLED,2026-09-21 16:07:57.000000
ORD_500253,USR_RET_010,BTC,BUY,MARKET,,,0.0075,FILLED,2026-09-21 16:22:00.000000
ORD_500852,USR_SYS_010,BTC,BUY,LIMIT,7136890.4993,8113517.6202,0.0336,FILLED,2026-09-21 16:45:00.000000
ORD_500636,USR_SYS_005,BTC,BUY,LIMIT,7136890.4993,8113517.6202,0.0287,FILLED,2026-09-21 16:45:00.000000
ORD_500091,USR_RET_004,BTC,SELL,MARKET,,,0.0099,FILLED,2026-09-21 17:03:00.000000
ORD_501487,USR_HFT_002,BTC,SELL,LIMIT,,,0.0103,FILLED,2026-09-21 18:01:25.000000
ORD_501785,USR_HFT_003,BTC,BUY,LIMIT,,,0.0101,FILLED,2026-09-21 18:32:38.000000
ORD_500419,USR_SYS_001,BTC,SELL,MARKET,,,0.0355,FILLED,2026-09-21 19:30:00.000000
ORD_501037,USR_HFT_001,BTC,SELL,LIMIT,,,0.0119,FILLED,2026-09-21 20:02:41.000000
ORD_502407,USR_HFT_005,BTC,SELL,LIMIT,,,0.011,FILLED,2026-09-21 20:04:29.000000
ORD_500062,USR_RET_003,BTC,BUY,MARKET,,,0.0235,FILLED,2026-09-21 20:56:00.000000
ORD_501545,USR_HFT_002,BTC,SELL,LIMIT,,,0.0119,FILLED,2026-09-21 20:59:50.000000
ORD_500997,USR_HFT_001,BTC,BUY,LIMIT,,,0.0047,FILLED,2026-09-21 21:01:27.000000
ORD_500660,USR_SYS_006,BTC,BUY,LIMIT,7227247.5833,8216239.3578,0.0237,FILLED,2026-09-21 21:45:00.000000
ORD_502201,USR_HFT_005,BTC,BUY,LIMIT,,,0.0121,FILLED,2026-09-21 22:23:41.000000
ORD_500693,USR_SYS_007,BTC,SELL,MARKET,,,0.0409,FILLED,2026-09-21 22:30:00.000000
ORD_500933,USR_HFT_001,BTC,SELL,LIMIT,,,0.0036,FILLED,2026-09-21 23:08:06.000000
ORD_500629,USR_SYS_005,BTC,SELL,MARKET,,,0.0286,FILLED,2026-09-21 23:30:00.000000
ORD_500609,USR_SYS_005,BTC,SELL,MARKET,,,0.0212,FILLED,2026-09-21 23:30:00.000000
ORD_502341,USR_HFT_005,BTC,BUY,LIMIT,,,0.0026,FILLED,2026-09-21 23:35:03.000000
ORD_500478,USR_SYS_002,BTC,BUY,LIMIT,7234800.8812,8224826.265,0.0307,FILLED,2026-09-21 23:45:00.000000
ORD_501036,USR_HFT_001,BTC,SELL,LIMIT,,,0.01,FILLED,2026-09-22 00:03:34.000000
ORD_501714,USR_HFT_003,BTC,BUY,LIMIT,,,0.0024,FILLED,2026-09-22 00:12:23.000000
ORD_500051,USR_RET_003,BTC,SELL,MARKET,,,0.0093,FILLED,2026-09-22 00:14:00.000000
ORD_500589,USR_SYS_004,BTC,SELL,MARKET,,,0.0346,FILLED,2026-09-22 00:30:00.000000
ORD_501689,USR_HFT_003,BTC,BUY,LIMIT,,,0.007,FILLED,2026-09-22 00:35:10.000000
ORD_500741,USR_SYS_008,BTC,SELL,TAKE_PROFIT_LIMIT,,,0.0258,FILLED,2026-09-22 00:50:00.000000
ORD_500615,USR_SYS_005,BTC,SELL,TAKE_PROFIT_LIMIT,,,0.0297,FILLED,2026-09-22 00:50:00.000000
ORD_501677,USR_HFT_003,BTC,SELL,LIMIT,,,0.0109,FILLED,2026-09-22 01:25:09.000000
ORD_500651,USR_SYS_006,BTC,SELL,TAKE_PROFIT_LIMIT,,,0.0424,FILLED,2026-09-22 01:50:00.000000
ORD_500793,USR_SYS_009,BTC,SELL,TAKE_PROFIT_LIMIT,,,0.037,FILLED,2026-09-22 01:50:00.000000
ORD_500555,USR_SYS_004,BTC,SELL,TAKE_PROFIT_LIMIT,,,0.0532,FILLED,2026-09-22 01:50:00.000000
ORD_500443,USR_SYS_002,BTC,SELL,TAKE_PROFIT_LIMIT,,,0.0277,FILLED,2026-09-22 01:50:00.000000
ORD_500158,USR_RET_007,BTC,BUY,MARKET,,,0.0202,FILLED,2026-09-22 02:16:00.000000
ORD_501267,USR_HFT_002,BTC,SELL,LIMIT,,,0.01,FILLED,2026-09-22 02:38:01.000000
ORD_502262,USR_HFT_005,BTC,BUY,LIMIT,,,0.0094,FILLED,2026-09-22 03:12:37.000000
ORD_501497,USR_HFT_002,BTC,BUY,LIMIT,,,0.0095,FILLED,2026-09-22 03:24:52.000000
ORD_502307,USR_HFT_005,BTC,SELL,LIMIT,,,0.0056,FILLED,2026-09-22 03:30:22.000000
ORD_500638,USR_SYS_005,BTC,BUY,LIMIT,7268598.1905,8263248.4692,0.0292,FILLED,2026-09-22 03:45:00.000000
ORD_500672,USR_SYS_006,BTC,BUY,LIMIT,7268598.1905,8263248.4692,0.047,FILLED,2026-09-22 03:45:00.000000
ORD_500790,USR_SYS_009,BTC,BUY,LIMIT,7282576.5,8279139.6,0.0222,FILLED,2026-09-22 04:45:00.000000
ORD_500550,USR_SYS_004,BTC,BUY,LIMIT,7282576.5,8279139.6,0.0259,FILLED,2026-09-22 04:45:00.000000
ORD_500256,USR_RET_010,BTC,BUY,MARKET,,,0.0089,FILLED,2026-09-22 04:54:00.000000
ORD_501773,USR_HFT_003,BTC,SELL,LIMIT,,,0.0068,FILLED,2026-09-22 05:05:23.000000
ORD_502199,USR_HFT_005,BTC,SELL,LIMIT,,,0.0075,FILLED,2026-09-22 06:13:34.000000
ORD_500018,USR_RET_001,BTC,SELL,MARKET,,,0.0065,FILLED,2026-09-22 06:46:00.000000
ORD_500902,USR_HFT_001,BTC,BUY,LIMIT,,,0.0124,FILLED,2026-09-22 06:47:34.000000
ORD_501547,USR_HFT_003,BTC,BUY,LIMIT,,,0.0084,FILLED,2026-09-22 07:24:47.000000
ORD_500116,USR_RET_005,BTC,BUY,MARKET,,,0.0241,FILLED,2026-09-22 07:35:00.000000
ORD_501514,USR_HFT_002,BTC,BUY,LIMIT,,,0.0088,FILLED,2026-09-22 07:59:52.000000
ORD_501669,USR_HFT_003,BTC,SELL,LIMIT,,,0.0057,FILLED,2026-09-22 08:00:25.000000
ORD_500957,USR_HFT_001,BTC,BUY,LIMIT,,,0.0036,FILLED,2026-09-22 08:35:34.000000
ORD_500830,USR_SYS_010,BTC,BUY,LIMIT,7204624.6822,8190520.6914,0.053,FILLED,2026-09-22 08:45:00.000000
ORD_501489,USR_HFT_002,BTC,SELL,LIMIT,,,0.005,FILLED,2026-09-22 09:18:04.000000
ORD_501983,USR_HFT_004,BTC,SELL,LIMIT,,,0.0119,FILLED,2026-09-22 09:30:31.000000
ORD_500358,USR_RET_014,BTC,SELL,MARKET,,,0.0196,FILLED,2026-09-22 10:16:00.000000
ORD_501648,USR_HFT_003,BTC,SELL,LIMIT,,,0.0037,FILLED,2026-09-22 10:27:27.000000
ORD_500197,USR_RET_008,BTC,SELL,MARKET,,,0.0097,FILLED,2026-09-22 10:50:00.000000
ORD_502396,USR_HFT_005,BTC,BUY,LIMIT,,,0.0086,FILLED,2026-09-22 10:51:56.000000
ORD_502365,USR_HFT_005,BTC,SELL,LIMIT,,,0.0107,FILLED,2026-09-22 10:59:48.000000
ORD_502437,USR_HFT_005,BTC,BUY,LIMIT,,,0.0046,FILLED,2026-09-22 11:38:24.000000
ORD_500552,USR_SYS_004,BTC,BUY,LIMIT,7178660.6407,8161003.6758,0.0499,FILLED,2026-09-22 11:45:00.000000
ORD_502508,USR_HFT_005,BTC,SELL,LIMIT,,,0.0147,FILLED,2026-09-22 11:54:57.000000
ORD_501738,USR_HFT_003,BTC,BUY,LIMIT,,,0.0095,FILLED,2026-09-22 12:02:34.000000
ORD_500312,USR_RET_013,BTC,BUY,MARKET,,,0.0327,FILLED,2026-09-22 12:09:00.000000
ORD_500971,USR_HFT_001,BTC,SELL,LIMIT,,,0.0089,FILLED,2026-09-22 12:15:04.000000
ORD_501030,USR_HFT_001,BTC,SELL,LIMIT,,,0.0134,FILLED,2026-09-22 12:27:34.000000
ORD_500009,USR_RET_001,BTC,BUY,MARKET,,,0.0235,FILLED,2026-09-22 12:40:00.000000
ORD_500785,USR_SYS_009,BTC,SELL,MARKET,,,0.0588,FILLED,2026-09-22 13:30:00.000000
ORD_501588,USR_HFT_003,BTC,SELL,LIMIT,,,0.0131,FILLED,2026-09-22 13:37:05.000000
ORD_502141,USR_HFT_004,BTC,BUY,LIMIT,,,0.0073,FILLED,2026-09-22 13:48:01.000000
ORD_500664,USR_SYS_006,BTC,BUY,LIMIT,7251804.2093,8244156.3642,0.0545,FILLED,2026-09-22 14:45:00.000000
ORD_500219,USR_RET_009,BTC,BUY,MARKET,,,0.0288,FILLED,2026-09-22 15:05:00.000000
ORD_501584,USR_HFT_003,BTC,BUY,LIMIT,,,0.0056,FILLED,2026-09-22 15:13:14.000000
ORD_502084,USR_HFT_004,BTC,BUY,LIMIT,,,0.0089,FILLED,2026-09-22 15:14:12.000000
ORD_500681,USR_SYS_006,BTC,SELL,MARKET,,,0.0468,FILLED,2026-09-22 15:30:00.000000
ORD_500624,USR_SYS_005,BTC,BUY,LIMIT,7222378.8,8210704.32,0.0278,FILLED,2026-09-22 15:45:00.000000
ORD_502318,USR_HFT_005,BTC,BUY,LIMIT,,,0.0124,FILLED,2026-09-22 16:16:31.000000
ORD_500882,USR_HFT_001,BTC,SELL,LIMIT,,,0.0113,FILLED,2026-09-22 17:15:19.000000
ORD_501478,USR_HFT_002,BTC,SELL,LIMIT,,,0.0138,FILLED,2026-09-22 17:49:08.000000
ORD_502038,USR_HFT_004,BTC,BUY,LIMIT,,,0.0033,FILLED,2026-09-22 18:00:47.000000
ORD_502151,USR_HFT_004,BTC,BUY,LIMIT,,,0.0057,FILLED,2026-09-22 18:12:11.000000
ORD_501649,USR_HFT_003,BTC,BUY,LIMIT,,,0.0104,FILLED,2026-09-22 18:19:22.000000
ORD_500948,USR_HFT_001,BTC,BUY,LIMIT,,,0.0057,FILLED,2026-09-22 18:36:45.000000
ORD_501177,USR_HFT_001,BTC,SELL,LIMIT,,,0.0073,FILLED,2026-09-22 19:05:06.000000
ORD_500099,USR_RET_005,BTC,BUY,MARKET,,,0.0058,FILLED,2026-09-22 19:10:00.000000
ORD_502326,USR_HFT_005,BTC,BUY,LIMIT,,,0.0086,FILLED,2026-09-22 19:27:48.000000
ORD_501620,USR_HFT_003,BTC,SELL,LIMIT,,,0.0106,FILLED,2026-09-22 20:06:31.000000
ORD_502402,USR_HFT_005,BTC,SELL,LIMIT,,,0.0113,FILLED,2026-09-22 20:45:10.000000
ORD_500280,USR_RET_011,BTC,SELL,MARKET,,,0.0315,FILLED,2026-09-22 21:09:00.000000
ORD_502191,USR_HFT_005,BTC,BUY,LIMIT,,,0.0056,FILLED,2026-09-22 21:15:21.000000
ORD_500603,USR_SYS_005,BTC,SELL,MARKET,,,0.0353,FILLED,2026-09-22 21:30:00.000000
ORD_502165,USR_HFT_004,BTC,SELL,LIMIT,,,0.0032,FILLED,2026-09-22 21:36:16.000000
ORD_502093,USR_HFT_004,BTC,SELL,LIMIT,,,0.005,FILLED,2026-09-22 22:00:16.000000
ORD_501784,USR_HFT_003,BTC,SELL,LIMIT,,,0.0135,FILLED,2026-09-22 22:33:36.000000
ORD_502023,USR_HFT_004,BTC,SELL,LIMIT,,,0.0134,FILLED,2026-09-22 22:34:27.000000
ORD_502301,USR_HFT_005,BTC,BUY,LIMIT,,,0.0138,FILLED,2026-09-22 22:50:02.000000
ORD_501522,USR_HFT_002,BTC,SELL,LIMIT,,,0.0129,FILLED,2026-09-22 23:05:42.000000
ORD_502311,USR_HFT_005,BTC,SELL,LIMIT,,,0.0045,FILLED,2026-09-22 23:11:56.000000
ORD_502354,USR_HFT_005,BTC,BUY,LIMIT,,,0.0042,FILLED,2026-09-22 23:12:47.000000
ORD_500491,USR_SYS_002,BTC,SELL,MARKET,,,0.0552,FILLED,2026-09-22 23:30:00.000000
ORD_500709,USR_SYS_007,BTC,SELL,MARKET,,,0.0326,FILLED,2026-09-22 23:30:00.000000
ORD_502162,USR_HFT_004,BTC,BUY,LIMIT,,,0.0095,FILLED,2026-09-22 23:40:43.000000
ORD_501023,USR_HFT_001,BTC,SELL,LIMIT,,,0.004,FILLED,2026-09-22 23:40:56.000000
ORD_500782,USR_SYS_009,BTC,BUY,LIMIT,7269245.568,8263984.4352,0.0389,FILLED,2026-09-22 23:45:00.000000
ORD_500025,USR_RET_002,BTC,BUY,MARKET,,,0.0139,FILLED,2026-09-22 23:45:00.000000
ORD_502266,USR_HFT_005,BTC,BUY,LIMIT,,,0.0148,FILLED,2026-09-23 00:25:56.000000
ORD_501976,USR_HFT_004,BTC,SELL,LIMIT,,,0.0029,FILLED,2026-09-23 00:28:51.000000
ORD_502256,USR_HFT_005,BTC,BUY,LIMIT,,,0.0035,FILLED,2026-09-23 00:33:45.000000
ORD_501093,USR_HFT_001,BTC,BUY,LIMIT,,,0.0086,FILLED,2026-09-23 00:33:49.000000
ORD_500770,USR_SYS_008,BTC,BUY,LIMIT,7246629.393,8238273.4152,0.0591,FILLED,2026-09-23 00:45:00.000000
ORD_502436,USR_HFT_005,BTC,BUY,LIMIT,,,0.0072,FILLED,2026-09-23 01:00:53.000000
ORD_500393,USR_RET_015,BTC,SELL,MARKET,,,0.0396,FILLED,2026-09-23 01:02:00.000000
ORD_501718,USR_HFT_003,BTC,SELL,LIMIT,,,0.0111,FILLED,2026-09-23 01:16:39.000000
ORD_500202,USR_RET_008,BTC,SELL,MARKET,,,0.035,FILLED,2026-09-23 01:34:00.000000
ORD_500866,USR_HFT_001,BTC,SELL,LIMIT,,,0.005,FILLED,2026-09-23 01:34:17.000000
ORD_502372,USR_HFT_005,BTC,BUY,LIMIT,,,0.0094,FILLED,2026-09-23 01:47:46.000000
ORD_502483,USR_HFT_005,BTC,BUY,LIMIT,,,0.0141,FILLED,2026-09-23 04:05:33.000000
ORD_502104,USR_HFT_004,BTC,BUY,LIMIT,,,0.013,FILLED,2026-09-23 04:24:28.000000
ORD_501117,USR_HFT_001,BTC,SELL,LIMIT,,,0.0136,FILLED,2026-09-23 04:40:13.000000
ORD_502502,USR_HFT_005,BTC,SELL,LIMIT,,,0.0035,FILLED,2026-09-23 04:45:59.000000
ORD_502268,USR_HFT_005,BTC,BUY,LIMIT,,,0.0046,FILLED,2026-09-23 05:06:47.000000
ORD_502167,USR_HFT_004,BTC,SELL,LIMIT,,,0.0122,FILLED,2026-09-23 05:20:18.000000
ORD_500571,USR_SYS_004,BTC,SELL,MARKET,,,0.0436,FILLED,2026-09-23 05:30:00.000000
ORD_502147,USR_HFT_004,BTC,BUY,LIMIT,,,0.0045,FILLED,2026-09-23 05:33:38.000000
ORD_500508,USR_SYS_003,BTC,BUY,LIMIT,7268897.4975,8263588.734,0.0504,FILLED,2026-09-23 05:45:00.000000
ORD_500991,USR_HFT_001,BTC,SELL,LIMIT,,,0.0041,FILLED,2026-09-23 05:47:44.000000
ORD_502490,USR_HFT_005,BTC,BUY,LIMIT,,,0.0048,FILLED,2026-09-23 05:51:58.000000
ORD_501867,USR_HFT_004,BTC,SELL,LIMIT,,,0.0112,FILLED,2026-09-23 05:54:13.000000
ORD_500058,USR_RET_003,BTC,BUY,MARKET,,,0.0167,FILLED,2026-09-23 06:07:00.000000
ORD_501987,USR_HFT_004,BTC,BUY,LIMIT,,,0.0136,FILLED,2026-09-23 06:28:39.000000
ORD_500143,USR_RET_006,BTC,SELL,MARKET,,,0.0459,FILLED,2026-09-23 06:54:00.000000
ORD_501488,USR_HFT_002,BTC,SELL,LIMIT,,,0.0146,FILLED,2026-09-23 06:54:35.000000
ORD_502339,USR_HFT_005,BTC,BUY,LIMIT,,,0.0067,FILLED,2026-09-23 07:12:36.000000
ORD_501686,USR_HFT_003,BTC,SELL,LIMIT,,,0.0079,FILLED,2026-09-23 07:21:58.000000
ORD_500751,USR_SYS_008,BTC,SELL,MARKET,,,0.0518,FILLED,2026-09-23 07:30:00.000000
ORD_502030,USR_HFT_004,BTC,SELL,LIMIT,,,0.0113,FILLED,2026-09-23 07:52:29.000000
ORD_501732,USR_HFT_003,BTC,BUY,LIMIT,,,0.0047,FILLED,2026-09-23 07:56:40.000000
ORD_501245,USR_HFT_002,BTC,BUY,LIMIT,,,0.0126,FILLED,2026-09-23 08:06:57.000000
ORD_500853,USR_SYS_010,BTC,SELL,MARKET,,,0.0336,FILLED,2026-09-23 08:30:00.000000
ORD_500637,USR_SYS_005,BTC,SELL,MARKET,,,0.0287,FILLED,2026-09-23 08:30:00.000000
ORD_500322,USR_RET_013,BTC,BUY,MARKET,,,0.0473,FILLED,2026-09-23 08:53:00.000000
ORD_501538,USR_HFT_002,BTC,SELL,LIMIT,,,0.0049,FILLED,2026-09-23 09:02:54.000000
ORD_501926,USR_HFT_004,BTC,SELL,LIMIT,,,0.0047,FILLED,2026-09-23 09:03:42.000000
ORD_502064,USR_HFT_004,BTC,BUY,LIMIT,,,0.0062,FILLED,2026-09-23 10:18:15.000000
ORD_501877,USR_HFT_004,BTC,BUY,LIMIT,,,0.0048,FILLED,2026-09-23 10:19:11.000000
ORD_500694,USR_SYS_007,BTC,BUY,LIMIT,7272152.0407,8267288.6358,0.043,FILLED,2026-09-23 10:45:00.000000
ORD_502153,USR_HFT_004,BTC,SELL,LIMIT,,,0.0038,FILLED,2026-09-23 11:19:23.000000
ORD_501092,USR_HFT_001,BTC,SELL,LIMIT,,,0.0034,FILLED,2026-09-23 11:52:24.000000
ORD_502180,USR_HFT_005,BTC,SELL,LIMIT,,,0.011,FILLED,2026-09-23 12:09:20.000000
ORD_501823,USR_HFT_004,BTC,BUY,LIMIT,,,0.0114,FILLED,2026-09-23 12:18:21.000000
ORD_500566,USR_SYS_004,BTC,BUY,LIMIT,7240940.0377,8231805.5166,0.054,FILLED,2026-09-23 12:45:00.000000
ORD_500661,USR_SYS_006,BTC,SELL,MARKET,,,0.0237,FILLED,2026-09-23 13:30:00.000000
ORD_500134,USR_RET_006,BTC,SELL,MARKET,,,0.0484,FILLED,2026-09-23 13:47:00.000000
ORD_501747,USR_HFT_003,BTC,SELL,LIMIT,,,0.0078,FILLED,2026-09-23 14:06:15.000000
ORD_500377,USR_RET_015,BTC,BUY,MARKET,,,0.0509,FILLED,2026-09-23 14:07:00.000000
ORD_502340,USR_HFT_005,BTC,SELL,LIMIT,,,0.0131,FILLED,2026-09-23 14:10:44.000000
ORD_501711,USR_HFT_003,BTC,SELL,LIMIT,,,0.0046,FILLED,2026-09-23 14:20:14.000000
ORD_501270,USR_HFT_002,BTC,BUY,LIMIT,,,0.0118,FILLED,2026-09-23 14:42:08.000000
ORD_501284,USR_HFT_002,BTC,SELL,LIMIT,,,0.0065,FILLED,2026-09-23 14:42:30.000000
ORD_502171,USR_HFT_004,BTC,SELL,LIMIT,,,0.0123,FILLED,2026-09-23 14:56:14.000000
ORD_501056,USR_HFT_001,BTC,BUY,LIMIT,,,0.0128,FILLED,2026-09-23 15:21:26.000000
ORD_500479,USR_SYS_002,BTC,SELL,MARKET,,,0.0307,FILLED,2026-09-23 15:30:00.000000
ORD_500381,USR_RET_015,BTC,BUY,MARKET,,,0.0541,FILLED,2026-09-23 15:35:00.000000
ORD_502394,USR_HFT_005,BTC,SELL,LIMIT,,,0.0125,FILLED,2026-09-23 16:00:16.000000
ORD_500891,USR_HFT_001,BTC,SELL,LIMIT,,,0.0102,FILLED,2026-09-23 16:11:38.000000
ORD_502316,USR_HFT_005,BTC,BUY,LIMIT,,,0.0091,FILLED,2026-09-23 16:18:29.000000
ORD_501897,USR_HFT_004,BTC,SELL,LIMIT,,,0.0062,FILLED,2026-09-23 16:21:25.000000
ORD_502068,USR_HFT_004,BTC,SELL,LIMIT,,,0.0087,FILLED,2026-09-23 17:09:17.000000
ORD_500876,USR_HFT_001,BTC,BUY,LIMIT,,,0.0045,FILLED,2026-09-23 17:24:48.000000
ORD_502460,USR_HFT_005,BTC,SELL,LIMIT,,,0.0056,FILLED,2026-09-23 17:57:42.000000
ORD_500304,USR_RET_012,BTC,BUY,MARKET,,,0.0256,FILLED,2026-09-23 18:19:00.000000
ORD_500746,USR_SYS_008,BTC,BUY,LIMIT,7212963.2407,8200000.3158,0.0232,FILLED,2026-09-23 18:45:00.000000
ORD_500954,USR_HFT_001,BTC,SELL,LIMIT,,,0.0028,FILLED,2026-09-23 18:53:01.000000
ORD_500673,USR_SYS_006,BTC,SELL,MARKET,,,0.047,FILLED,2026-09-23 19:30:00.000000
ORD_500639,USR_SYS_005,BTC,SELL,MARKET,,,0.0292,FILLED,2026-09-23 19:30:00.000000
ORD_502427,USR_HFT_005,BTC,BUY,LIMIT,,,0.0101,FILLED,2026-09-23 19:56:36.000000
ORD_500990,USR_HFT_001,BTC,BUY,LIMIT,,,0.0047,FILLED,2026-09-23 20:08:27.000000
ORD_500551,USR_SYS_004,BTC,SELL,MARKET,,,0.0259,FILLED,2026-09-23 20:30:00.000000
ORD_500791,USR_SYS_009,BTC,SELL,MARKET,,,0.0222,FILLED,2026-09-23 20:30:00.000000
ORD_501387,USR_HFT_002,BTC,SELL,LIMIT,,,0.0095,FILLED,2026-09-23 20:32:35.000000
ORD_501450,USR_HFT_002,BTC,SELL,LIMIT,,,0.007,FILLED,2026-09-23 20:44:55.000000
ORD_502240,USR_HFT_005,BTC,SELL,LIMIT,,,0.0043,FILLED,2026-09-23 21:16:00.000000
ORD_502207,USR_HFT_005,BTC,SELL,LIMIT,,,0.0032,FILLED,2026-09-23 21:58:40.000000
ORD_502290,USR_HFT_005,BTC,SELL,LIMIT,,,0.0134,FILLED,2026-09-23 22:09:59.000000
ORD_501476,USR_HFT_002,BTC,SELL,LIMIT,,,0.0148,FILLED,2026-09-23 22:30:41.000000
ORD_500492,USR_SYS_003,BTC,BUY,LIMIT,7089755.532,8059932.6048,0.033,FILLED,2026-09-23 22:45:00.000000
ORD_502079,USR_HFT_004,BTC,SELL,LIMIT,,,0.004,FILLED,2026-09-23 22:45:39.000000
ORD_502113,USR_HFT_004,BTC,SELL,LIMIT,,,0.0087,FILLED,2026-09-23 23:14:48.000000
ORD_502462,USR_HFT_005,BTC,SELL,LIMIT,,,0.0065,FILLED,2026-09-23 23:26:19.000000
ORD_500008,USR_RET_001,BTC,SELL,MARKET,,,0.0233,FILLED,2026-09-23 23:40:00.000000
ORD_501005,USR_HFT_001,BTC,BUY,LIMIT,,,0.0137,FILLED,2026-09-23 23:42:34.000000
ORD_501225,USR_HFT_001,BTC,BUY,LIMIT,,,0.012,FILLED,2026-09-23 23:57:35.000000
ORD_500831,USR_SYS_010,BTC,SELL,MARKET,,,0.053,FILLED,2026-09-24 00:30:00.000000
ORD_501833,USR_HFT_004,BTC,BUY,LIMIT,,,0.0023,FILLED,2026-09-24 00:32:28.000000
ORD_501032,USR_HFT_001,BTC,BUY,LIMIT,,,0.0078,FILLED,2026-09-24 00:39:16.000000
ORD_500291,USR_RET_012,BTC,SELL,MARKET,,,0.0092,FILLED,2026-09-24 00:49:00.000000
ORD_501805,USR_HFT_003,BTC,BUY,LIMIT,,,0.0022,FILLED,2026-09-24 00:49:28.000000
ORD_501495,USR_HFT_002,BTC,BUY,LIMIT,,,0.009,FILLED,2026-09-24 00:56:55.000000
ORD_500085,USR_RET_004,BTC,SELL,MARKET,,,0.0066,FILLED,2026-09-24 01:01:00.000000
ORD_501365,USR_HFT_002,BTC,BUY,LIMIT,,,0.0029,FILLED,2026-09-24 01:18:56.000000
ORD_502373,USR_HFT_005,BTC,SELL,LIMIT,,,0.0058,FILLED,2026-09-24 01:38:12.000000
ORD_502363,USR_HFT_005,BTC,SELL,LIMIT,,,0.0145,FILLED,2026-09-24 01:52:53.000000
ORD_501685,USR_HFT_003,BTC,SELL,LIMIT,,,0.0108,FILLED,2026-09-24 02:02:01.000000
ORD_501366,USR_HFT_002,BTC,BUY,LIMIT,,,0.0025,FILLED,2026-09-24 02:17:19.000000
ORD_501417,USR_HFT_002,BTC,BUY,LIMIT,,,0.0066,FILLED,2026-09-24 02:38:00.000000
ORD_501430,USR_HFT_002,BTC,SELL,LIMIT,,,0.0081,FILLED,2026-09-24 02:50:01.000000
ORD_501097,USR_HFT_001,BTC,BUY,LIMIT,,,0.0053,FILLED,2026-09-24 02:53:12.000000
ORD_500553,USR_SYS_004,BTC,SELL,MARKET,,,0.0499,FILLED,2026-09-24 03:30:00.000000
ORD_500606,USR_SYS_005,BTC,BUY,LIMIT,7109635.0657,8082532.4958,0.0572,FILLED,2026-09-24 03:45:00.000000
ORD_500114,USR_RET_005,BTC,SELL,MARKET,,,0.0259,FILLED,2026-09-24 03:51:00.000000
ORD_501850,USR_HFT_004,BTC,SELL,LIMIT,,,0.0122,FILLED,2026-09-24 04:39:16.000000
ORD_500958,USR_HFT_001,BTC,SELL,LIMIT,,,0.0086,FILLED,2026-09-24 04:49:24.000000
ORD_502212,USR_HFT_005,BTC,BUY,LIMIT,,,0.0123,FILLED,2026-09-24 05:12:55.000000
ORD_501310,USR_HFT_002,BTC,BUY,LIMIT,,,0.0125,FILLED,2026-09-24 05:54:26.000000
ORD_500665,USR_SYS_006,BTC,SELL,MARKET,,,0.0545,FILLED,2026-09-24 06:30:00.000000
ORD_502185,USR_HFT_005,BTC,BUY,LIMIT,,,0.012,FILLED,2026-09-24 06:38:33.000000
ORD_502248,USR_HFT_005,BTC,BUY,LIMIT,,,0.0039,FILLED,2026-09-24 06:59:40.000000
ORD_500187,USR_RET_008,BTC,BUY,MARKET,,,0.0256,FILLED,2026-09-24 07:14:00.000000
ORD_500625,USR_SYS_005,BTC,SELL,MARKET,,,0.0278,FILLED,2026-09-24 07:30:00.000000
ORD_500800,USR_SYS_009,BTC,BUY,LIMIT,7093032.7755,8063658.3132,0.052,FILLED,2026-09-24 07:45:00.000000
ORD_502381,USR_HFT_005,BTC,BUY,LIMIT,,,0.0042,FILLED,2026-09-24 07:47:07.000000
ORD_500095,USR_RET_005,BTC,SELL,MARKET,,,0.0379,FILLED,2026-09-24 07:50:00.000000
ORD_502070,USR_HFT_004,BTC,BUY,LIMIT,,,0.0096,FILLED,2026-09-24 08:07:44.000000
ORD_501102,USR_HFT_001,BTC,SELL,LIMIT,,,0.0096,FILLED,2026-09-24 08:18:53.000000
ORD_501142,USR_HFT_001,BTC,BUY,LIMIT,,,0.0095,FILLED,2026-09-24 08:42:31.000000
ORD_501154,USR_HFT_001,BTC,BUY,LIMIT,,,0.0032,FILLED,2026-09-24 09:26:52.000000
ORD_502059,USR_HFT_004,BTC,SELL,LIMIT,,,0.0122,FILLED,2026-09-24 10:11:57.000000
ORD_500977,USR_HFT_001,BTC,BUY,LIMIT,,,0.0145,FILLED,2026-09-24 10:22:15.000000
ORD_501724,USR_HFT_003,BTC,BUY,LIMIT,,,0.0071,FILLED,2026-09-24 10:41:58.000000
ORD_501493,USR_HFT_002,BTC,BUY,LIMIT,,,0.0022,FILLED,2026-09-24 11:00:01.000000
ORD_502511,USR_HFT_005,BTC,SELL,LIMIT,,,0.0044,FILLED,2026-09-24 11:04:06.000000
ORD_501942,USR_HFT_004,BTC,SELL,LIMIT,,,0.0083,FILLED,2026-09-24 11:16:07.000000
ORD_502231,USR_HFT_005,BTC,SELL,LIMIT,,,0.0042,FILLED,2026-09-24 11:22:32.000000
ORD_501423,USR_HFT_002,BTC,SELL,LIMIT,,,0.0058,FILLED,2026-09-24 11:29:09.000000
ORD_500688,USR_SYS_007,BTC,BUY,LIMIT,7071883.7093,8039615.1642,0.0326,FILLED,2026-09-24 11:45:00.000000
ORD_500229,USR_RET_009,BTC,SELL,MARKET,,,0.0218,FILLED,2026-09-24 12:00:00.000000
ORD_500888,USR_HFT_001,BTC,SELL,LIMIT,,,0.004,FILLED,2026-09-24 12:33:57.000000
ORD_501759,USR_HFT_003,BTC,SELL,LIMIT,,,0.0082,FILLED,2026-09-24 12:41:44.000000
ORD_500922,USR_HFT_001,BTC,SELL,LIMIT,,,0.0025,FILLED,2026-09-24 12:55:46.000000
ORD_502300,USR_HFT_005,BTC,BUY,LIMIT,,,0.0026,FILLED,2026-09-24 13:02:17.000000
ORD_502309,USR_HFT_005,BTC,SELL,LIMIT,,,0.011,FILLED,2026-09-24 13:03:24.000000
ORD_501020,USR_HFT_001,BTC,BUY,LIMIT,,,0.0052,FILLED,2026-09-24 13:17:56.000000
ORD_501893,USR_HFT_004,BTC,SELL,LIMIT,,,0.0127,FILLED,2026-09-24 13:36:06.000000
ORD_500732,USR_SYS_008,BTC,BUY,LIMIT,7033714.5,7996222.8,0.0564,FILLED,2026-09-24 13:45:00.000000
ORD_501133,USR_HFT_001,BTC,BUY,LIMIT,,,0.0121,FILLED,2026-09-24 13:56:20.000000
ORD_500024,USR_RET_001,BTC,BUY,MARKET,,,0.1523,FILLED,2026-09-24 14:03:00.000000
ORD_501787,USR_HFT_003,BTC,BUY,LIMIT,,,0.0082,FILLED,2026-09-24 14:05:15.000000
ORD_502428,USR_HFT_005,BTC,SELL,LIMIT,,,0.0066,FILLED,2026-09-24 14:13:13.000000
ORD_501573,USR_HFT_003,BTC,SELL,LIMIT,,,0.0146,FILLED,2026-09-24 14:26:17.000000
ORD_501883,USR_HFT_004,BTC,BUY,LIMIT,,,0.0122,FILLED,2026-09-24 15:11:16.000000
ORD_500783,USR_SYS_009,BTC,SELL,MARKET,,,0.0389,FILLED,2026-09-24 15:30:00.000000
ORD_501932,USR_HFT_004,BTC,BUY,LIMIT,,,0.0093,FILLED,2026-09-24 16:00:25.000000
ORD_500771,USR_SYS_008,BTC,SELL,MARKET,,,0.0591,FILLED,2026-09-24 16:30:00.000000
ORD_500798,USR_SYS_009,BTC,BUY,LIMIT,7019806.8135,7980411.9564,0.0312,FILLED,2026-09-24 16:45:00.000000
ORD_502404,USR_HFT_005,BTC,SELL,LIMIT,,,0.0022,FILLED,2026-09-24 16:59:54.000000
ORD_501456,USR_HFT_002,BTC,SELL,LIMIT,,,0.0114,FILLED,2026-09-24 17:06:28.000000
ORD_500618,USR_SYS_005,BTC,BUY,LIMIT,7029028.1595,7990895.1708,0.0365,FILLED,2026-09-24 17:45:00.000000
ORD_500269,USR_RET_011,BTC,SELL,MARKET,,,0.0112,FILLED,2026-09-24 18:23:00.000000
ORD_502298,USR_HFT_005,BTC,SELL,LIMIT,,,0.0112,FILLED,2026-09-24 18:37:13.000000
ORD_500332,USR_RET_013,BTC,SELL,MARKET,,,0.0079,FILLED,2026-09-24 18:49:00.000000
ORD_501414,USR_HFT_002,BTC,BUY,LIMIT,,,0.0024,FILLED,2026-09-24 19:44:21.000000
ORD_500434,USR_SYS_001,BTC,BUY,LIMIT,7034872.2127,7997538.9366,0.0335,FILLED,2026-09-24 19:45:00.000000
ORD_501703,USR_HFT_003,BTC,SELL,LIMIT,,,0.0116,FILLED,2026-09-24 19:55:35.000000
ORD_501389,USR_HFT_002,BTC,BUY,LIMIT,,,0.0029,FILLED,2026-09-24 20:02:42.000000
ORD_502027,USR_HFT_004,BTC,SELL,LIMIT,,,0.0105,FILLED,2026-09-24 20:15:29.000000
ORD_502417,USR_HFT_005,BTC,BUY,LIMIT,,,0.0096,FILLED,2026-09-24 20:37:05.000000
ORD_500112,USR_RET_005,BTC,SELL,MARKET,,,0.0145,FILLED,2026-09-24 20:39:00.000000
ORD_501151,USR_HFT_001,BTC,SELL,LIMIT,,,0.0108,FILLED,2026-09-24 20:44:50.000000
ORD_500509,USR_SYS_003,BTC,SELL,MARKET,,,0.0504,FILLED,2026-09-24 21:30:00.000000
ORD_500596,USR_SYS_005,BTC,BUY,LIMIT,7104365.2447,8076541.5414,0.0332,FILLED,2026-09-24 21:45:00.000000
ORD_500996,USR_HFT_001,BTC,SELL,LIMIT,,,0.0126,FILLED,2026-09-24 21:48:07.000000
ORD_500370,USR_RET_015,BTC,BUY,MARKET,,,0.0101,FILLED,2026-09-24 22:43:00.000000
ORD_500382,USR_RET_015,BTC,BUY,MARKET,,,0.0657,FILLED,2026-09-24 22:53:00.000000
ORD_501248,USR_HFT_002,BTC,SELL,LIMIT,,,0.0142,FILLED,2026-09-24 23:27:06.000000
ORD_501542,USR_HFT_002,BTC,SELL,LIMIT,,,0.0099,FILLED,2026-09-25 00:20:52.000000
ORD_501874,USR_HFT_004,BTC,BUY,LIMIT,,,0.0138,FILLED,2026-09-25 00:52:56.000000
ORD_502117,USR_HFT_004,BTC,SELL,LIMIT,,,0.011,FILLED,2026-09-25 01:10:15.000000
ORD_501571,USR_HFT_003,BTC,SELL,LIMIT,,,0.0085,FILLED,2026-09-25 01:14:07.000000
ORD_501370,USR_HFT_002,BTC,SELL,LIMIT,,,0.0042,FILLED,2026-09-25 01:32:14.000000
ORD_502029,USR_HFT_004,BTC,BUY,LIMIT,,,0.008,FILLED,2026-09-25 02:16:22.000000
ORD_500695,USR_SYS_007,BTC,SELL,MARKET,,,0.043,FILLED,2026-09-25 02:30:00.000000
ORD_502263,USR_HFT_005,BTC,BUY,LIMIT,,,0.0126,FILLED,2026-09-25 02:38:56.000000
ORD_501928,USR_HFT_004,BTC,BUY,LIMIT,,,0.0038,FILLED,2026-09-25 02:46:41.000000
ORD_501929,USR_HFT_004,BTC,SELL,LIMIT,,,0.0038,FILLED,2026-09-25 02:46:43.579857
ORD_501653,USR_HFT_003,BTC,SELL,LIMIT,,,0.0072,FILLED,2026-09-25 03:08:56.000000
ORD_501434,USR_HFT_002,BTC,SELL,LIMIT,,,0.0073,FILLED,2026-09-25 04:00:49.000000
ORD_500567,USR_SYS_004,BTC,SELL,MARKET,,,0.054,FILLED,2026-09-25 04:30:00.000000
ORD_502259,USR_HFT_005,BTC,SELL,LIMIT,,,0.0068,FILLED,2026-09-25 04:39:26.000000
ORD_500354,USR_RET_014,BTC,SELL,MARKET,,,0.0243,FILLED,2026-09-25 04:59:00.000000
ORD_501930,USR_HFT_004,BTC,SELL,LIMIT,,,0.0087,FILLED,2026-09-25 05:04:11.000000
ORD_502419,USR_HFT_005,BTC,BUY,LIMIT,,,0.0045,FILLED,2026-09-25 06:01:52.000000
ORD_500484,USR_SYS_002,BTC,BUY,LIMIT,7113647.1248,8087093.5734,0.03,FILLED,2026-09-25 06:45:00.000000
ORD_502433,USR_HFT_005,BTC,SELL,LIMIT,,,0.01,FILLED,2026-09-25 06:47:36.000000
ORD_501533,USR_HFT_002,BTC,BUY,LIMIT,,,0.0092,FILLED,2026-09-25 06:59:08.000000
ORD_500895,USR_HFT_001,BTC,BUY,LIMIT,,,0.0126,FILLED,2026-09-25 07:16:21.000000
ORD_501240,USR_HFT_002,BTC,BUY,LIMIT,,,0.0138,FILLED,2026-09-25 07:33:25.000000
ORD_501907,USR_HFT_004,BTC,SELL,LIMIT,,,0.0144,FILLED,2026-09-25 07:55:37.000000
ORD_502408,USR_HFT_005,BTC,BUY,LIMIT,,,0.0074,FILLED,2026-09-25 08:07:03.000000
ORD_501879,USR_HFT_004,BTC,BUY,LIMIT,,,0.003,FILLED,2026-09-25 08:20:52.000000
ORD_501390,USR_HFT_002,BTC,SELL,LIMIT,,,0.0084,FILLED,2026-09-25 08:30:25.000000
ORD_500909,USR_HFT_001,BTC,BUY,LIMIT,,,0.0141,FILLED,2026-09-25 08:32:34.000000
ORD_501106,USR_HFT_001,BTC,SELL,LIMIT,,,0.0042,FILLED,2026-09-25 08:39:20.000000
ORD_500514,USR_SYS_003,BTC,BUY,LIMIT,7081737.2993,8050817.1402,0.0547,FILLED,2026-09-25 08:45:00.000000
ORD_501964,USR_HFT_004,BTC,SELL,LIMIT,,,0.0132,FILLED,2026-09-25 08:47:32.000000
ORD_502385,USR_HFT_005,BTC,SELL,LIMIT,,,0.014,FILLED,2026-09-25 09:01:25.000000
ORD_502344,USR_HFT_005,BTC,BUY,LIMIT,,,0.0096,FILLED,2026-09-25 09:07:40.000000
ORD_501219,USR_HFT_001,BTC,BUY,LIMIT,,,0.0118,FILLED,2026-09-25 09:09:05.000000
ORD_500149,USR_RET_007,BTC,BUY,MARKET,,,0.0087,FILLED,2026-09-25 09:14:00.000000
ORD_500060,USR_RET_003,BTC,BUY,MARKET,,,0.0197,FILLED,2026-09-25 09:17:00.000000
ORD_502003,USR_HFT_004,BTC,SELL,LIMIT,,,0.0061,FILLED,2026-09-25 09:48:27.000000
ORD_501562,USR_HFT_003,BTC,BUY,LIMIT,,,0.0107,FILLED,2026-09-25 09:49:14.000000
ORD_501834,USR_HFT_004,BTC,SELL,LIMIT,,,0.0023,FILLED,2026-09-25 10:06:34.000000
ORD_500747,USR_SYS_008,BTC,SELL,MARKET,,,0.0232,FILLED,2026-09-25 10:30:00.000000
ORD_500402,USR_SYS_001,BTC,BUY,LIMIT,7078611.3907,8047263.4758,0.0413,FILLED,2026-09-25 10:45:00.000000
ORD_500109,USR_RET_005,BTC,BUY,MARKET,,,0.0237,FILLED,2026-09-25 10:49:00.000000
ORD_500101,USR_RET_005,BTC,BUY,MARKET,,,0.0329,FILLED,2026-09-25 11:04:00.000000
ORD_500289,USR_RET_012,BTC,BUY,MARKET,,,0.0379,FILLED,2026-09-25 11:21:00.000000
ORD_500082,USR_RET_004,BTC,BUY,MARKET,,,0.0071,FILLED,2026-09-25 11:32:00.000000
ORD_500814,USR_SYS_009,BTC,BUY,LIMIT,7065326.7,8032160.88,0.0517,FILLED,2026-09-25 11:45:00.000000
ORD_500118,USR_RET_005,BTC,SELL,MARKET,,,0.0063,FILLED,2026-09-25 11:49:00.000000
ORD_502333,USR_HFT_005,BTC,BUY,LIMIT,,,0.0026,FILLED,2026-09-25 12:12:09.000000
ORD_501342,USR_HFT_002,BTC,BUY,LIMIT,,,0.005,FILLED,2026-09-25 12:43:36.000000
ORD_502125,USR_HFT_004,BTC,SELL,LIMIT,,,0.0051,FILLED,2026-09-25 13:38:47.000000
ORD_501235,USR_HFT_002,BTC,BUY,LIMIT,,,0.0023,FILLED,2026-09-25 13:42:58.000000
ORD_502397,USR_HFT_005,BTC,SELL,LIMIT,,,0.0133,FILLED,2026-09-25 13:50:29.000000
ORD_501226,USR_HFT_001,BTC,BUY,LIMIT,,,0.0079,FILLED,2026-09-25 14:03:22.000000
ORD_500493,USR_SYS_003,BTC,SELL,MARKET,,,0.033,FILLED,2026-09-25 14:30:00.000000
ORD_501683,USR_HFT_003,BTC,SELL,LIMIT,,,0.0074,FILLED,2026-09-25 14:43:25.000000
ORD_500064,USR_RET_003,BTC,SELL,MARKET,,,0.0099,FILLED,2026-09-25 14:44:00.000000
ORD_502015,USR_HFT_004,BTC,BUY,LIMIT,,,0.0133,FILLED,2026-09-25 14:45:58.000000
ORD_501189,USR_HFT_001,BTC,SELL,LIMIT,,,0.0039,FILLED,2026-09-25 15:22:36.000000
ORD_500632,USR_SYS_005,BTC,BUY,LIMIT,7122300.9645,8096931.6228,0.051,FILLED,2026-09-25 15:45:00.000000
ORD_500378,USR_RET_015,BTC,BUY,MARKET,,,0.0184,FILLED,2026-09-25 16:03:00.000000
ORD_501748,USR_HFT_003,BTC,SELL,LIMIT,,,0.0079,FILLED,2026-09-25 16:06:59.000000
ORD_501140,USR_HFT_001,BTC,SELL,LIMIT,,,0.0046,FILLED,2026-09-25 16:19:37.000000
ORD_501007,USR_HFT_001,BTC,BUY,LIMIT,,,0.0078,FILLED,2026-09-25 17:01:17.000000
ORD_501786,USR_HFT_003,BTC,SELL,LIMIT,,,0.0023,FILLED,2026-09-25 17:05:41.000000
ORD_501444,USR_HFT_002,BTC,SELL,LIMIT,,,0.0117,FILLED,2026-09-25 17:13:30.000000
ORD_502367,USR_HFT_005,BTC,BUY,LIMIT,,,0.0098,FILLED,2026-09-25 17:21:31.000000
ORD_502526,USR_HFT_005,BTC,SELL,LIMIT,,,0.0115,FILLED,2026-09-25 17:25:37.000000
ORD_501351,USR_HFT_002,BTC,BUY,LIMIT,,,0.008,FILLED,2026-09-25 17:59:39.000000
ORD_501257,USR_HFT_002,BTC,BUY,LIMIT,,,0.0083,FILLED,2026-09-25 18:13:56.000000
ORD_500634,USR_SYS_005,BTC,BUY,LIMIT,7055885.9182,8021428.2018,0.0421,FILLED,2026-09-25 18:45:00.000000
ORD_502527,USR_HFT_005,BTC,SELL,LIMIT,,,0.0103,FILLED,2026-09-25 19:25:12.000000
ORD_502441,USR_HFT_005,BTC,SELL,LIMIT,,,0.0077,FILLED,2026-09-25 19:28:36.000000
ORD_500607,USR_SYS_005,BTC,SELL,MARKET,,,0.0572,FILLED,2026-09-25 19:30:00.000000
ORD_502129,USR_HFT_004,BTC,BUY,LIMIT,,,0.0097,FILLED,2026-09-25 19:31:45.000000
ORD_500307,USR_RET_012,BTC,BUY,MARKET,,,0.023,FILLED,2026-09-25 19:36:00.000000
ORD_502155,USR_HFT_004,BTC,SELL,LIMIT,,,0.0069,FILLED,2026-09-25 20:21:50.000000
ORD_500766,USR_SYS_008,BTC,BUY,LIMIT,7045149.5407,8009222.6358,0.0299,FILLED,2026-09-25 20:45:00.000000
ORD_502133,USR_HFT_004,BTC,SELL,LIMIT,,,0.0037,FILLED,2026-09-25 20:45:24.000000
ORD_501934,USR_HFT_004,BTC,BUY,LIMIT,,,0.0146,FILLED,2026-09-25 20:55:14.000000
ORD_502400,USR_HFT_005,BTC,SELL,LIMIT,,,0.0038,FILLED,2026-09-25 21:31:06.000000
ORD_500107,USR_RET_005,BTC,SELL,MARKET,,,0.085,FILLED,2026-09-25 21:36:00.000000
ORD_501167,USR_HFT_001,BTC,SELL,LIMIT,,,0.0044,FILLED,2026-09-25 21:39:54.000000
ORD_500175,USR_RET_007,BTC,BUY,MARKET,,,0.0753,FILLED,2026-09-25 21:42:00.000000
ORD_501896,USR_HFT_004,BTC,BUY,LIMIT,,,0.0122,FILLED,2026-09-25 21:45:11.000000
ORD_500938,USR_HFT_001,BTC,SELL,LIMIT,,,0.0044,FILLED,2026-09-25 21:51:42.000000
ORD_501816,USR_HFT_003,BTC,BUY,LIMIT,,,0.0053,FILLED,2026-09-25 22:12:07.000000
ORD_500940,USR_HFT_001,BTC,BUY,LIMIT,,,0.0038,FILLED,2026-09-25 22:17:12.000000
ORD_500941,USR_HFT_001,BTC,SELL,LIMIT,,,0.0038,FILLED,2026-09-25 22:17:13.601187
ORD_501762,USR_HFT_003,BTC,SELL,LIMIT,,,0.0052,FILLED,2026-09-25 22:20:18.000000
ORD_501194,USR_HFT_001,BTC,SELL,LIMIT,,,0.0054,FILLED,2026-09-25 22:27:50.000000
ORD_501045,USR_HFT_001,BTC,SELL,LIMIT,,,0.0093,FILLED,2026-09-25 23:25:50.000000
ORD_500801,USR_SYS_009,BTC,SELL,MARKET,,,0.052,FILLED,2026-09-25 23:30:00.000000
ORD_500157,USR_RET_007,BTC,BUY,MARKET,,,0.0246,FILLED,2026-09-25 23:32:00.000000
ORD_500161,USR_RET_007,BTC,SELL,MARKET,,,0.0321,FILLED,2026-09-26 00:22:00.000000
ORD_501364,USR_HFT_002,BTC,BUY,LIMIT,,,0.0034,FILLED,2026-09-26 01:00:21.000000
ORD_501184,USR_HFT_001,BTC,BUY,LIMIT,,,0.0112,FILLED,2026-09-26 01:17:58.000000
ORD_500712,USR_SYS_007,BTC,BUY,LIMIT,7052715.45,8017823.88,0.0249,FILLED,2026-09-26 01:45:00.000000
ORD_501496,USR_HFT_002,BTC,BUY,LIMIT,,,0.0051,FILLED,2026-09-26 02:15:19.000000
ORD_501088,USR_HFT_001,BTC,SELL,LIMIT,,,0.0023,FILLED,2026-09-26 02:22:36.000000
ORD_500644,USR_SYS_006,BTC,BUY,LIMIT,7044812.4,8008839.36,0.0261,FILLED,2026-09-26 02:45:00.000000
ORD_502454,USR_HFT_005,BTC,SELL,LIMIT,,,0.0149,FILLED,2026-09-26 03:02:19.000000
ORD_501163,USR_HFT_001,BTC,SELL,LIMIT,,,0.0044,FILLED,2026-09-26 03:10:28.000000
ORD_500689,USR_SYS_007,BTC,SELL,MARKET,,,0.0326,FILLED,2026-09-26 03:30:00.000000
ORD_501629,USR_HFT_003,BTC,BUY,LIMIT,,,0.0043,FILLED,2026-09-26 03:31:47.000000
ORD_500544,USR_SYS_004,BTC,BUY,LIMIT,7069282.4287,8036657.919,0.0386,FILLED,2026-09-26 03:45:00.000000
ORD_502450,USR_HFT_005,BTC,BUY,LIMIT,,,0.0135,FILLED,2026-09-26 03:49:47.000000
ORD_501454,USR_HFT_002,BTC,BUY,LIMIT,,,0.01,FILLED,2026-09-26 04:16:14.000000
ORD_500995,USR_HFT_001,BTC,SELL,LIMIT,,,0.0073,FILLED,2026-09-26 05:27:07.000000
ORD_500733,USR_SYS_008,BTC,SELL,MARKET,,,0.0564,FILLED,2026-09-26 05:30:00.000000
ORD_501781,USR_HFT_003,BTC,SELL,LIMIT,,,0.0103,FILLED,2026-09-26 05:30:30.000000
ORD_502376,USR_HFT_005,BTC,BUY,LIMIT,,,0.0104,FILLED,2026-09-26 05:43:54.000000
ORD_502320,USR_HFT_005,BTC,BUY,LIMIT,,,0.0134,FILLED,2026-09-26 06:50:50.000000
ORD_502236,USR_HFT_005,BTC,SELL,LIMIT,,,0.0097,FILLED,2026-09-26 07:02:40.000000
ORD_500886,USR_HFT_001,BTC,BUY,LIMIT,,,0.0047,FILLED,2026-09-26 07:52:55.000000
ORD_501359,USR_HFT_002,BTC,SELL,LIMIT,,,0.0138,FILLED,2026-09-26 08:11:14.000000
ORD_500799,USR_SYS_009,BTC,SELL,MARKET,,,0.0312,FILLED,2026-09-26 08:30:00.000000
ORD_500078,USR_RET_004,BTC,SELL,MARKET,,,0.0767,FILLED,2026-09-26 08:34:00.000000
ORD_501637,USR_HFT_003,BTC,BUY,LIMIT,,,0.0112,FILLED,2026-09-26 08:34:16.000000
ORD_500921,USR_HFT_001,BTC,SELL,LIMIT,,,0.01,FILLED,2026-09-26 08:40:16.000000
ORD_502506,USR_HFT_005,BTC,SELL,LIMIT,,,0.0035,FILLED,2026-09-26 08:43:24.000000
ORD_500706,USR_SYS_007,BTC,BUY,LIMIT,7057171.425,8022889.62,0.0388,FILLED,2026-09-26 08:45:00.000000
ORD_500362,USR_RET_014,BTC,BUY,MARKET,,,0.0064,FILLED,2026-09-26 09:20:00.000000
ORD_501720,USR_HFT_003,BTC,BUY,LIMIT,,,0.0038,FILLED,2026-09-26 09:27:13.000000
ORD_500619,USR_SYS_005,BTC,SELL,MARKET,,,0.0365,FILLED,2026-09-26 09:30:00.000000
ORD_500654,USR_SYS_006,BTC,BUY,LIMIT,7060282.2,8026426.08,0.0282,FILLED,2026-09-26 09:45:00.000000
ORD_501859,USR_HFT_004,BTC,BUY,LIMIT,,,0.011,FILLED,2026-09-26 09:45:28.000000
ORD_500033,USR_RET_002,BTC,SELL,MARKET,,,0.0571,FILLED,2026-09-26 09:48:00.000000
ORD_500115,USR_RET_005,BTC,BUY,MARKET,,,0.0139,FILLED,2026-09-26 10:01:00.000000
ORD_500032,USR_RET_002,BTC,SELL,MARKET,,,0.0142,FILLED,2026-09-26 10:16:00.000000
ORD_500816,USR_SYS_009,BTC,BUY,LIMIT,7055547.9368,8021043.9702,0.0378,FILLED,2026-09-26 10:45:00.000000
ORD_500435,USR_SYS_001,BTC,SELL,MARKET,,,0.0335,FILLED,2026-09-26 11:30:00.000000
ORD_501632,USR_HFT_003,BTC,BUY,LIMIT,,,0.0067,FILLED,2026-09-26 11:48:50.000000
ORD_501539,USR_HFT_002,BTC,BUY,LIMIT,,,0.0026,FILLED,2026-09-26 12:05:37.000000
ORD_500324,USR_RET_013,BTC,BUY,MARKET,,,0.0116,FILLED,2026-09-26 12:18:00.000000
ORD_500926,USR_HFT_001,BTC,SELL,LIMIT,,,0.0023,FILLED,2026-09-26 12:31:24.000000
ORD_500736,USR_SYS_008,BTC,BUY,LIMIT,7072119.96,8039883.744,0.0517,FILLED,2026-09-26 12:45:00.000000
ORD_501156,USR_HFT_001,BTC,SELL,LIMIT,,,0.0041,FILLED,2026-09-26 13:13:02.000000
ORD_500597,USR_SYS_005,BTC,SELL,MARKET,,,0.0332,FILLED,2026-09-26 13:30:00.000000
ORD_500309,USR_RET_012,BTC,SELL,MARKET,,,0.0579,FILLED,2026-09-26 13:34:00.000000
ORD_500756,USR_SYS_008,BTC,BUY,LIMIT,7080797.3407,8049748.5558,0.0556,FILLED,2026-09-26 13:45:00.000000
ORD_502243,USR_HFT_005,BTC,SELL,LIMIT,,,0.0083,FILLED,2026-09-26 13:48:07.000000
ORD_501840,USR_HFT_004,BTC,SELL,LIMIT,,,0.0087,FILLED,2026-09-26 14:07:04.000000
ORD_501927,USR_HFT_004,BTC,BUY,LIMIT,,,0.0061,FILLED,2026-09-26 14:33:15.000000
ORD_500460,USR_SYS_002,BTC,BUY,LIMIT,7064145.4463,8030817.981,0.0423,FILLED,2026-09-26 14:45:00.000000
ORD_501655,USR_HFT_003,BTC,SELL,LIMIT,,,0.0076,FILLED,2026-09-26 14:50:46.000000
ORD_500075,USR_RET_004,BTC,BUY,MARKET,,,0.015,FILLED,2026-09-26 14:54:00.000000
ORD_502250,USR_HFT_005,BTC,SELL,LIMIT,,,0.015,FILLED,2026-09-26 15:07:45.000000
ORD_501510,USR_HFT_002,BTC,SELL,LIMIT,,,0.0048,FILLED,2026-09-26 15:23:27.000000
ORD_501452,USR_HFT_002,BTC,BUY,LIMIT,,,0.0031,FILLED,2026-09-26 15:24:13.000000
ORD_501231,USR_HFT_002,BTC,BUY,LIMIT,,,0.0068,FILLED,2026-09-26 15:25:29.000000
ORD_500070,USR_RET_004,BTC,BUY,MARKET,,,0.006,FILLED,2026-09-26 15:54:00.000000
ORD_501461,USR_HFT_002,BTC,SELL,LIMIT,,,0.0125,FILLED,2026-09-26 16:04:38.000000
ORD_501801,USR_HFT_003,BTC,BUY,LIMIT,,,0.0125,FILLED,2026-09-26 16:05:46.000000
ORD_500110,USR_RET_005,BTC,SELL,MARKET,,,0.0103,FILLED,2026-09-26 16:11:00.000000
ORD_500302,USR_RET_012,BTC,BUY,MARKET,,,0.0099,FILLED,2026-09-26 16:12:00.000000
ORD_501407,USR_HFT_002,BTC,BUY,LIMIT,,,0.0126,FILLED,2026-09-26 16:39:21.000000
ORD_500141,USR_RET_006,BTC,BUY,MARKET,,,0.0091,FILLED,2026-09-26 16:41:00.000000
ORD_501993,USR_HFT_004,BTC,SELL,LIMIT,,,0.0081,FILLED,2026-09-26 16:49:24.000000
ORD_501124,USR_HFT_001,BTC,BUY,LIMIT,,,0.0128,FILLED,2026-09-26 17:15:58.000000
ORD_502412,USR_HFT_005,BTC,BUY,LIMIT,,,0.0114,FILLED,2026-09-26 17:22:26.000000
ORD_500015,USR_RET_001,BTC,BUY,MARKET,,,0.0117,FILLED,2026-09-26 17:58:00.000000
ORD_502303,USR_HFT_005,BTC,SELL,LIMIT,,,0.0044,FILLED,2026-09-26 18:21:44.000000
ORD_500826,USR_SYS_010,BTC,BUY,LIMIT,7057179.8325,8022899.178,0.0461,FILLED,2026-09-26 18:45:00.000000
ORD_501635,USR_HFT_003,BTC,BUY,LIMIT,,,0.0103,FILLED,2026-09-26 18:47:53.000000
ORD_501586,USR_HFT_003,BTC,BUY,LIMIT,,,0.0046,FILLED,2026-09-26 18:53:11.000000
ORD_502205,USR_HFT_005,BTC,BUY,LIMIT,,,0.0092,FILLED,2026-09-26 20:08:30.000000
ORD_502393,USR_HFT_005,BTC,SELL,LIMIT,,,0.0068,FILLED,2026-09-26 20:12:41.000000
ORD_501465,USR_HFT_002,BTC,SELL,LIMIT,,,0.0076,FILLED,2026-09-26 20:23:09.000000
ORD_501768,USR_HFT_003,BTC,SELL,LIMIT,,,0.002,FILLED,2026-09-26 20:51:36.000000
ORD_501368,USR_HFT_002,BTC,BUY,LIMIT,,,0.0073,FILLED,2026-09-26 21:19:46.000000
ORD_500532,USR_SYS_003,BTC,BUY,LIMIT,7072389.0,8040189.6,0.0207,FILLED,2026-09-26 21:45:00.000000
ORD_500336,USR_RET_013,BTC,BUY,MARKET,,,0.0099,FILLED,2026-09-26 21:59:00.000000
ORD_500007,USR_RET_001,BTC,SELL,MARKET,,,0.0609,FILLED,2026-09-26 22:17:00.000000
ORD_502336,USR_HFT_005,BTC,SELL,LIMIT,,,0.0047,FILLED,2026-09-26 22:27:17.000000
ORD_500485,USR_SYS_002,BTC,SELL,MARKET,,,0.03,FILLED,2026-09-26 22:30:00.000000
ORD_500320,USR_RET_013,BTC,SELL,MARKET,,,0.1067,FILLED,2026-09-26 22:42:00.000000
ORD_500590,USR_SYS_004,BTC,BUY,LIMIT,7073431.53,8041374.792,0.043,FILLED,2026-09-26 22:45:00.000000
ORD_501663,USR_HFT_003,BTC,BUY,LIMIT,,,0.0024,FILLED,2026-09-26 23:26:51.000000
ORD_501289,USR_HFT_002,BTC,SELL,LIMIT,,,0.0075,FILLED,2026-09-26 23:45:06.000000
ORD_502177,USR_HFT_004,BTC,SELL,LIMIT,,,0.0107,FILLED,2026-09-26 23:57:11.000000
ORD_500515,USR_SYS_003,BTC,SELL,MARKET,,,0.0547,FILLED,2026-09-27 00:30:00.000000
ORD_500356,USR_RET_014,BTC,BUY,MARKET,,,0.0818,FILLED,2026-09-27 00:42:00.000000
ORD_500875,USR_HFT_001,BTC,SELL,LIMIT,,,0.0142,FILLED,2026-09-27 01:13:42.000000
ORD_502495,USR_HFT_005,BTC,BUY,LIMIT,,,0.0047,FILLED,2026-09-27 01:23:01.000000
ORD_502355,USR_HFT_005,BTC,BUY,LIMIT,,,0.0047,FILLED,2026-09-27 01:41:31.000000
ORD_501623,USR_HFT_003,BTC,SELL,LIMIT,,,0.0128,FILLED,2026-09-27 01:52:16.000000
ORD_500403,USR_SYS_001,BTC,SELL,MARKET,,,0.0413,FILLED,2026-09-27 02:30:00.000000
ORD_500815,USR_SYS_009,BTC,SELL,MARKET,,,0.0517,FILLED,2026-09-27 03:30:00.000000
ORD_500937,USR_HFT_001,BTC,BUY,LIMIT,,,0.0126,FILLED,2026-09-27 03:54:25.000000
ORD_500480,USR_SYS_002,BTC,BUY,LIMIT,7098712.8825,8070115.698,0.048,FILLED,2026-09-27 04:45:00.000000
ORD_502386,USR_HFT_005,BTC,BUY,LIMIT,,,0.0106,FILLED,2026-09-27 05:17:06.000000
ORD_500266,USR_RET_011,BTC,BUY,MARKET,,,0.0079,FILLED,2026-09-27 05:31:00.000000
ORD_501961,USR_HFT_004,BTC,SELL,LIMIT,,,0.0112,FILLED,2026-09-27 05:36:37.000000
ORD_500932,USR_HFT_001,BTC,BUY,LIMIT,,,0.0056,FILLED,2026-09-27 05:50:48.000000
ORD_502115,USR_HFT_004,BTC,SELL,LIMIT,,,0.005,FILLED,2026-09-27 06:19:47.000000
ORD_500333,USR_RET_013,BTC,BUY,MARKET,,,0.071,FILLED,2026-09-27 07:05:00.000000
ORD_502345,USR_HFT_005,BTC,SELL,LIMIT,,,0.0088,FILLED,2026-09-27 07:23:38.000000
ORD_500633,USR_SYS_005,BTC,SELL,MARKET,,,0.051,FILLED,2026-09-27 07:30:00.000000
ORD_501064,USR_HFT_001,BTC,SELL,LIMIT,,,0.0061,FILLED,2026-09-27 07:32:08.000000
ORD_501559,USR_HFT_003,BTC,BUY,LIMIT,,,0.0053,FILLED,2026-09-27 07:35:31.000000
ORD_501372,USR_HFT_002,BTC,BUY,LIMIT,,,0.0109,FILLED,2026-09-27 07:48:30.000000
ORD_500004,USR_RET_001,BTC,BUY,MARKET,,,0.0437,FILLED,2026-09-27 08:23:00.000000
ORD_502037,USR_HFT_004,BTC,SELL,LIMIT,,,0.0041,FILLED,2026-09-27 09:15:41.000000
ORD_502102,USR_HFT_004,BTC,BUY,LIMIT,,,0.0029,FILLED,2026-09-27 10:18:56.000000
ORD_500635,USR_SYS_005,BTC,SELL,MARKET,,,0.0421,FILLED,2026-09-27 10:30:00.000000
ORD_502349,USR_HFT_005,BTC,SELL,LIMIT,,,0.0093,FILLED,2026-09-27 10:41:07.000000
ORD_501412,USR_HFT_002,BTC,BUY,LIMIT,,,0.0061,FILLED,2026-09-27 11:04:40.000000
ORD_502347,USR_HFT_005,BTC,BUY,LIMIT,,,0.0109,FILLED,2026-09-27 11:17:01.000000
ORD_501616,USR_HFT_003,BTC,BUY,LIMIT,,,0.003,FILLED,2026-09-27 11:18:41.000000
ORD_502474,USR_HFT_005,BTC,SELL,LIMIT,,,0.0082,FILLED,2026-09-27 11:42:22.000000
ORD_500836,USR_SYS_010,BTC,BUY,LIMIT,7105320.3367,8077627.3302,0.0583,FILLED,2026-09-27 11:45:00.000000
ORD_500906,USR_HFT_001,BTC,BUY,LIMIT,,,0.0075,FILLED,2026-09-27 12:23:52.000000
ORD_502481,USR_HFT_005,BTC,SELL,LIMIT,,,0.0056,FILLED,2026-09-27 12:29:05.000000
ORD_500767,USR_SYS_008,BTC,SELL,MARKET,,,0.0299,FILLED,2026-09-27 12:30:00.000000
ORD_501233,USR_HFT_002,BTC,SELL,LIMIT,,,0.0092,FILLED,2026-09-27 12:41:26.000000
ORD_501563,USR_HFT_003,BTC,SELL,LIMIT,,,0.0139,FILLED,2026-09-27 12:45:50.000000
ORD_501537,USR_HFT_002,BTC,SELL,LIMIT,,,0.0118,FILLED,2026-09-27 13:08:50.000000
ORD_500210,USR_RET_009,BTC,BUY,MARKET,,,0.0058,FILLED,2026-09-27 13:15:00.000000
ORD_502152,USR_HFT_004,BTC,SELL,LIMIT,,,0.0098,FILLED,2026-09-27 13:39:05.000000
ORD_500850,USR_SYS_010,BTC,BUY,LIMIT,7129560.0,8105184.0,0.0232,FILLED,2026-09-27 13:45:00.000000
ORD_500970,USR_HFT_001,BTC,BUY,LIMIT,,,0.004,FILLED,2026-09-27 13:54:25.000000
ORD_501665,USR_HFT_003,BTC,SELL,LIMIT,,,0.0145,FILLED,2026-09-27 13:58:59.000000
ORD_501622,USR_HFT_003,BTC,SELL,LIMIT,,,0.0125,FILLED,2026-09-27 14:15:49.000000
ORD_500600,USR_SYS_005,BTC,BUY,LIMIT,7141667.6407,8118948.4758,0.0296,FILLED,2026-09-27 14:45:00.000000
ORD_500726,USR_SYS_008,BTC,BUY,LIMIT,7141667.6407,8118948.4758,0.0508,FILLED,2026-09-27 14:45:00.000000
ORD_501410,USR_HFT_002,BTC,SELL,LIMIT,,,0.0116,FILLED,2026-09-27 15:16:01.000000
ORD_500925,USR_HFT_001,BTC,BUY,LIMIT,,,0.0043,FILLED,2026-09-27 15:35:47.000000
ORD_500512,USR_SYS_003,BTC,BUY,LIMIT,7136538.225,8113117.14,0.0536,FILLED,2026-09-27 15:45:00.000000
ORD_501664,USR_HFT_003,BTC,SELL,LIMIT,,,0.0129,FILLED,2026-09-27 15:52:40.000000
ORD_500264,USR_RET_011,BTC,BUY,MARKET,,,0.0338,FILLED,2026-09-27 16:08:00.000000
ORD_502058,USR_HFT_004,BTC,SELL,LIMIT,,,0.006,FILLED,2026-09-27 16:09:01.000000
ORD_501050,USR_HFT_001,BTC,BUY,LIMIT,,,0.0134,FILLED,2026-09-27 16:14:57.000000
ORD_501380,USR_HFT_002,BTC,BUY,LIMIT,,,0.0093,FILLED,2026-09-27 16:19:22.000000
ORD_501067,USR_HFT_001,BTC,BUY,LIMIT,,,0.0099,FILLED,2026-09-27 16:34:43.000000
ORD_501615,USR_HFT_003,BTC,SELL,LIMIT,,,0.0045,FILLED,2026-09-27 17:28:54.000000
ORD_500713,USR_SYS_007,BTC,SELL,MARKET,,,0.0249,FILLED,2026-09-27 17:30:00.000000
ORD_500678,USR_SYS_006,BTC,BUY,LIMIT,7129728.9907,8105376.1158,0.0241,FILLED,2026-09-27 17:45:00.000000
ORD_501190,USR_HFT_001,BTC,BUY,LIMIT,,,0.0103,FILLED,2026-09-27 18:16:31.000000
ORD_500645,USR_SYS_006,BTC,SELL,MARKET,,,0.0261,FILLED,2026-09-27 18:30:00.000000
ORD_500247,USR_RET_010,BTC,SELL,MARKET,,,0.0244,FILLED,2026-09-27 18:36:00.000000
ORD_502477,USR_HFT_005,BTC,BUY,LIMIT,,,0.0114,FILLED,2026-09-27 18:48:53.000000
ORD_500545,USR_SYS_004,BTC,SELL,MARKET,,,0.0386,FILLED,2026-09-27 19:30:00.000000
ORD_501955,USR_HFT_004,BTC,SELL,LIMIT,,,0.0138,FILLED,2026-09-27 20:11:42.000000
ORD_501578,USR_HFT_003,BTC,BUY,LIMIT,,,0.0089,FILLED,2026-09-27 20:18:37.000000
ORD_502109,USR_HFT_004,BTC,BUY,LIMIT,,,0.0126,FILLED,2026-09-27 20:37:40.000000
ORD_502213,USR_HFT_005,BTC,BUY,LIMIT,,,0.0091,FILLED,2026-09-27 20:56:46.000000
ORD_501058,USR_HFT_001,BTC,SELL,LIMIT,,,0.007,FILLED,2026-09-27 21:38:22.000000
ORD_500119,USR_RET_005,BTC,BUY,MARKET,,,0.0599,FILLED,2026-09-27 21:47:00.000000
ORD_500027,USR_RET_002,BTC,SELL,MARKET,,,0.0522,FILLED,2026-09-27 22:32:00.000000
ORD_500542,USR_SYS_004,BTC,BUY,LIMIT,7110559.05,8083582.92,0.0497,FILLED,2026-09-27 22:45:00.000000
ORD_500173,USR_RET_007,BTC,BUY,MARKET,,,0.0064,FILLED,2026-09-27 23:51:00.000000
ORD_502260,USR_HFT_005,BTC,SELL,LIMIT,,,0.002,FILLED,2026-09-28 00:17:36.000000
ORD_501527,USR_HFT_002,BTC,SELL,LIMIT,,,0.0084,FILLED,2026-09-28 00:25:03.000000
ORD_502357,USR_HFT_005,BTC,SELL,LIMIT,,,0.0093,FILLED,2026-09-28 00:28:38.000000
ORD_500707,USR_SYS_007,BTC,SELL,MARKET,,,0.0388,FILLED,2026-09-28 00:30:00.000000
ORD_502425,USR_HFT_005,BTC,SELL,LIMIT,,,0.0026,FILLED,2026-09-28 00:32:26.000000
ORD_502072,USR_HFT_004,BTC,SELL,LIMIT,,,0.0095,FILLED,2026-09-28 01:20:13.000000
ORD_500655,USR_SYS_006,BTC,SELL,MARKET,,,0.0282,FILLED,2026-09-28 01:30:00.000000
ORD_500365,USR_RET_015,BTC,SELL,MARKET,,,0.0791,FILLED,2026-09-28 01:34:00.000000
ORD_501176,USR_HFT_001,BTC,BUY,LIMIT,,,0.0084,FILLED,2026-09-28 01:37:04.000000
ORD_501187,USR_HFT_001,BTC,SELL,LIMIT,,,0.0064,FILLED,2026-09-28 01:39:44.000000
ORD_500817,USR_SYS_009,BTC,SELL,MARKET,,,0.0378,FILLED,2026-09-28 02:30:00.000000
ORD_501710,USR_HFT_003,BTC,BUY,LIMIT,,,0.0094,FILLED,2026-09-28 02:31:13.000000
ORD_500870,USR_HFT_001,BTC,BUY,LIMIT,,,0.0042,FILLED,2026-09-28 02:40:17.000000
ORD_500301,USR_RET_012,BTC,SELL,MARKET,,,0.0745,FILLED,2026-09-28 02:48:00.000000
ORD_501560,USR_HFT_003,BTC,SELL,LIMIT,,,0.003,FILLED,2026-09-28 03:08:26.000000
ORD_501356,USR_HFT_002,BTC,BUY,LIMIT,,,0.0068,FILLED,2026-09-28 03:10:59.000000
ORD_501909,USR_HFT_004,BTC,SELL,LIMIT,,,0.0091,FILLED,2026-09-28 03:34:53.000000
ORD_502056,USR_HFT_004,BTC,BUY,LIMIT,,,0.0147,FILLED,2026-09-28 03:49:55.000000
ORD_501479,USR_HFT_002,BTC,SELL,LIMIT,,,0.005,FILLED,2026-09-28 04:07:17.000000
ORD_500737,USR_SYS_008,BTC,SELL,MARKET,,,0.0517,FILLED,2026-09-28 04:30:00.000000
ORD_501572,USR_HFT_003,BTC,BUY,LIMIT,,,0.0133,FILLED,2026-09-28 04:59:51.000000
ORD_500757,USR_SYS_008,BTC,SELL,MARKET,,,0.0556,FILLED,2026-09-28 05:30:00.000000
ORD_500076,USR_RET_004,BTC,SELL,MARKET,,,0.0142,FILLED,2026-09-28 05:33:00.000000
ORD_501706,USR_HFT_003,BTC,BUY,LIMIT,,,0.0112,FILLED,2026-09-28 05:39:20.000000
ORD_501158,USR_HFT_001,BTC,SELL,LIMIT,,,0.0109,FILLED,2026-09-28 05:49:56.000000
ORD_500461,USR_SYS_002,BTC,SELL,MARKET,,,0.0423,FILLED,2026-09-28 06:30:00.000000
ORD_501101,USR_HFT_001,BTC,BUY,LIMIT,,,0.0028,FILLED,2026-09-28 06:34:24.000000
ORD_500904,USR_HFT_001,BTC,SELL,LIMIT,,,0.0104,FILLED,2026-09-28 06:49:03.000000
ORD_501052,USR_HFT_001,BTC,BUY,LIMIT,,,0.0058,FILLED,2026-09-28 07:35:52.000000
ORD_501752,USR_HFT_003,BTC,SELL,LIMIT,,,0.0122,FILLED,2026-09-28 07:45:04.000000
ORD_501353,USR_HFT_002,BTC,SELL,LIMIT,,,0.0118,FILLED,2026-09-28 08:36:32.000000
ORD_501134,USR_HFT_001,BTC,SELL,LIMIT,,,0.0031,FILLED,2026-09-28 08:50:43.000000
ORD_501354,USR_HFT_002,BTC,SELL,LIMIT,,,0.0069,FILLED,2026-09-28 09:09:55.000000
ORD_501789,USR_HFT_003,BTC,SELL,LIMIT,,,0.0023,FILLED,2026-09-28 09:23:21.000000
ORD_501985,USR_HFT_004,BTC,BUY,LIMIT,,,0.015,FILLED,2026-09-28 09:40:31.000000
ORD_501610,USR_HFT_003,BTC,SELL,LIMIT,,,0.0147,FILLED,2026-09-28 10:11:36.000000
ORD_502173,USR_HFT_004,BTC,SELL,LIMIT,,,0.0031,FILLED,2026-09-28 10:25:41.000000
ORD_502390,USR_HFT_005,BTC,SELL,LIMIT,,,0.0037,FILLED,2026-09-28 10:28:11.000000
ORD_500827,USR_SYS_010,BTC,SELL,MARKET,,,0.0461,FILLED,2026-09-28 10:30:00.000000
ORD_501947,USR_HFT_004,BTC,BUY,LIMIT,,,0.0032,FILLED,2026-09-28 10:35:38.000000
ORD_502034,USR_HFT_004,BTC,SELL,LIMIT,,,0.0099,FILLED,2026-09-28 11:26:07.000000
ORD_500087,USR_RET_004,BTC,SELL,MARKET,,,0.0217,FILLED,2026-09-28 11:34:00.000000
ORD_500232,USR_RET_009,BTC,BUY,MARKET,,,0.0163,FILLED,2026-09-28 11:34:00.000000
ORD_500135,USR_RET_006,BTC,BUY,MARKET,,,0.0168,FILLED,2026-09-28 11:35:00.000000
ORD_500168,USR_RET_007,BTC,BUY,MARKET,,,0.055,FILLED,2026-09-28 11:55:00.000000
ORD_501388,USR_HFT_002,BTC,BUY,LIMIT,,,0.0048,FILLED,2026-09-28 12:20:39.000000
ORD_501049,USR_HFT_001,BTC,BUY,LIMIT,,,0.0027,FILLED,2026-09-28 12:34:21.000000
ORD_502513,USR_HFT_005,BTC,SELL,LIMIT,,,0.0085,FILLED,2026-09-28 12:41:04.000000
ORD_502087,USR_HFT_004,BTC,SELL,LIMIT,,,0.0133,FILLED,2026-09-28 12:51:55.000000
ORD_501432,USR_HFT_002,BTC,SELL,LIMIT,,,0.0118,FILLED,2026-09-28 13:00:03.000000
ORD_501761,USR_HFT_003,BTC,BUY,LIMIT,,,0.0087,FILLED,2026-09-28 13:14:18.000000
ORD_502422,USR_HFT_005,BTC,BUY,LIMIT,,,0.0122,FILLED,2026-09-28 13:16:54.000000
ORD_500533,USR_SYS_003,BTC,SELL,MARKET,,,0.0207,FILLED,2026-09-28 13:30:00.000000
ORD_502314,USR_HFT_005,BTC,BUY,LIMIT,,,0.0138,FILLED,2026-09-28 14:00:35.000000
ORD_500257,USR_RET_010,BTC,BUY,MARKET,,,0.0222,FILLED,2026-09-28 14:02:00.000000
ORD_502217,USR_HFT_005,BTC,BUY,LIMIT,,,0.0024,FILLED,2026-09-28 14:03:16.000000
ORD_500591,USR_SYS_004,BTC,SELL,MARKET,,,0.043,FILLED,2026-09-28 14:30:00.000000
ORD_501468,USR_HFT_002,BTC,SELL,LIMIT,,,0.0059,FILLED,2026-09-28 14:45:57.000000
ORD_501025,USR_HFT_001,BTC,SELL,LIMIT,,,0.0034,FILLED,2026-09-28 14:51:50.000000
ORD_501404,USR_HFT_002,BTC,BUY,LIMIT,,,0.0121,FILLED,2026-09-28 14:52:30.000000
ORD_502048,USR_HFT_004,BTC,BUY,LIMIT,,,0.0104,FILLED,2026-09-28 14:52:39.000000
ORD_501913,USR_HFT_004,BTC,BUY,LIMIT,,,0.0073,FILLED,2026-09-28 15:24:12.000000
ORD_502026,USR_HFT_004,BTC,BUY,LIMIT,,,0.0057,FILLED,2026-09-28 15:30:58.000000
ORD_500166,USR_RET_007,BTC,SELL,MARKET,,,0.0372,FILLED,2026-09-28 15:44:00.000000
ORD_501440,USR_HFT_002,BTC,SELL,LIMIT,,,0.0077,FILLED,2026-09-28 15:50:00.000000
ORD_501441,USR_HFT_002,BTC,BUY,LIMIT,,,0.0077,FILLED,2026-09-28 15:50:03.837552
ORD_502421,USR_HFT_005,BTC,BUY,LIMIT,,,0.0135,FILLED,2026-09-28 15:56:03.000000
ORD_500248,USR_RET_010,BTC,SELL,MARKET,,,0.0175,FILLED,2026-09-28 16:35:00.000000
ORD_501118,USR_HFT_001,BTC,SELL,LIMIT,,,0.0059,FILLED,2026-09-28 16:55:58.000000
ORD_501660,USR_HFT_003,BTC,SELL,LIMIT,,,0.0112,FILLED,2026-09-28 17:01:55.000000
ORD_501266,USR_HFT_002,BTC,SELL,LIMIT,,,0.0079,FILLED,2026-09-28 19:25:01.000000
ORD_502272,USR_HFT_005,BTC,SELL,LIMIT,,,0.0039,FILLED,2026-09-28 19:50:24.000000
ORD_500170,USR_RET_007,BTC,BUY,MARKET,,,0.06,FILLED,2026-09-28 20:03:00.000000
ORD_500481,USR_SYS_002,BTC,SELL,MARKET,,,0.048,FILLED,2026-09-28 20:30:00.000000
ORD_502281,USR_HFT_005,BTC,BUY,LIMIT,,,0.0115,FILLED,2026-09-28 20:39:20.000000
ORD_501828,USR_HFT_004,BTC,BUY,LIMIT,,,0.0122,FILLED,2026-09-28 21:00:47.000000
ORD_501778,USR_HFT_003,BTC,BUY,LIMIT,,,0.0033,FILLED,2026-09-28 21:04:14.000000
ORD_500395,USR_RET_015,BTC,SELL,MARKET,,,0.0369,FILLED,2026-09-28 21:23:00.000000
ORD_501645,USR_HFT_003,BTC,BUY,LIMIT,,,0.0134,FILLED,2026-09-28 21:27:37.000000
ORD_501520,USR_HFT_002,BTC,SELL,LIMIT,,,0.0062,FILLED,2026-09-28 21:34:02.000000
ORD_501949,USR_HFT_004,BTC,BUY,LIMIT,,,0.0021,FILLED,2026-09-28 21:38:08.000000
ORD_500778,USR_SYS_009,BTC,BUY,LIMIT,7039019.6325,8002253.898,0.0266,FILLED,2026-09-28 21:45:00.000000
ORD_500710,USR_SYS_007,BTC,BUY,LIMIT,7039019.6325,8002253.898,0.028,FILLED,2026-09-28 21:45:00.000000
ORD_501241,USR_HFT_002,BTC,BUY,LIMIT,,,0.0076,FILLED,2026-09-28 22:20:14.000000
ORD_502356,USR_HFT_005,BTC,BUY,LIMIT,,,0.0074,FILLED,2026-09-28 22:51:11.000000
ORD_501765,USR_HFT_003,BTC,BUY,LIMIT,,,0.0095,FILLED,2026-09-28 22:52:53.000000
ORD_501580,USR_HFT_003,BTC,SELL,LIMIT,,,0.0096,FILLED,2026-09-28 23:05:22.000000
ORD_502142,USR_HFT_004,BTC,SELL,LIMIT,,,0.0066,FILLED,2026-09-29 00:10:22.000000
ORD_500285,USR_RET_012,BTC,BUY,MARKET,,,0.0401,FILLED,2026-09-29 00:16:00.000000
ORD_501916,USR_HFT_004,BTC,SELL,LIMIT,,,0.0058,FILLED,2026-09-29 01:00:20.000000
ORD_500226,USR_RET_009,BTC,BUY,MARKET,,,0.0933,FILLED,2026-09-29 01:16:00.000000
ORD_502514,USR_HFT_005,BTC,BUY,LIMIT,,,0.0036,FILLED,2026-09-29 01:23:58.000000
ORD_501958,USR_HFT_004,BTC,SELL,LIMIT,,,0.0144,FILLED,2026-09-29 01:25:36.000000
ORD_500652,USR_SYS_006,BTC,BUY,LIMIT,7024298.1,7985517.84,0.0301,FILLED,2026-09-29 01:45:00.000000
ORD_500404,USR_SYS_001,BTC,BUY,LIMIT,7024298.1,7985517.84,0.0346,FILLED,2026-09-29 01:45:00.000000
ORD_500538,USR_SYS_003,BTC,BUY,LIMIT,7024298.1,7985517.84,0.03,FILLED,2026-09-29 01:45:00.000000
ORD_501123,USR_HFT_001,BTC,BUY,LIMIT,,,0.0033,FILLED,2026-09-29 02:00:21.000000
ORD_500684,USR_SYS_007,BTC,BUY,LIMIT,6996554.1907,7953977.3958,0.0578,FILLED,2026-09-29 02:45:00.000000
ORD_501708,USR_HFT_003,BTC,SELL,LIMIT,,,0.0026,FILLED,2026-09-29 02:57:20.000000
ORD_500837,USR_SYS_010,BTC,SELL,MARKET,,,0.0583,FILLED,2026-09-29 03:30:00.000000
ORD_501903,USR_HFT_004,BTC,SELL,LIMIT,,,0.01,FILLED,2026-09-29 03:38:21.000000
ORD_500472,USR_SYS_002,BTC,BUY,LIMIT,7020263.3407,7980930.9558,0.0476,FILLED,2026-09-29 04:45:00.000000
ORD_502423,USR_HFT_005,BTC,BUY,LIMIT,,,0.015,FILLED,2026-09-29 05:05:45.000000
ORD_500851,USR_SYS_010,BTC,SELL,MARKET,,,0.0232,FILLED,2026-09-29 05:30:00.000000
ORD_501842,USR_HFT_004,BTC,SELL,LIMIT,,,0.0098,FILLED,2026-09-29 05:44:30.000000
ORD_500727,USR_SYS_008,BTC,SELL,MARKET,,,0.0508,FILLED,2026-09-29 06:30:00.000000
ORD_500601,USR_SYS_005,BTC,SELL,MARKET,,,0.0296,FILLED,2026-09-29 06:30:00.000000
ORD_501699,USR_HFT_003,BTC,SELL,LIMIT,,,0.0049,FILLED,2026-09-29 06:33:00.000000
ORD_502145,USR_HFT_004,BTC,BUY,LIMIT,,,0.0141,FILLED,2026-09-29 06:54:03.000000
ORD_500513,USR_SYS_003,BTC,SELL,MARKET,,,0.0536,FILLED,2026-09-29 07:30:00.000000
ORD_501306,USR_HFT_002,BTC,BUY,LIMIT,,,0.0106,FILLED,2026-09-29 07:30:16.000000
ORD_501749,USR_HFT_003,BTC,SELL,LIMIT,,,0.013,FILLED,2026-09-29 07:31:16.000000
ORD_501604,USR_HFT_003,BTC,SELL,LIMIT,,,0.0147,FILLED,2026-09-29 07:31:23.000000
ORD_500574,USR_SYS_004,BTC,BUY,LIMIT,6975484.155,7930024.092,0.0316,FILLED,2026-09-29 07:45:00.000000
ORD_501330,USR_HFT_002,BTC,SELL,LIMIT,,,0.0045,FILLED,2026-09-29 08:09:34.000000
ORD_501992,USR_HFT_004,BTC,SELL,LIMIT,,,0.004,FILLED,2026-09-29 08:30:47.000000
ORD_501044,USR_HFT_001,BTC,SELL,LIMIT,,,0.0031,FILLED,2026-09-29 08:33:41.000000
ORD_501191,USR_HFT_001,BTC,BUY,LIMIT,,,0.0141,FILLED,2026-09-29 08:43:41.000000
ORD_500390,USR_RET_015,BTC,BUY,MARKET,,,0.0334,FILLED,2026-09-29 08:54:00.000000
ORD_502138,USR_HFT_004,BTC,SELL,LIMIT,,,0.0141,FILLED,2026-09-29 09:07:16.000000
ORD_500117,USR_RET_005,BTC,SELL,MARKET,,,0.0231,FILLED,2026-09-29 09:09:00.000000
ORD_500903,USR_HFT_001,BTC,SELL,LIMIT,,,0.0149,FILLED,2026-09-29 09:27:41.000000
ORD_500679,USR_SYS_006,BTC,SELL,MARKET,,,0.0241,FILLED,2026-09-29 09:30:00.000000
ORD_501422,USR_HFT_002,BTC,SELL,LIMIT,,,0.0108,FILLED,2026-09-29 10:00:42.000000
ORD_502521,USR_HFT_005,BTC,SELL,LIMIT,,,0.0041,FILLED,2026-09-29 10:04:07.000000
ORD_501393,USR_HFT_002,BTC,SELL,LIMIT,,,0.0069,FILLED,2026-09-29 10:07:57.000000
ORD_501394,USR_HFT_002,BTC,BUY,LIMIT,,,0.0069,FILLED,2026-09-29 10:07:59.354974
ORD_500329,USR_RET_013,BTC,SELL,MARKET,,,0.0113,FILLED,2026-09-29 10:47:00.000000
ORD_500318,USR_RET_013,BTC,BUY,MARKET,,,0.0183,FILLED,2026-09-29 10:55:00.000000
ORD_501595,USR_HFT_003,BTC,SELL,LIMIT,,,0.0072,FILLED,2026-09-29 11:22:38.000000
ORD_500056,USR_RET_003,BTC,BUY,MARKET,,,0.0104,FILLED,2026-09-29 11:52:00.000000
ORD_500199,USR_RET_008,BTC,SELL,MARKET,,,0.0113,FILLED,2026-09-29 12:24:00.000000
ORD_502082,USR_HFT_004,BTC,SELL,LIMIT,,,0.0142,FILLED,2026-09-29 12:39:42.000000
ORD_500440,USR_SYS_001,BTC,BUY,LIMIT,7060700.0527,8026901.1126,0.0385,FILLED,2026-09-29 12:45:00.000000
ORD_500842,USR_SYS_010,BTC,BUY,LIMIT,7060700.0527,8026901.1126,0.0568,FILLED,2026-09-29 12:45:00.000000
ORD_500156,USR_RET_007,BTC,SELL,MARKET,,,0.0146,FILLED,2026-09-29 12:52:00.000000
ORD_501549,USR_HFT_003,BTC,SELL,LIMIT,,,0.0052,FILLED,2026-09-29 13:01:51.000000
ORD_502235,USR_HFT_005,BTC,SELL,LIMIT,,,0.0119,FILLED,2026-09-29 13:18:04.000000
ORD_501062,USR_HFT_001,BTC,BUY,LIMIT,,,0.0069,FILLED,2026-09-29 13:37:45.000000
ORD_502010,USR_HFT_004,BTC,SELL,LIMIT,,,0.0149,FILLED,2026-09-29 13:54:47.000000
ORD_500272,USR_RET_011,BTC,SELL,MARKET,,,0.0193,FILLED,2026-09-29 13:55:00.000000
ORD_500543,USR_SYS_004,BTC,SELL,MARKET,,,0.0497,FILLED,2026-09-29 14:30:00.000000
ORD_500446,USR_SYS_002,BTC,BUY,LIMIT,7083992.1907,8053380.5958,0.0598,FILLED,2026-09-29 14:45:00.000000
ORD_502214,USR_HFT_005,BTC,SELL,LIMIT,,,0.0136,FILLED,2026-09-29 15:27:17.000000
ORD_501849,USR_HFT_004,BTC,SELL,LIMIT,,,0.0078,FILLED,2026-09-29 16:21:10.000000
ORD_502535,USR_HFT_005,BTC,BUY,LIMIT,,,0.0097,FILLED,2026-09-29 16:58:03.000000
ORD_500294,USR_RET_012,BTC,BUY,MARKET,,,0.008,FILLED,2026-09-29 17:10:00.000000
ORD_501891,USR_HFT_004,BTC,SELL,LIMIT,,,0.006,FILLED,2026-09-29 17:36:58.000000
ORD_500059,USR_RET_003,BTC,BUY,MARKET,,,0.0128,FILLED,2026-09-29 17:47:00.000000
ORD_501876,USR_HFT_004,BTC,BUY,LIMIT,,,0.0065,FILLED,2026-09-29 17:52:00.000000
ORD_501515,USR_HFT_002,BTC,BUY,LIMIT,,,0.004,FILLED,2026-09-29 18:11:39.000000
ORD_502116,USR_HFT_004,BTC,SELL,LIMIT,,,0.0065,FILLED,2026-09-29 19:26:47.000000
ORD_501681,USR_HFT_003,BTC,SELL,LIMIT,,,0.0112,FILLED,2026-09-29 19:46:29.000000
ORD_501449,USR_HFT_002,BTC,SELL,LIMIT,,,0.003,FILLED,2026-09-29 20:04:01.000000
ORD_502452,USR_HFT_005,BTC,BUY,LIMIT,,,0.0037,FILLED,2026-09-29 20:14:56.000000
ORD_500334,USR_RET_013,BTC,BUY,MARKET,,,0.0345,FILLED,2026-09-29 20:23:00.000000
ORD_501990,USR_HFT_004,BTC,BUY,LIMIT,,,0.0064,FILLED,2026-09-29 20:26:30.000000
ORD_501276,USR_HFT_002,BTC,SELL,LIMIT,,,0.0047,FILLED,2026-09-29 20:35:01.000000
ORD_500145,USR_RET_006,BTC,BUY,MARKET,,,0.0099,FILLED,2026-09-29 21:16:00.000000
ORD_500604,USR_SYS_005,BTC,BUY,LIMIT,6983376.2752,7938996.1866,0.0526,FILLED,2026-09-29 21:45:00.000000
ORD_501695,USR_HFT_003,BTC,SELL,LIMIT,,,0.0066,FILLED,2026-09-29 21:51:29.000000
ORD_501536,USR_HFT_002,BTC,SELL,LIMIT,,,0.0044,FILLED,2026-09-29 21:53:55.000000
ORD_500357,USR_RET_014,BTC,BUY,MARKET,,,0.0127,FILLED,2026-09-29 21:55:00.000000
ORD_501671,USR_HFT_003,BTC,SELL,LIMIT,,,0.0073,FILLED,2026-09-29 22:07:38.000000
ORD_500030,USR_RET_002,BTC,SELL,MARKET,,,0.0504,FILLED,2026-09-29 22:21:00.000000
ORD_501543,USR_HFT_002,BTC,BUY,LIMIT,,,0.0112,FILLED,2026-09-29 22:29:18.000000
ORD_501312,USR_HFT_002,BTC,SELL,LIMIT,,,0.0102,FILLED,2026-09-29 23:15:36.000000
ORD_501792,USR_HFT_003,BTC,SELL,LIMIT,,,0.015,FILLED,2026-09-29 23:34:35.000000
ORD_502244,USR_HFT_005,BTC,BUY,LIMIT,,,0.0051,FILLED,2026-09-29 23:49:15.000000
ORD_501854,USR_HFT_004,BTC,BUY,LIMIT,,,0.0127,FILLED,2026-09-29 23:56:41.000000
ORD_500981,USR_HFT_001,BTC,SELL,LIMIT,,,0.0137,FILLED,2026-09-30 00:06:02.000000
ORD_500900,USR_HFT_001,BTC,SELL,LIMIT,,,0.0085,FILLED,2026-09-30 00:08:20.000000
ORD_501242,USR_HFT_002,BTC,SELL,LIMIT,,,0.0056,FILLED,2026-09-30 00:20:39.000000
ORD_502208,USR_HFT_005,BTC,SELL,LIMIT,,,0.0068,FILLED,2026-09-30 00:25:01.000000
ORD_501556,USR_HFT_003,BTC,BUY,LIMIT,,,0.0045,FILLED,2026-09-30 00:57:52.000000
ORD_501362,USR_HFT_002,BTC,SELL,LIMIT,,,0.0035,FILLED,2026-09-30 01:01:09.000000
ORD_502209,USR_HFT_005,BTC,BUY,LIMIT,,,0.0112,FILLED,2026-09-30 01:26:49.000000
ORD_501466,USR_HFT_002,BTC,SELL,LIMIT,,,0.0045,FILLED,2026-09-30 01:27:50.000000
ORD_501229,USR_HFT_002,BTC,SELL,LIMIT,,,0.0141,FILLED,2026-09-30 02:06:34.000000
ORD_502317,USR_HFT_005,BTC,SELL,LIMIT,,,0.0106,FILLED,2026-09-30 02:34:01.000000
ORD_501609,USR_HFT_003,BTC,BUY,LIMIT,,,0.0089,FILLED,2026-09-30 02:44:57.000000
ORD_501505,USR_HFT_002,BTC,BUY,LIMIT,,,0.0099,FILLED,2026-09-30 03:19:49.000000
ORD_501098,USR_HFT_001,BTC,SELL,LIMIT,,,0.0032,FILLED,2026-09-30 03:37:22.000000
ORD_501885,USR_HFT_004,BTC,BUY,LIMIT,,,0.005,FILLED,2026-09-30 04:04:01.000000
ORD_501127,USR_HFT_001,BTC,BUY,LIMIT,,,0.0113,FILLED,2026-09-30 04:26:18.000000
ORD_501107,USR_HFT_001,BTC,BUY,LIMIT,,,0.003,FILLED,2026-09-30 05:01:20.000000
ORD_502012,USR_HFT_004,BTC,BUY,LIMIT,,,0.008,FILLED,2026-09-30 05:14:22.000000
ORD_502478,USR_HFT_005,BTC,SELL,LIMIT,,,0.0036,FILLED,2026-09-30 05:19:12.000000
ORD_501212,USR_HFT_001,BTC,SELL,LIMIT,,,0.0067,FILLED,2026-09-30 05:24:31.000000
ORD_501361,USR_HFT_002,BTC,BUY,LIMIT,,,0.0074,FILLED,2026-09-30 05:59:30.000000
ORD_501139,USR_HFT_001,BTC,SELL,LIMIT,,,0.0103,FILLED,2026-09-30 06:06:01.000000
ORD_502275,USR_HFT_005,BTC,SELL,LIMIT,,,0.0027,FILLED,2026-09-30 06:08:08.000000
ORD_500068,USR_RET_003,BTC,SELL,MARKET,,,0.0106,FILLED,2026-09-30 06:15:00.000000
ORD_501350,USR_HFT_002,BTC,SELL,LIMIT,,,0.0075,FILLED,2026-09-30 06:22:42.000000
ORD_501358,USR_HFT_002,BTC,BUY,LIMIT,,,0.0149,FILLED,2026-09-30 06:47:07.000000
ORD_501870,USR_HFT_004,BTC,BUY,LIMIT,,,0.0064,FILLED,2026-09-30 06:55:39.000000
ORD_501628,USR_HFT_003,BTC,BUY,LIMIT,,,0.0128,FILLED,2026-09-30 07:30:19.000000
ORD_501904,USR_HFT_004,BTC,BUY,LIMIT,,,0.0129,FILLED,2026-09-30 08:34:31.000000
ORD_501746,USR_HFT_003,BTC,SELL,LIMIT,,,0.0131,FILLED,2026-09-30 08:35:29.000000
ORD_500536,USR_SYS_003,BTC,BUY,LIMIT,7003502.1487,7961876.127,0.0256,FILLED,2026-09-30 08:45:00.000000
ORD_500718,USR_SYS_007,BTC,BUY,LIMIT,7003502.1487,7961876.127,0.0316,FILLED,2026-09-30 08:45:00.000000
ORD_502411,USR_HFT_005,BTC,SELL,LIMIT,,,0.0105,FILLED,2026-09-30 08:45:14.000000
ORD_501933,USR_HFT_004,BTC,BUY,LIMIT,,,0.0096,FILLED,2026-09-30 09:32:55.000000
ORD_502279,USR_HFT_005,BTC,BUY,LIMIT,,,0.0023,FILLED,2026-09-30 09:47:15.000000
ORD_500879,USR_HFT_001,BTC,SELL,LIMIT,,,0.0042,FILLED,2026-09-30 10:22:24.000000
ORD_501971,USR_HFT_004,BTC,SELL,LIMIT,,,0.0084,FILLED,2026-09-30 10:38:28.000000
ORD_500462,USR_SYS_002,BTC,BUY,LIMIT,7010509.8,7969842.72,0.0232,FILLED,2026-09-30 10:45:00.000000
ORD_500456,USR_SYS_002,BTC,BUY,LIMIT,7010509.8,7969842.72,0.0536,FILLED,2026-09-30 10:45:00.000000
ORD_501731,USR_HFT_003,BTC,SELL,LIMIT,,,0.0035,FILLED,2026-09-30 11:21:44.000000
ORD_501174,USR_HFT_001,BTC,SELL,LIMIT,,,0.0075,FILLED,2026-09-30 11:24:55.000000
ORD_501912,USR_HFT_004,BTC,SELL,LIMIT,,,0.0096,FILLED,2026-09-30 11:49:15.000000
ORD_501767,USR_HFT_003,BTC,BUY,LIMIT,,,0.0051,FILLED,2026-09-30 12:01:34.000000
ORD_501161,USR_HFT_001,BTC,SELL,LIMIT,,,0.0115,FILLED,2026-09-30 12:09:55.000000
ORD_501100,USR_HFT_001,BTC,BUY,LIMIT,,,0.0116,FILLED,2026-09-30 12:17:59.000000
ORD_500872,USR_HFT_001,BTC,SELL,LIMIT,,,0.0133,FILLED,2026-09-30 12:18:04.000000
ORD_500384,USR_RET_015,BTC,BUY,MARKET,,,0.0146,FILLED,2026-09-30 12:49:00.000000
ORD_501670,USR_HFT_003,BTC,SELL,LIMIT,,,0.0029,FILLED,2026-09-30 13:05:55.000000
ORD_500779,USR_SYS_009,BTC,SELL,MARKET,,,0.0266,FILLED,2026-09-30 13:30:00.000000
ORD_500711,USR_SYS_007,BTC,SELL,MARKET,,,0.028,FILLED,2026-09-30 13:30:00.000000
ORD_501113,USR_HFT_001,BTC,BUY,LIMIT,,,0.0067,FILLED,2026-09-30 14:03:06.000000
ORD_501860,USR_HFT_004,BTC,SELL,LIMIT,,,0.0036,FILLED,2026-09-30 14:13:37.000000
ORD_501723,USR_HFT_003,BTC,SELL,LIMIT,,,0.0086,FILLED,2026-09-30 14:16:43.000000
ORD_500102,USR_RET_005,BTC,SELL,MARKET,,,0.0121,FILLED,2026-09-30 14:24:00.000000
ORD_502410,USR_HFT_005,BTC,BUY,LIMIT,,,0.0143,FILLED,2026-09-30 14:40:50.000000
ORD_501377,USR_HFT_002,BTC,SELL,LIMIT,,,0.0139,FILLED,2026-09-30 14:56:40.000000
ORD_501011,USR_HFT_001,BTC,SELL,LIMIT,,,0.0111,FILLED,2026-09-30 15:21:35.000000
ORD_501328,USR_HFT_002,BTC,BUY,LIMIT,,,0.0067,FILLED,2026-09-30 16:23:37.000000
ORD_501445,USR_HFT_002,BTC,SELL,LIMIT,,,0.0045,FILLED,2026-09-30 17:14:43.000000
ORD_500405,USR_SYS_001,BTC,SELL,MARKET,,,0.0346,FILLED,2026-09-30 17:30:00.000000
ORD_500539,USR_SYS_003,BTC,SELL,MARKET,,,0.03,FILLED,2026-09-30 17:30:00.000000
ORD_500653,USR_SYS_006,BTC,SELL,MARKET,,,0.0301,FILLED,2026-09-30 17:30:00.000000
ORD_501120,USR_HFT_001,BTC,BUY,LIMIT,,,0.0123,FILLED,2026-09-30 17:30:25.000000
ORD_501796,USR_HFT_003,BTC,BUY,LIMIT,,,0.0074,FILLED,2026-09-30 18:24:28.000000
ORD_501555,USR_HFT_003,BTC,SELL,LIMIT,,,0.0119,FILLED,2026-09-30 18:25:12.000000
ORD_500685,USR_SYS_007,BTC,SELL,MARKET,,,0.0578,FILLED,2026-09-30 18:30:00.000000
ORD_501921,USR_HFT_004,BTC,BUY,LIMIT,,,0.0058,FILLED,2026-09-30 19:23:32.000000
ORD_501922,USR_HFT_004,BTC,SELL,LIMIT,,,0.0058,FILLED,2026-09-30 19:23:33.272059
ORD_501146,USR_HFT_001,BTC,SELL,LIMIT,,,0.0146,FILLED,2026-09-30 19:41:37.000000
ORD_501091,USR_HFT_001,BTC,SELL,LIMIT,,,0.0143,FILLED,2026-09-30 19:51:17.000000
ORD_500473,USR_SYS_002,BTC,SELL,MARKET,,,0.0476,FILLED,2026-09-30 20:30:00.000000
ORD_501031,USR_HFT_001,BTC,BUY,LIMIT,,,0.0148,FILLED,2026-09-30 20:35:20.000000
ORD_500516,USR_SYS_003,BTC,BUY,LIMIT,7073602.2022,8041568.8194,0.0383,FILLED,2026-09-30 20:45:00.000000
ORD_500806,USR_SYS_009,BTC,BUY,LIMIT,7073602.2022,8041568.8194,0.0537,FILLED,2026-09-30 20:45:00.000000
ORD_501076,USR_HFT_001,BTC,SELL,LIMIT,,,0.0035,FILLED,2026-09-30 21:06:11.000000
ORD_501808,USR_HFT_003,BTC,SELL,LIMIT,,,0.0073,FILLED,2026-09-30 21:11:38.000000
ORD_501728,USR_HFT_003,BTC,SELL,LIMIT,,,0.0085,FILLED,2026-09-30 21:22:02.000000
ORD_502482,USR_HFT_005,BTC,BUY,LIMIT,,,0.0036,FILLED,2026-09-30 21:31:27.000000
ORD_502536,USR_HFT_005,BTC,SELL,LIMIT,,,0.012,FILLED,2026-09-30 21:44:38.000000
ORD_500899,USR_HFT_001,BTC,SELL,LIMIT,,,0.0073,FILLED,2026-09-30 22:33:11.000000
ORD_500105,USR_RET_005,BTC,BUY,MARKET,,,0.0369,FILLED,2026-09-30 22:51:00.000000
ORD_501128,USR_HFT_001,BTC,SELL,LIMIT,,,0.0046,FILLED,2026-09-30 22:59:23.000000
ORD_500960,USR_HFT_001,BTC,BUY,LIMIT,,,0.0116,FILLED,2026-09-30 23:03:23.000000
ORD_502195,USR_HFT_005,BTC,SELL,LIMIT,,,0.0091,FILLED,2026-09-30 23:07:04.000000
ORD_501057,USR_HFT_001,BTC,SELL,LIMIT,,,0.0046,FILLED,2026-09-30 23:14:47.000000
ORD_501405,USR_HFT_002,BTC,SELL,LIMIT,,,0.0069,FILLED,2026-09-30 23:28:11.000000
ORD_500575,USR_SYS_004,BTC,SELL,MARKET,,,0.0316,FILLED,2026-09-30 23:30:00.000000
ORD_501546,USR_HFT_002,BTC,BUY,LIMIT,,,0.0149,FILLED,2026-10-01 00:00:47.000000
ORD_502479,USR_HFT_005,BTC,SELL,LIMIT,,,0.0133,FILLED,2026-10-01 00:20:53.000000
ORD_502306,USR_HFT_005,BTC,BUY,LIMIT,,,0.0036,FILLED,2026-10-01 01:25:18.000000
ORD_502278,USR_HFT_005,BTC,BUY,LIMIT,,,0.0033,FILLED,2026-10-01 01:41:31.000000
ORD_500241,USR_RET_010,BTC,BUY,MARKET,,,0.0169,FILLED,2026-10-01 02:24:00.000000
ORD_500502,USR_SYS_003,BTC,BUY,LIMIT,7041930.309,8005562.8776,0.0426,FILLED,2026-10-01 02:45:00.000000
ORD_500656,USR_SYS_006,BTC,BUY,LIMIT,7041930.309,8005562.8776,0.0235,FILLED,2026-10-01 02:45:00.000000
ORD_500044,USR_RET_002,BTC,SELL,MARKET,,,0.0284,FILLED,2026-10-01 03:02:00.000000
ORD_502468,USR_HFT_005,BTC,SELL,LIMIT,,,0.0091,FILLED,2026-10-01 03:39:59.000000
ORD_501318,USR_HFT_002,BTC,SELL,LIMIT,,,0.0064,FILLED,2026-10-01 04:04:13.000000
ORD_500441,USR_SYS_001,BTC,SELL,MARKET,,,0.0385,FILLED,2026-10-01 04:30:00.000000
ORD_500843,USR_SYS_010,BTC,SELL,MARKET,,,0.0568,FILLED,2026-10-01 04:30:00.000000
ORD_502055,USR_HFT_004,BTC,BUY,LIMIT,,,0.0031,FILLED,2026-10-01 05:41:27.000000
ORD_500215,USR_RET_009,BTC,BUY,MARKET,,,0.0314,FILLED,2026-10-01 05:47:00.000000
ORD_501688,USR_HFT_003,BTC,SELL,LIMIT,,,0.0133,FILLED,2026-10-01 06:13:20.000000
ORD_500447,USR_SYS_002,BTC,SELL,MARKET,,,0.0598,FILLED,2026-10-01 06:30:00.000000
ORD_502136,USR_HFT_004,BTC,BUY,LIMIT,,,0.0055,FILLED,2026-10-01 06:39:09.000000
ORD_502361,USR_HFT_005,BTC,BUY,LIMIT,,,0.0081,FILLED,2026-10-01 07:11:47.000000
ORD_500752,USR_SYS_008,BTC,BUY,LIMIT,7019487.3285,7980048.7524,0.0304,FILLED,2026-10-01 07:45:00.000000
ORD_500224,USR_RET_009,BTC,BUY,MARKET,,,0.1343,FILLED,2026-10-01 08:04:00.000000
ORD_502017,USR_HFT_004,BTC,SELL,LIMIT,,,0.0054,FILLED,2026-10-01 08:05:30.000000
ORD_502045,USR_HFT_004,BTC,SELL,LIMIT,,,0.0084,FILLED,2026-10-01 08:12:43.000000
ORD_501630,USR_HFT_003,BTC,BUY,LIMIT,,,0.0119,FILLED,2026-10-01 08:24:39.000000
ORD_500338,USR_RET_013,BTC,BUY,MARKET,,,0.0419,FILLED,2026-10-01 09:22:00.000000
ORD_500586,USR_SYS_004,BTC,BUY,LIMIT,7071549.0907,8039234.7558,0.0574,FILLED,2026-10-01 09:45:00.000000
ORD_500026,USR_RET_002,BTC,SELL,MARKET,,,0.0084,FILLED,2026-10-01 09:51:00.000000
ORD_500130,USR_RET_006,BTC,SELL,MARKET,,,0.0404,FILLED,2026-10-01 10:38:00.000000
ORD_501627,USR_HFT_003,BTC,BUY,LIMIT,,,0.0022,FILLED,2026-10-01 11:14:17.000000
ORD_501059,USR_HFT_001,BTC,SELL,LIMIT,,,0.0132,FILLED,2026-10-01 11:24:36.000000
ORD_501291,USR_HFT_002,BTC,BUY,LIMIT,,,0.0099,FILLED,2026-10-01 11:26:48.000000
ORD_501998,USR_HFT_004,BTC,SELL,LIMIT,,,0.0117,FILLED,2026-10-01 12:10:34.000000
ORD_501973,USR_HFT_004,BTC,SELL,LIMIT,,,0.0147,FILLED,2026-10-01 12:12:02.000000
ORD_501529,USR_HFT_002,BTC,BUY,LIMIT,,,0.0078,FILLED,2026-10-01 12:23:01.000000
ORD_501015,USR_HFT_001,BTC,BUY,LIMIT,,,0.0045,FILLED,2026-10-01 12:23:04.000000
ORD_502021,USR_HFT_004,BTC,SELL,LIMIT,,,0.0025,FILLED,2026-10-01 12:40:27.000000
ORD_501895,USR_HFT_004,BTC,SELL,LIMIT,,,0.0029,FILLED,2026-10-01 12:40:30.000000
ORD_501884,USR_HFT_004,BTC,SELL,LIMIT,,,0.0057,FILLED,2026-10-01 12:50:47.000000
ORD_500605,USR_SYS_005,BTC,SELL,MARKET,,,0.0526,FILLED,2026-10-01 13:30:00.000000
ORD_500146,USR_RET_006,BTC,BUY,MARKET,,,0.0096,FILLED,2026-10-01 14:04:00.000000
ORD_501347,USR_HFT_002,BTC,SELL,LIMIT,,,0.0091,FILLED,2026-10-01 14:10:21.000000
ORD_501725,USR_HFT_003,BTC,SELL,LIMIT,,,0.0139,FILLED,2026-10-01 14:25:07.000000
ORD_500928,USR_HFT_001,BTC,SELL,LIMIT,,,0.013,FILLED,2026-10-01 14:26:51.000000
ORD_501852,USR_HFT_004,BTC,BUY,LIMIT,,,0.0093,FILLED,2026-10-01 14:35:38.000000
ORD_502391,USR_HFT_005,BTC,BUY,LIMIT,,,0.0115,FILLED,2026-10-01 15:04:05.000000
ORD_501633,USR_HFT_003,BTC,BUY,LIMIT,,,0.009,FILLED,2026-10-01 15:56:39.000000
ORD_500335,USR_RET_013,BTC,SELL,MARKET,,,0.0134,FILLED,2026-10-01 16:35:00.000000
ORD_501974,USR_HFT_004,BTC,SELL,LIMIT,,,0.0124,FILLED,2026-10-01 16:41:12.000000
ORD_500303,USR_RET_012,BTC,BUY,MARKET,,,0.0112,FILLED,2026-10-01 16:55:00.000000
ORD_501186,USR_HFT_001,BTC,BUY,LIMIT,,,0.0092,FILLED,2026-10-01 17:02:58.000000
ORD_501402,USR_HFT_002,BTC,BUY,LIMIT,,,0.0114,FILLED,2026-10-01 17:26:32.000000
ORD_500924,USR_HFT_001,BTC,BUY,LIMIT,,,0.0059,FILLED,2026-10-01 17:33:26.000000
ORD_500306,USR_RET_012,BTC,BUY,MARKET,,,0.0483,FILLED,2026-10-01 17:43:00.000000
ORD_500426,USR_SYS_001,BTC,BUY,LIMIT,7040105.8815,8003488.7916,0.0476,FILLED,2026-10-01 17:45:00.000000
ORD_500506,USR_SYS_003,BTC,BUY,LIMIT,7057227.7552,8022953.6586,0.0563,FILLED,2026-10-01 18:45:00.000000
ORD_501506,USR_HFT_002,BTC,SELL,LIMIT,,,0.0115,FILLED,2026-10-01 18:53:29.000000
ORD_501207,USR_HFT_001,BTC,BUY,LIMIT,,,0.0079,FILLED,2026-10-01 19:04:44.000000
ORD_502067,USR_HFT_004,BTC,SELL,LIMIT,,,0.0099,FILLED,2026-10-01 20:37:39.000000
ORD_501837,USR_HFT_004,BTC,BUY,LIMIT,,,0.0021,FILLED,2026-10-01 21:07:40.000000
ORD_502090,USR_HFT_004,BTC,BUY,LIMIT,,,0.0133,FILLED,2026-10-01 21:07:56.000000
ORD_502071,USR_HFT_004,BTC,SELL,LIMIT,,,0.0134,FILLED,2026-10-01 21:40:00.000000
ORD_501552,USR_HFT_003,BTC,BUY,LIMIT,,,0.0044,FILLED,2026-10-01 22:09:43.000000
ORD_501824,USR_HFT_004,BTC,SELL,LIMIT,,,0.0106,FILLED,2026-10-01 23:30:24.000000
ORD_500346,USR_RET_014,BTC,BUY,MARKET,,,0.0759,FILLED,2026-10-01 23:31:00.000000
ORD_502369,USR_HFT_005,BTC,SELL,LIMIT,,,0.0062,FILLED,2026-10-02 00:18:43.000000
ORD_501220,USR_HFT_001,BTC,SELL,LIMIT,,,0.0091,FILLED,2026-10-02 00:25:41.000000
ORD_500537,USR_SYS_003,BTC,SELL,MARKET,,,0.0256,FILLED,2026-10-02 00:30:00.000000
ORD_500719,USR_SYS_007,BTC,SELL,MARKET,,,0.0316,FILLED,2026-10-02 00:30:00.000000
ORD_502493,USR_HFT_005,BTC,SELL,LIMIT,,,0.0132,FILLED,2026-10-02 00:32:39.000000
ORD_500488,USR_SYS_002,BTC,BUY,LIMIT,7119080.892,8093270.9088,0.0577,FILLED,2026-10-02 00:45:00.000000
ORD_500367,USR_RET_015,BTC,SELL,MARKET,,,0.0765,FILLED,2026-10-02 01:05:00.000000
ORD_500148,USR_RET_006,BTC,SELL,MARKET,,,0.0133,FILLED,2026-10-02 01:11:00.000000
ORD_500350,USR_RET_014,BTC,BUY,MARKET,,,0.1493,FILLED,2026-10-02 01:37:00.000000
ORD_501733,USR_HFT_003,BTC,SELL,LIMIT,,,0.0119,FILLED,2026-10-02 02:03:14.000000
ORD_500198,USR_RET_008,BTC,SELL,MARKET,,,0.0174,FILLED,2026-10-02 02:23:00.000000
ORD_500457,USR_SYS_002,BTC,SELL,MARKET,,,0.0536,FILLED,2026-10-02 02:30:00.000000
ORD_500463,USR_SYS_002,BTC,SELL,MARKET,,,0.0232,FILLED,2026-10-02 02:30:00.000000
ORD_502295,USR_HFT_005,BTC,SELL,LIMIT,,,0.0046,FILLED,2026-10-02 03:15:33.000000
ORD_501898,USR_HFT_004,BTC,BUY,LIMIT,,,0.0052,FILLED,2026-10-02 03:24:36.000000
ORD_502106,USR_HFT_004,BTC,BUY,LIMIT,,,0.011,FILLED,2026-10-02 03:54:10.000000
ORD_502439,USR_HFT_005,BTC,BUY,LIMIT,,,0.0096,FILLED,2026-10-02 03:57:23.000000
ORD_502360,USR_HFT_005,BTC,BUY,LIMIT,,,0.0064,FILLED,2026-10-02 04:26:39.000000
ORD_501221,USR_HFT_001,BTC,SELL,LIMIT,,,0.0128,FILLED,2026-10-02 05:03:33.000000
ORD_501540,USR_HFT_002,BTC,SELL,LIMIT,,,0.0058,FILLED,2026-10-02 05:15:11.000000
ORD_501355,USR_HFT_002,BTC,SELL,LIMIT,,,0.0147,FILLED,2026-10-02 05:16:04.000000
ORD_501473,USR_HFT_002,BTC,BUY,LIMIT,,,0.0091,FILLED,2026-10-02 05:45:08.000000
ORD_501222,USR_HFT_001,BTC,SELL,LIMIT,,,0.006,FILLED,2026-10-02 05:47:38.000000
ORD_500321,USR_RET_013,BTC,SELL,MARKET,,,0.0077,FILLED,2026-10-02 05:53:00.000000
ORD_500083,USR_RET_004,BTC,SELL,MARKET,,,0.0052,FILLED,2026-10-02 06:01:00.000000
ORD_501838,USR_HFT_004,BTC,BUY,LIMIT,,,0.0088,FILLED,2026-10-02 06:25:06.000000
ORD_502120,USR_HFT_004,BTC,BUY,LIMIT,,,0.0064,FILLED,2026-10-02 06:35:56.000000
ORD_502121,USR_HFT_004,BTC,SELL,LIMIT,,,0.0064,FILLED,2026-10-02 06:36:00.612311
ORD_502192,USR_HFT_005,BTC,SELL,LIMIT,,,0.0105,FILLED,2026-10-02 06:43:43.000000
ORD_501739,USR_HFT_003,BTC,BUY,LIMIT,,,0.0047,FILLED,2026-10-02 07:11:53.000000
ORD_502285,USR_HFT_005,BTC,SELL,LIMIT,,,0.0031,FILLED,2026-10-02 07:30:49.000000
ORD_500035,USR_RET_002,BTC,BUY,MARKET,,,0.0352,FILLED,2026-10-02 07:35:00.000000
ORD_501004,USR_HFT_001,BTC,BUY,LIMIT,,,0.0109,FILLED,2026-10-02 07:56:40.000000
ORD_501875,USR_HFT_004,BTC,SELL,LIMIT,,,0.0132,FILLED,2026-10-02 07:59:50.000000
ORD_502516,USR_HFT_005,BTC,SELL,LIMIT,,,0.0135,FILLED,2026-10-02 08:01:03.000000
ORD_500368,USR_RET_015,BTC,BUY,MARKET,,,0.0141,FILLED,2026-10-02 08:03:00.000000
ORD_501587,USR_HFT_003,BTC,BUY,LIMIT,,,0.009,FILLED,2026-10-02 08:05:43.000000
ORD_500017,USR_RET_001,BTC,BUY,MARKET,,,0.0123,FILLED,2026-10-02 08:06:00.000000
ORD_500436,USR_SYS_001,BTC,BUY,LIMIT,7189497.0675,8173322.982,0.0564,FILLED,2026-10-02 08:45:00.000000
ORD_502497,USR_HFT_005,BTC,BUY,LIMIT,,,0.0112,FILLED,2026-10-02 08:48:43.000000
ORD_502424,USR_HFT_005,BTC,BUY,LIMIT,,,0.003,FILLED,2026-10-02 08:48:51.000000
ORD_501498,USR_HFT_002,BTC,SELL,LIMIT,,,0.0065,FILLED,2026-10-02 09:10:55.000000
ORD_501619,USR_HFT_003,BTC,SELL,LIMIT,,,0.0122,FILLED,2026-10-02 09:25:06.000000
ORD_501028,USR_HFT_001,BTC,SELL,LIMIT,,,0.002,FILLED,2026-10-02 10:30:47.000000
ORD_500072,USR_RET_004,BTC,BUY,MARKET,,,0.0485,FILLED,2026-10-02 10:33:00.000000
ORD_502039,USR_HFT_004,BTC,BUY,LIMIT,,,0.0025,FILLED,2026-10-02 10:40:55.000000
ORD_502342,USR_HFT_005,BTC,SELL,LIMIT,,,0.0035,FILLED,2026-10-02 10:43:26.000000
ORD_501769,USR_HFT_003,BTC,SELL,LIMIT,,,0.005,FILLED,2026-10-02 11:26:31.000000
ORD_501012,USR_HFT_001,BTC,BUY,LIMIT,,,0.0122,FILLED,2026-10-02 11:58:04.000000
ORD_500807,USR_SYS_009,BTC,SELL,MARKET,,,0.0537,FILLED,2026-10-02 12:30:00.000000
ORD_500517,USR_SYS_003,BTC,SELL,MARKET,,,0.0383,FILLED,2026-10-02 12:30:00.000000
ORD_500702,USR_SYS_007,BTC,BUY,LIMIT,7237987.3238,8228448.747,0.0559,FILLED,2026-10-02 12:45:00.000000
ORD_501376,USR_HFT_002,BTC,BUY,LIMIT,,,0.0119,FILLED,2026-10-02 12:47:48.000000
ORD_502459,USR_HFT_005,BTC,SELL,LIMIT,,,0.0029,FILLED,2026-10-02 13:11:31.000000
ORD_500963,USR_HFT_001,BTC,BUY,LIMIT,,,0.0083,FILLED,2026-10-02 13:20:20.000000
ORD_501892,USR_HFT_004,BTC,BUY,LIMIT,,,0.004,FILLED,2026-10-02 13:33:37.000000
ORD_500410,USR_SYS_001,BTC,BUY,LIMIT,7250291.7,8242436.88,0.035,FILLED,2026-10-02 13:45:00.000000
ORD_501344,USR_HFT_002,BTC,SELL,LIMIT,,,0.0038,FILLED,2026-10-02 13:46:02.000000
ORD_501371,USR_HFT_002,BTC,SELL,LIMIT,,,0.0022,FILLED,2026-10-02 14:14:05.000000
ORD_502091,USR_HFT_004,BTC,SELL,LIMIT,,,0.015,FILLED,2026-10-02 14:30:03.000000
ORD_502043,USR_HFT_004,BTC,SELL,LIMIT,,,0.0126,FILLED,2026-10-02 14:37:55.000000
ORD_502036,USR_HFT_004,BTC,SELL,LIMIT,,,0.0143,FILLED,2026-10-02 14:44:01.000000
ORD_500598,USR_SYS_005,BTC,BUY,LIMIT,7261054.9815,8254673.0316,0.0479,FILLED,2026-10-02 14:45:00.000000
ORD_500760,USR_SYS_008,BTC,BUY,LIMIT,7261054.9815,8254673.0316,0.0525,FILLED,2026-10-02 14:45:00.000000
ORD_501010,USR_HFT_001,BTC,BUY,LIMIT,,,0.0096,FILLED,2026-10-02 15:03:39.000000
ORD_502135,USR_HFT_004,BTC,SELL,LIMIT,,,0.0051,FILLED,2026-10-02 15:14:29.000000
ORD_501249,USR_HFT_002,BTC,BUY,LIMIT,,,0.009,FILLED,2026-10-02 15:17:52.000000
ORD_502183,USR_HFT_005,BTC,SELL,LIMIT,,,0.0068,FILLED,2026-10-02 15:28:56.000000
ORD_501333,USR_HFT_002,BTC,BUY,LIMIT,,,0.0146,FILLED,2026-10-02 15:32:46.000000
ORD_501204,USR_HFT_001,BTC,SELL,LIMIT,,,0.012,FILLED,2026-10-02 15:43:57.000000
ORD_500622,USR_SYS_005,BTC,BUY,LIMIT,7255470.72,8248324.608,0.0274,FILLED,2026-10-02 15:45:00.000000
ORD_500862,USR_SYS_010,BTC,BUY,LIMIT,7255470.72,8248324.608,0.0579,FILLED,2026-10-02 15:45:00.000000
ORD_502176,USR_HFT_004,BTC,BUY,LIMIT,,,0.0106,FILLED,2026-10-02 15:59:42.000000
ORD_502161,USR_HFT_004,BTC,SELL,LIMIT,,,0.0053,FILLED,2026-10-02 16:08:37.000000
ORD_501644,USR_HFT_003,BTC,SELL,LIMIT,,,0.0077,FILLED,2026-10-02 16:10:41.000000
ORD_502485,USR_HFT_005,BTC,SELL,LIMIT,,,0.0021,FILLED,2026-10-02 16:13:39.000000
ORD_500612,USR_SYS_005,BTC,BUY,LIMIT,7266169.2637,8260487.163,0.0502,FILLED,2026-10-02 16:45:00.000000
ORD_500742,USR_SYS_008,BTC,BUY,LIMIT,7266169.2637,8260487.163,0.0286,FILLED,2026-10-02 16:45:00.000000
ORD_501700,USR_HFT_003,BTC,SELL,LIMIT,,,0.0089,FILLED,2026-10-02 16:53:28.000000
ORD_502524,USR_HFT_005,BTC,BUY,LIMIT,,,0.009,FILLED,2026-10-02 17:31:16.000000
ORD_500217,USR_RET_009,BTC,SELL,MARKET,,,0.0724,FILLED,2026-10-02 17:42:00.000000
ORD_500530,USR_SYS_003,BTC,BUY,LIMIT,7298550.75,8297299.8,0.0241,FILLED,2026-10-02 17:45:00.000000
ORD_500860,USR_SYS_010,BTC,BUY,LIMIT,7298550.75,8297299.8,0.0328,FILLED,2026-10-02 17:45:00.000000
ORD_501829,USR_HFT_004,BTC,BUY,LIMIT,,,0.0113,FILLED,2026-10-02 17:47:20.000000
ORD_500258,USR_RET_010,BTC,BUY,MARKET,,,0.0339,FILLED,2026-10-02 18:09:00.000000
ORD_500657,USR_SYS_006,BTC,SELL,MARKET,,,0.0235,FILLED,2026-10-02 18:30:00.000000
ORD_500503,USR_SYS_003,BTC,SELL,MARKET,,,0.0426,FILLED,2026-10-02 18:30:00.000000
ORD_502187,USR_HFT_005,BTC,SELL,LIMIT,,,0.0077,FILLED,2026-10-02 18:38:13.000000
ORD_500259,USR_RET_010,BTC,BUY,MARKET,,,0.0294,FILLED,2026-10-02 18:55:00.000000
ORD_500003,USR_RET_001,BTC,BUY,MARKET,,,0.0061,FILLED,2026-10-02 19:48:00.000000
ORD_501643,USR_HFT_003,BTC,BUY,LIMIT,,,0.0139,FILLED,2026-10-02 20:49:51.000000
ORD_502302,USR_HFT_005,BTC,SELL,LIMIT,,,0.0129,FILLED,2026-10-02 21:20:51.000000
ORD_502315,USR_HFT_005,BTC,BUY,LIMIT,,,0.0045,FILLED,2026-10-02 21:22:46.000000
ORD_502325,USR_HFT_005,BTC,BUY,LIMIT,,,0.0032,FILLED,2026-10-02 21:58:57.000000
ORD_501125,USR_HFT_001,BTC,BUY,LIMIT,,,0.0139,FILLED,2026-10-02 21:59:55.000000
ORD_501460,USR_HFT_002,BTC,BUY,LIMIT,,,0.0146,FILLED,2026-10-02 22:03:45.000000
ORD_501323,USR_HFT_002,BTC,BUY,LIMIT,,,0.0097,FILLED,2026-10-02 22:33:58.000000
ORD_500169,USR_RET_007,BTC,BUY,MARKET,,,0.0135,FILLED,2026-10-02 22:37:00.000000
ORD_500753,USR_SYS_008,BTC,SELL,MARKET,,,0.0304,FILLED,2026-10-02 23:30:00.000000
ORD_502277,USR_HFT_005,BTC,SELL,LIMIT,,,0.0122,FILLED,2026-10-02 23:30:37.000000
ORD_501957,USR_HFT_004,BTC,BUY,LIMIT,,,0.0139,FILLED,2026-10-02 23:33:27.000000
ORD_501426,USR_HFT_002,BTC,SELL,LIMIT,,,0.0081,FILLED,2026-10-03 01:20:45.000000
ORD_500587,USR_SYS_004,BTC,SELL,MARKET,,,0.0574,FILLED,2026-10-03 01:30:00.000000
ORD_501817,USR_HFT_003,BTC,BUY,LIMIT,,,0.0027,FILLED,2026-10-03 01:46:35.000000
ORD_500228,USR_RET_009,BTC,BUY,MARKET,,,0.0086,FILLED,2026-10-03 01:50:00.000000
ORD_500189,USR_RET_008,BTC,BUY,MARKET,,,0.0257,FILLED,2026-10-03 02:10:00.000000
ORD_501880,USR_HFT_004,BTC,SELL,LIMIT,,,0.005,FILLED,2026-10-03 02:22:10.000000
ORD_502148,USR_HFT_004,BTC,SELL,LIMIT,,,0.0042,FILLED,2026-10-03 02:26:16.000000
ORD_501206,USR_HFT_001,BTC,BUY,LIMIT,,,0.0035,FILLED,2026-10-03 02:30:16.000000
ORD_500893,USR_HFT_001,BTC,SELL,LIMIT,,,0.0144,FILLED,2026-10-03 02:31:28.000000
ORD_500522,USR_SYS_003,BTC,BUY,LIMIT,7107001.8367,8079538.9302,0.0387,FILLED,2026-10-03 02:45:00.000000
ORD_501172,USR_HFT_001,BTC,SELL,LIMIT,,,0.0033,FILLED,2026-10-03 03:23:44.000000
ORD_500690,USR_SYS_007,BTC,BUY,LIMIT,7109382.0,8082244.8,0.0353,FILLED,2026-10-03 03:45:00.000000
ORD_500786,USR_SYS_009,BTC,BUY,LIMIT,7109382.0,8082244.8,0.0365,FILLED,2026-10-03 03:45:00.000000
ORD_500252,USR_RET_010,BTC,BUY,MARKET,,,0.011,FILLED,2026-10-03 04:19:00.000000
ORD_500054,USR_RET_003,BTC,SELL,MARKET,,,0.047,FILLED,2026-10-03 04:20:00.000000
ORD_502264,USR_HFT_005,BTC,BUY,LIMIT,,,0.0042,FILLED,2026-10-03 04:57:19.000000
ORD_500949,USR_HFT_001,BTC,BUY,LIMIT,,,0.0037,FILLED,2026-10-03 04:58:16.000000
ORD_501999,USR_HFT_004,BTC,BUY,LIMIT,,,0.0043,FILLED,2026-10-03 05:10:30.000000
ORD_502200,USR_HFT_005,BTC,SELL,LIMIT,,,0.0029,FILLED,2026-10-03 05:31:03.000000
ORD_502204,USR_HFT_005,BTC,BUY,LIMIT,,,0.0029,FILLED,2026-10-03 05:39:32.000000
ORD_500428,USR_SYS_001,BTC,BUY,LIMIT,7117798.7483,8091813.3138,0.0456,FILLED,2026-10-03 05:45:00.000000
ORD_500748,USR_SYS_008,BTC,BUY,LIMIT,7117798.7483,8091813.3138,0.0342,FILLED,2026-10-03 05:45:00.000000
ORD_502110,USR_HFT_004,BTC,SELL,LIMIT,,,0.0122,FILLED,2026-10-03 05:49:04.000000
ORD_502293,USR_HFT_005,BTC,BUY,LIMIT,,,0.0071,FILLED,2026-10-03 06:00:20.000000
ORD_501078,USR_HFT_001,BTC,BUY,LIMIT,,,0.0067,FILLED,2026-10-03 06:20:43.000000
ORD_501641,USR_HFT_003,BTC,BUY,LIMIT,,,0.014,FILLED,2026-10-03 06:40:19.000000
ORD_502031,USR_HFT_004,BTC,BUY,LIMIT,,,0.0075,FILLED,2026-10-03 06:57:05.000000
ORD_500868,USR_HFT_001,BTC,SELL,LIMIT,,,0.0043,FILLED,2026-10-03 07:01:40.000000
ORD_501016,USR_HFT_001,BTC,BUY,LIMIT,,,0.0142,FILLED,2026-10-03 07:24:48.000000
ORD_502223,USR_HFT_005,BTC,BUY,LIMIT,,,0.0121,FILLED,2026-10-03 07:30:40.000000
ORD_501135,USR_HFT_001,BTC,SELL,LIMIT,,,0.0133,FILLED,2026-10-03 07:44:14.000000
ORD_500049,USR_RET_003,BTC,SELL,MARKET,,,0.0203,FILLED,2026-10-03 08:07:00.000000
ORD_501503,USR_HFT_002,BTC,SELL,LIMIT,,,0.0052,FILLED,2026-10-03 08:14:46.000000
ORD_500945,USR_HFT_001,BTC,BUY,LIMIT,,,0.0146,FILLED,2026-10-03 08:28:07.000000
ORD_500144,USR_RET_006,BTC,BUY,MARKET,,,0.0349,FILLED,2026-10-03 08:40:00.000000
ORD_502331,USR_HFT_005,BTC,SELL,LIMIT,,,0.0068,FILLED,2026-10-03 08:44:24.000000
ORD_501168,USR_HFT_001,BTC,BUY,LIMIT,,,0.0074,FILLED,2026-10-03 09:02:59.000000
ORD_501607,USR_HFT_003,BTC,BUY,LIMIT,,,0.0148,FILLED,2026-10-03 09:19:15.000000
ORD_500427,USR_SYS_001,BTC,SELL,MARKET,,,0.0476,FILLED,2026-10-03 09:30:00.000000
ORD_500292,USR_RET_012,BTC,BUY,MARKET,,,0.0118,FILLED,2026-10-03 09:37:00.000000
ORD_500466,USR_SYS_002,BTC,BUY,LIMIT,7110830.6123,8083891.6434,0.04,FILLED,2026-10-03 09:45:00.000000
ORD_500892,USR_HFT_001,BTC,BUY,LIMIT,,,0.0035,FILLED,2026-10-03 09:50:31.000000
ORD_501265,USR_HFT_002,BTC,BUY,LIMIT,,,0.0043,FILLED,2026-10-03 09:59:45.000000
ORD_501940,USR_HFT_004,BTC,BUY,LIMIT,,,0.009,FILLED,2026-10-03 10:28:44.000000
ORD_500918,USR_HFT_001,BTC,BUY,LIMIT,,,0.0138,FILLED,2026-10-03 10:29:10.000000
ORD_500507,USR_SYS_003,BTC,SELL,MARKET,,,0.0563,FILLED,2026-10-03 10:30:00.000000
ORD_502122,USR_HFT_004,BTC,SELL,LIMIT,,,0.0104,FILLED,2026-10-03 10:33:34.000000
ORD_501236,USR_HFT_002,BTC,SELL,LIMIT,,,0.0076,FILLED,2026-10-03 10:45:55.000000
ORD_500966,USR_HFT_001,BTC,BUY,LIMIT,,,0.0108,FILLED,2026-10-03 10:57:51.000000
ORD_500212,USR_RET_009,BTC,SELL,MARKET,,,0.0329,FILLED,2026-10-03 11:00:00.000000
ORD_500037,USR_RET_002,BTC,BUY,MARKET,,,0.0073,FILLED,2026-10-03 11:33:00.000000
ORD_501758,USR_HFT_003,BTC,SELL,LIMIT,,,0.0038,FILLED,2026-10-03 12:07:00.000000
ORD_502498,USR_HFT_005,BTC,BUY,LIMIT,,,0.0044,FILLED,2026-10-03 12:37:22.000000
ORD_500154,USR_RET_007,BTC,BUY,MARKET,,,0.0953,FILLED,2026-10-03 12:52:00.000000
ORD_500952,USR_HFT_001,BTC,SELL,LIMIT,,,0.0109,FILLED,2026-10-03 13:10:55.000000
ORD_500100,USR_RET_005,BTC,SELL,MARKET,,,0.0238,FILLED,2026-10-03 14:31:00.000000
ORD_501795,USR_HFT_003,BTC,SELL,LIMIT,,,0.0037,FILLED,2026-10-03 14:42:00.000000
ORD_500720,USR_SYS_008,BTC,BUY,LIMIT,7112745.8407,8086068.9558,0.0473,FILLED,2026-10-03 14:45:00.000000
ORD_501551,USR_HFT_003,BTC,BUY,LIMIT,,,0.0126,FILLED,2026-10-03 15:01:43.000000
ORD_501512,USR_HFT_002,BTC,SELL,LIMIT,,,0.0103,FILLED,2026-10-03 15:57:19.000000
ORD_501116,USR_HFT_001,BTC,SELL,LIMIT,,,0.015,FILLED,2026-10-03 16:29:15.000000
ORD_500489,USR_SYS_002,BTC,SELL,MARKET,,,0.0577,FILLED,2026-10-03 16:30:00.000000
ORD_501777,USR_HFT_003,BTC,SELL,LIMIT,,,0.0061,FILLED,2026-10-03 16:54:07.000000
ORD_502242,USR_HFT_005,BTC,BUY,LIMIT,,,0.0082,FILLED,2026-10-03 16:59:22.000000
ORD_500104,USR_RET_005,BTC,SELL,MARKET,,,0.0621,FILLED,2026-10-03 17:38:00.000000
ORD_502299,USR_HFT_005,BTC,SELL,LIMIT,,,0.0117,FILLED,2026-10-03 18:12:23.000000
ORD_500090,USR_RET_004,BTC,SELL,MARKET,,,0.0274,FILLED,2026-10-03 18:23:00.000000
ORD_502044,USR_HFT_004,BTC,BUY,LIMIT,,,0.0106,FILLED,2026-10-03 18:40:40.000000
ORD_500758,USR_SYS_008,BTC,BUY,LIMIT,7134269.0407,8110537.4358,0.0274,FILLED,2026-10-03 19:45:00.000000
ORD_500846,USR_SYS_010,BTC,BUY,LIMIT,7134269.0407,8110537.4358,0.0298,FILLED,2026-10-03 19:45:00.000000
ORD_500328,USR_RET_013,BTC,BUY,MARKET,,,0.0698,FILLED,2026-10-03 20:22:00.000000
ORD_501373,USR_HFT_002,BTC,SELL,LIMIT,,,0.0027,FILLED,2026-10-03 20:38:15.000000
ORD_500724,USR_SYS_008,BTC,BUY,LIMIT,7135216.566,8111614.6224,0.0354,FILLED,2026-10-03 20:45:00.000000
ORD_501757,USR_HFT_003,BTC,BUY,LIMIT,,,0.0023,FILLED,2026-10-03 21:22:21.000000
ORD_500944,USR_HFT_001,BTC,SELL,LIMIT,,,0.014,FILLED,2026-10-03 21:24:37.000000
ORD_502525,USR_HFT_005,BTC,BUY,LIMIT,,,0.011,FILLED,2026-10-03 21:33:22.000000
ORD_502476,USR_HFT_005,BTC,SELL,LIMIT,,,0.0126,FILLED,2026-10-03 21:33:54.000000
ORD_502098,USR_HFT_004,BTC,SELL,LIMIT,,,0.0078,FILLED,2026-10-03 22:59:28.000000
ORD_501337,USR_HFT_002,BTC,BUY,LIMIT,,,0.0144,FILLED,2026-10-03 23:29:45.000000
ORD_501108,USR_HFT_001,BTC,SELL,LIMIT,,,0.0102,FILLED,2026-10-04 00:24:50.000000
ORD_500437,USR_SYS_001,BTC,SELL,MARKET,,,0.0564,FILLED,2026-10-04 00:30:00.000000
ORD_502198,USR_HFT_005,BTC,BUY,LIMIT,,,0.013,FILLED,2026-10-04 00:33:13.000000
ORD_502107,USR_HFT_004,BTC,SELL,LIMIT,,,0.0074,FILLED,2026-10-04 00:39:59.000000
ORD_501332,USR_HFT_002,BTC,BUY,LIMIT,,,0.0078,FILLED,2026-10-04 00:40:14.000000
ORD_500728,USR_SYS_008,BTC,BUY,LIMIT,7133133.1875,8109246.15,0.0317,FILLED,2026-10-04 00:45:00.000000
ORD_500844,USR_SYS_010,BTC,BUY,LIMIT,7133133.1875,8109246.15,0.0595,FILLED,2026-10-04 00:45:00.000000
ORD_502156,USR_HFT_004,BTC,SELL,LIMIT,,,0.0137,FILLED,2026-10-04 01:06:13.000000
ORD_502291,USR_HFT_005,BTC,SELL,LIMIT,,,0.0148,FILLED,2026-10-04 01:18:39.000000
ORD_500584,USR_SYS_004,BTC,BUY,LIMIT,7125335.2312,8100381.105,0.025,FILLED,2026-10-04 01:45:00.000000
ORD_501862,USR_HFT_004,BTC,BUY,LIMIT,,,0.01,FILLED,2026-10-04 01:46:24.000000
ORD_501832,USR_HFT_004,BTC,SELL,LIMIT,,,0.0097,FILLED,2026-10-04 02:01:30.000000
ORD_501712,USR_HFT_003,BTC,SELL,LIMIT,,,0.0138,FILLED,2026-10-04 02:11:38.000000
ORD_501557,USR_HFT_003,BTC,BUY,LIMIT,,,0.0064,FILLED,2026-10-04 02:12:34.000000
ORD_501272,USR_HFT_002,BTC,BUY,LIMIT,,,0.0091,FILLED,2026-10-04 02:35:07.000000
ORD_501698,USR_HFT_003,BTC,BUY,LIMIT,,,0.0116,FILLED,2026-10-04 02:48:58.000000
ORD_501199,USR_HFT_001,BTC,SELL,LIMIT,,,0.0066,FILLED,2026-10-04 03:02:21.000000
ORD_500231,USR_RET_009,BTC,BUY,MARKET,,,0.0059,FILLED,2026-10-04 03:08:00.000000
ORD_502443,USR_HFT_005,BTC,BUY,LIMIT,,,0.013,FILLED,2026-10-04 04:13:13.000000
ORD_500703,USR_SYS_007,BTC,SELL,MARKET,,,0.0559,FILLED,2026-10-04 04:30:00.000000
ORD_502322,USR_HFT_005,BTC,SELL,LIMIT,,,0.008,FILLED,2026-10-04 04:30:52.000000
ORD_500714,USR_SYS_007,BTC,BUY,LIMIT,7125655.557,8100745.2648,0.0332,FILLED,2026-10-04 04:45:00.000000
ORD_501690,USR_HFT_003,BTC,SELL,LIMIT,,,0.0085,FILLED,2026-10-04 04:45:12.000000
ORD_501737,USR_HFT_003,BTC,BUY,LIMIT,,,0.0033,FILLED,2026-10-04 04:58:50.000000
ORD_501905,USR_HFT_004,BTC,BUY,LIMIT,,,0.0114,FILLED,2026-10-04 05:23:05.000000
ORD_500411,USR_SYS_001,BTC,SELL,MARKET,,,0.035,FILLED,2026-10-04 05:30:00.000000
ORD_500120,USR_RET_005,BTC,BUY,MARKET,,,0.0166,FILLED,2026-10-04 05:37:00.000000
ORD_500171,USR_RET_007,BTC,SELL,MARKET,,,0.0318,FILLED,2026-10-04 05:57:00.000000
ORD_500172,USR_RET_007,BTC,SELL,MARKET,,,0.0085,FILLED,2026-10-04 06:23:00.000000
ORD_501293,USR_HFT_002,BTC,SELL,LIMIT,,,0.0027,FILLED,2026-10-04 06:25:24.000000
ORD_500761,USR_SYS_008,BTC,SELL,MARKET,,,0.0525,FILLED,2026-10-04 06:30:00.000000
ORD_500599,USR_SYS_005,BTC,SELL,MARKET,,,0.0479,FILLED,2026-10-04 06:30:00.000000
ORD_501360,USR_HFT_002,BTC,BUY,LIMIT,,,0.0106,FILLED,2026-10-04 06:43:30.000000
ORD_501210,USR_HFT_001,BTC,SELL,LIMIT,,,0.0079,FILLED,2026-10-04 06:52:33.000000
ORD_500623,USR_SYS_005,BTC,SELL,MARKET,,,0.0274,FILLED,2026-10-04 07:30:00.000000
ORD_500863,USR_SYS_010,BTC,SELL,MARKET,,,0.0579,FILLED,2026-10-04 07:30:00.000000
ORD_501338,USR_HFT_002,BTC,BUY,LIMIT,,,0.0035,FILLED,2026-10-04 07:50:18.000000
ORD_500939,USR_HFT_001,BTC,BUY,LIMIT,,,0.0134,FILLED,2026-10-04 08:11:39.000000
ORD_501193,USR_HFT_001,BTC,SELL,LIMIT,,,0.0068,FILLED,2026-10-04 08:12:48.000000
ORD_502230,USR_HFT_005,BTC,BUY,LIMIT,,,0.006,FILLED,2026-10-04 08:21:59.000000
ORD_500613,USR_SYS_005,BTC,SELL,MARKET,,,0.0502,FILLED,2026-10-04 08:30:00.000000
ORD_500743,USR_SYS_008,BTC,SELL,MARKET,,,0.0286,FILLED,2026-10-04 08:30:00.000000
ORD_502426,USR_HFT_005,BTC,SELL,LIMIT,,,0.0097,FILLED,2026-10-04 08:59:47.000000
ORD_502532,USR_HFT_005,BTC,BUY,LIMIT,,,0.0084,FILLED,2026-10-04 09:09:37.000000
ORD_502166,USR_HFT_004,BTC,BUY,LIMIT,,,0.0048,FILLED,2026-10-04 09:12:38.000000
ORD_500531,USR_SYS_003,BTC,SELL,MARKET,,,0.0241,FILLED,2026-10-04 09:30:00.000000
ORD_500861,USR_SYS_010,BTC,SELL,MARKET,,,0.0328,FILLED,2026-10-04 09:30:00.000000
ORD_502083,USR_HFT_004,BTC,BUY,LIMIT,,,0.0066,FILLED,2026-10-04 09:31:14.000000
ORD_500804,USR_SYS_009,BTC,BUY,LIMIT,7130563.8555,8106325.2252,0.027,FILLED,2026-10-04 09:45:00.000000
ORD_500907,USR_HFT_001,BTC,SELL,LIMIT,,,0.0079,FILLED,2026-10-04 09:53:06.000000
ORD_501936,USR_HFT_004,BTC,SELL,LIMIT,,,0.0083,FILLED,2026-10-04 10:00:40.000000
ORD_500406,USR_SYS_001,BTC,BUY,LIMIT,7138977.2407,8115889.9158,0.0327,FILLED,2026-10-04 10:45:00.000000
ORD_501771,USR_HFT_003,BTC,SELL,LIMIT,,,0.0071,FILLED,2026-10-04 11:00:02.000000
ORD_501464,USR_HFT_002,BTC,BUY,LIMIT,,,0.0136,FILLED,2026-10-04 11:11:45.000000
ORD_502273,USR_HFT_005,BTC,BUY,LIMIT,,,0.0106,FILLED,2026-10-04 11:32:24.000000
ORD_501788,USR_HFT_003,BTC,BUY,LIMIT,,,0.012,FILLED,2026-10-04 11:36:10.000000
ORD_502487,USR_HFT_005,BTC,SELL,LIMIT,,,0.0092,FILLED,2026-10-04 11:38:08.000000
ORD_502287,USR_HFT_005,BTC,BUY,LIMIT,,,0.0092,FILLED,2026-10-04 11:41:41.000000
ORD_500788,USR_SYS_009,BTC,BUY,LIMIT,7149043.5405,8127333.7092,0.0506,FILLED,2026-10-04 11:45:00.000000
ORD_501255,USR_HFT_002,BTC,BUY,LIMIT,,,0.0059,FILLED,2026-10-04 11:47:53.000000
ORD_500298,USR_RET_012,BTC,BUY,MARKET,,,0.0239,FILLED,2026-10-04 12:06:00.000000
ORD_501131,USR_HFT_001,BTC,SELL,LIMIT,,,0.0128,FILLED,2026-10-04 12:09:41.000000
ORD_501729,USR_HFT_003,BTC,SELL,LIMIT,,,0.0022,FILLED,2026-10-04 12:11:01.000000
ORD_501937,USR_HFT_004,BTC,BUY,LIMIT,,,0.0045,FILLED,2026-10-04 12:18:15.000000
ORD_500127,USR_RET_006,BTC,BUY,MARKET,,,0.0424,FILLED,2026-10-04 12:55:00.000000
ORD_500388,USR_RET_015,BTC,SELL,MARKET,,,0.0177,FILLED,2026-10-04 12:56:00.000000
ORD_502480,USR_HFT_005,BTC,BUY,LIMIT,,,0.0072,FILLED,2026-10-04 13:14:39.000000
ORD_502269,USR_HFT_005,BTC,BUY,LIMIT,,,0.0137,FILLED,2026-10-04 13:18:40.000000
ORD_501963,USR_HFT_004,BTC,BUY,LIMIT,,,0.0075,FILLED,2026-10-04 14:33:37.000000
ORD_502444,USR_HFT_005,BTC,BUY,LIMIT,,,0.0059,FILLED,2026-10-04 14:36:16.000000
ORD_500071,USR_RET_004,BTC,BUY,MARKET,,,0.0162,FILLED,2026-10-04 14:54:00.000000
ORD_500540,USR_SYS_004,BTC,BUY,LIMIT,7168571.6407,8149534.0758,0.0377,FILLED,2026-10-04 15:45:00.000000
ORD_501309,USR_HFT_002,BTC,BUY,LIMIT,,,0.0092,FILLED,2026-10-04 15:50:12.000000
ORD_500125,USR_RET_006,BTC,BUY,MARKET,,,0.0204,FILLED,2026-10-04 16:06:00.000000
ORD_501889,USR_HFT_004,BTC,BUY,LIMIT,,,0.0064,FILLED,2026-10-04 16:34:00.000000
ORD_500983,USR_HFT_001,BTC,BUY,LIMIT,,,0.003,FILLED,2026-10-04 16:37:18.000000
ORD_501576,USR_HFT_003,BTC,SELL,LIMIT,,,0.0136,FILLED,2026-10-04 16:47:04.000000
ORD_502008,USR_HFT_004,BTC,SELL,LIMIT,,,0.0106,FILLED,2026-10-04 16:48:06.000000
ORD_501038,USR_HFT_001,BTC,BUY,LIMIT,,,0.0024,FILLED,2026-10-04 17:23:24.000000
ORD_502519,USR_HFT_005,BTC,SELL,LIMIT,,,0.0134,FILLED,2026-10-04 17:47:33.000000
ORD_501825,USR_HFT_004,BTC,BUY,LIMIT,,,0.0088,FILLED,2026-10-04 17:48:47.000000
ORD_501071,USR_HFT_001,BTC,SELL,LIMIT,,,0.0142,FILLED,2026-10-04 17:54:15.000000
ORD_502346,USR_HFT_005,BTC,SELL,LIMIT,,,0.0055,FILLED,2026-10-04 17:55:43.000000
ORD_502203,USR_HFT_005,BTC,BUY,LIMIT,,,0.0145,FILLED,2026-10-04 18:22:34.000000
ORD_500523,USR_SYS_003,BTC,SELL,MARKET,,,0.0387,FILLED,2026-10-04 18:30:00.000000
ORD_501593,USR_HFT_003,BTC,BUY,LIMIT,,,0.0056,FILLED,2026-10-04 18:36:44.000000
ORD_500858,USR_SYS_010,BTC,BUY,LIMIT,7166648.8455,8147348.1612,0.0332,FILLED,2026-10-04 18:45:00.000000
ORD_501243,USR_HFT_002,BTC,BUY,LIMIT,,,0.0101,FILLED,2026-10-04 19:07:18.000000
ORD_501268,USR_HFT_002,BTC,BUY,LIMIT,,,0.0059,FILLED,2026-10-04 19:11:22.000000
ORD_502409,USR_HFT_005,BTC,BUY,LIMIT,,,0.0054,FILLED,2026-10-04 19:22:01.000000
ORD_500787,USR_SYS_009,BTC,SELL,MARKET,,,0.0365,FILLED,2026-10-04 19:30:00.000000
ORD_500691,USR_SYS_007,BTC,SELL,MARKET,,,0.0353,FILLED,2026-10-04 19:30:00.000000
ORD_501096,USR_HFT_001,BTC,BUY,LIMIT,,,0.0135,FILLED,2026-10-04 19:31:27.000000
ORD_500884,USR_HFT_001,BTC,SELL,LIMIT,,,0.0039,FILLED,2026-10-04 19:42:44.000000
ORD_500140,USR_RET_006,BTC,SELL,MARKET,,,0.0405,FILLED,2026-10-04 19:48:00.000000
ORD_502489,USR_HFT_005,BTC,BUY,LIMIT,,,0.0099,FILLED,2026-10-04 19:49:46.000000
ORD_501188,USR_HFT_001,BTC,BUY,LIMIT,,,0.0091,FILLED,2026-10-04 19:57:45.000000
ORD_502119,USR_HFT_004,BTC,SELL,LIMIT,,,0.0059,FILLED,2026-10-04 20:01:53.000000
ORD_501339,USR_HFT_002,BTC,SELL,LIMIT,,,0.0113,FILLED,2026-10-04 20:03:09.000000
ORD_502470,USR_HFT_005,BTC,BUY,LIMIT,,,0.0079,FILLED,2026-10-04 20:33:01.000000
ORD_501279,USR_HFT_002,BTC,BUY,LIMIT,,,0.0034,FILLED,2026-10-04 20:48:45.000000
ORD_501320,USR_HFT_002,BTC,SELL,LIMIT,,,0.0044,FILLED,2026-10-04 20:58:27.000000
ORD_501073,USR_HFT_001,BTC,BUY,LIMIT,,,0.0063,FILLED,2026-10-04 21:07:02.000000
ORD_500749,USR_SYS_008,BTC,SELL,MARKET,,,0.0342,FILLED,2026-10-04 21:30:00.000000
ORD_500429,USR_SYS_001,BTC,SELL,MARKET,,,0.0456,FILLED,2026-10-04 21:30:00.000000
ORD_501634,USR_HFT_003,BTC,SELL,LIMIT,,,0.0025,FILLED,2026-10-04 21:37:11.000000
ORD_500526,USR_SYS_003,BTC,BUY,LIMIT,7177819.05,8160046.92,0.0469,FILLED,2026-10-04 21:45:00.000000
ORD_500812,USR_SYS_009,BTC,BUY,LIMIT,7177819.05,8160046.92,0.0259,FILLED,2026-10-04 21:45:00.000000
ORD_502097,USR_HFT_004,BTC,SELL,LIMIT,,,0.007,FILLED,2026-10-04 22:02:00.000000
ORD_501274,USR_HFT_002,BTC,SELL,LIMIT,,,0.0144,FILLED,2026-10-04 22:29:10.000000
ORD_501906,USR_HFT_004,BTC,SELL,LIMIT,,,0.008,FILLED,2026-10-04 22:57:11.000000
ORD_501722,USR_HFT_003,BTC,BUY,LIMIT,,,0.0128,FILLED,2026-10-04 23:41:57.000000
ORD_500452,USR_SYS_002,BTC,BUY,LIMIT,7174862.973,8156686.3272,0.0321,FILLED,2026-10-04 23:45:00.000000
ORD_502453,USR_HFT_005,BTC,BUY,LIMIT,,,0.0043,FILLED,2026-10-05 00:08:06.000000
ORD_502378,USR_HFT_005,BTC,SELL,LIMIT,,,0.0129,FILLED,2026-10-05 00:14:23.000000
ORD_500139,USR_RET_006,BTC,SELL,MARKET,,,0.0332,FILLED,2026-10-05 00:44:00.000000
ORD_500001,USR_RET_001,BTC,SELL,MARKET,,,0.0308,FILLED,2026-10-05 01:08:00.000000
ORD_501084,USR_HFT_001,BTC,SELL,LIMIT,,,0.0063,FILLED,2026-10-05 01:27:29.000000
ORD_500467,USR_SYS_002,BTC,SELL,MARKET,,,0.04,FILLED,2026-10-05 01:30:00.000000
ORD_501477,USR_HFT_002,BTC,SELL,LIMIT,,,0.0091,FILLED,2026-10-05 02:16:40.000000
ORD_502019,USR_HFT_004,BTC,SELL,LIMIT,,,0.0027,FILLED,2026-10-05 02:19:40.000000
ORD_501558,USR_HFT_003,BTC,SELL,LIMIT,,,0.0103,FILLED,2026-10-05 02:19:45.000000
ORD_501650,USR_HFT_003,BTC,SELL,LIMIT,,,0.0086,FILLED,2026-10-05 02:25:17.000000
ORD_501518,USR_HFT_002,BTC,SELL,LIMIT,,,0.0098,FILLED,2026-10-05 02:35:20.000000
ORD_502137,USR_HFT_004,BTC,BUY,LIMIT,,,0.0069,FILLED,2026-10-05 02:36:36.000000
ORD_500227,USR_RET_009,BTC,BUY,MARKET,,,0.0092,FILLED,2026-10-05 02:49:00.000000
ORD_501165,USR_HFT_001,BTC,SELL,LIMIT,,,0.0146,FILLED,2026-10-05 02:55:31.000000
ORD_502158,USR_HFT_004,BTC,SELL,LIMIT,,,0.0125,FILLED,2026-10-05 03:14:54.000000
ORD_500572,USR_SYS_004,BTC,BUY,LIMIT,7266434.9407,8260789.1958,0.0381,FILLED,2026-10-05 03:45:00.000000
ORD_500331,USR_RET_013,BTC,BUY,MARKET,,,0.0059,FILLED,2026-10-05 04:24:00.000000
ORD_500167,USR_RET_007,BTC,SELL,MARKET,,,0.0231,FILLED,2026-10-05 05:08:00.000000
ORD_502374,USR_HFT_005,BTC,BUY,LIMIT,,,0.0108,FILLED,2026-10-05 05:28:51.000000
ORD_501208,USR_HFT_001,BTC,BUY,LIMIT,,,0.0035,FILLED,2026-10-05 05:32:52.000000
ORD_500016,USR_RET_001,BTC,SELL,MARKET,,,0.0209,FILLED,2026-10-05 05:42:00.000000
ORD_500548,USR_SYS_004,BTC,BUY,LIMIT,7285305.5745,8282242.1268,0.051,FILLED,2026-10-05 05:45:00.000000
ORD_500802,USR_SYS_009,BTC,BUY,LIMIT,7285305.5745,8282242.1268,0.0451,FILLED,2026-10-05 05:45:00.000000
ORD_500832,USR_SYS_010,BTC,BUY,LIMIT,7285305.5745,8282242.1268,0.0357,FILLED,2026-10-05 05:45:00.000000
ORD_500221,USR_RET_009,BTC,SELL,MARKET,,,0.009,FILLED,2026-10-05 06:03:00.000000
ORD_501631,USR_HFT_003,BTC,BUY,LIMIT,,,0.0021,FILLED,2026-10-05 06:05:04.000000
ORD_501647,USR_HFT_003,BTC,SELL,LIMIT,,,0.0051,FILLED,2026-10-05 06:08:23.000000
ORD_500721,USR_SYS_008,BTC,SELL,MARKET,,,0.0473,FILLED,2026-10-05 06:30:00.000000
ORD_501967,USR_HFT_004,BTC,SELL,LIMIT,,,0.008,FILLED,2026-10-05 06:41:03.000000
ORD_501601,USR_HFT_003,BTC,BUY,LIMIT,,,0.0021,FILLED,2026-10-05 06:43:48.000000
ORD_501995,USR_HFT_004,BTC,SELL,LIMIT,,,0.011,FILLED,2026-10-05 07:08:11.000000
ORD_502405,USR_HFT_005,BTC,BUY,LIMIT,,,0.0112,FILLED,2026-10-05 07:09:20.000000
ORD_502108,USR_HFT_004,BTC,SELL,LIMIT,,,0.0075,FILLED,2026-10-05 07:26:11.000000
ORD_502175,USR_HFT_004,BTC,BUY,LIMIT,,,0.0044,FILLED,2026-10-05 07:49:38.000000
ORD_500968,USR_HFT_001,BTC,SELL,LIMIT,,,0.0062,FILLED,2026-10-05 08:08:24.000000
ORD_501521,USR_HFT_002,BTC,SELL,LIMIT,,,0.0132,FILLED,2026-10-05 08:16:52.000000
ORD_502377,USR_HFT_005,BTC,BUY,LIMIT,,,0.0071,FILLED,2026-10-05 08:23:38.000000
ORD_502085,USR_HFT_004,BTC,SELL,LIMIT,,,0.0138,FILLED,2026-10-05 08:25:30.000000
ORD_501202,USR_HFT_001,BTC,BUY,LIMIT,,,0.0041,FILLED,2026-10-05 08:30:16.000000
ORD_502500,USR_HFT_005,BTC,SELL,LIMIT,,,0.0136,FILLED,2026-10-05 08:33:28.000000
ORD_500275,USR_RET_011,BTC,BUY,MARKET,,,0.038,FILLED,2026-10-05 08:39:00.000000
ORD_502305,USR_HFT_005,BTC,SELL,LIMIT,,,0.0081,FILLED,2026-10-05 09:25:44.000000
ORD_502099,USR_HFT_004,BTC,SELL,LIMIT,,,0.0104,FILLED,2026-10-05 09:34:23.000000
ORD_500414,USR_SYS_001,BTC,BUY,LIMIT,7191609.0315,8175723.9516,0.0374,FILLED,2026-10-05 09:45:00.000000
ORD_501196,USR_HFT_001,BTC,BUY,LIMIT,,,0.0066,FILLED,2026-10-05 10:05:32.000000
ORD_501582,USR_HFT_003,BTC,SELL,LIMIT,,,0.0028,FILLED,2026-10-05 11:11:09.000000
ORD_501741,USR_HFT_003,BTC,SELL,LIMIT,,,0.0021,FILLED,2026-10-05 11:20:40.000000
ORD_501853,USR_HFT_004,BTC,BUY,LIMIT,,,0.0146,FILLED,2026-10-05 11:25:02.000000
ORD_500759,USR_SYS_008,BTC,SELL,MARKET,,,0.0274,FILLED,2026-10-05 11:30:00.000000
ORD_500847,USR_SYS_010,BTC,SELL,MARKET,,,0.0298,FILLED,2026-10-05 11:30:00.000000
ORD_501598,USR_HFT_003,BTC,BUY,LIMIT,,,0.0036,FILLED,2026-10-05 11:32:47.000000
ORD_500874,USR_HFT_001,BTC,BUY,LIMIT,,,0.012,FILLED,2026-10-05 11:38:33.000000
ORD_501624,USR_HFT_003,BTC,SELL,LIMIT,,,0.0087,FILLED,2026-10-05 11:40:29.000000
ORD_502338,USR_HFT_005,BTC,SELL,LIMIT,,,0.0148,FILLED,2026-10-05 11:43:07.000000
ORD_500268,USR_RET_011,BTC,SELL,MARKET,,,0.1044,FILLED,2026-10-05 12:01:00.000000
ORD_501713,USR_HFT_003,BTC,BUY,LIMIT,,,0.0145,FILLED,2026-10-05 12:06:53.000000
ORD_501415,USR_HFT_002,BTC,SELL,LIMIT,,,0.0072,FILLED,2026-10-05 12:27:17.000000
ORD_500725,USR_SYS_008,BTC,SELL,MARKET,,,0.0354,FILLED,2026-10-05 12:30:00.000000
ORD_500914,USR_HFT_001,BTC,BUY,LIMIT,,,0.0059,FILLED,2026-10-05 12:34:40.000000
ORD_501021,USR_HFT_001,BTC,BUY,LIMIT,,,0.0073,FILLED,2026-10-05 12:53:07.000000
ORD_501672,USR_HFT_003,BTC,SELL,LIMIT,,,0.0067,FILLED,2026-10-05 13:04:26.000000
ORD_502225,USR_HFT_005,BTC,SELL,LIMIT,,,0.0055,FILLED,2026-10-05 13:09:33.000000
ORD_502270,USR_HFT_005,BTC,BUY,LIMIT,,,0.0078,FILLED,2026-10-05 13:26:55.000000
ORD_502522,USR_HFT_005,BTC,SELL,LIMIT,,,0.0148,FILLED,2026-10-05 13:34:35.000000
ORD_500772,USR_SYS_008,BTC,BUY,LIMIT,7248189.825,8240047.38,0.0576,FILLED,2026-10-05 13:45:00.000000
ORD_502081,USR_HFT_004,BTC,BUY,LIMIT,,,0.0098,FILLED,2026-10-05 13:57:14.000000
ORD_502418,USR_HFT_005,BTC,SELL,LIMIT,,,0.0054,FILLED,2026-10-05 14:08:08.000000
ORD_502150,USR_HFT_004,BTC,SELL,LIMIT,,,0.0036,FILLED,2026-10-05 14:30:31.000000
ORD_500282,USR_RET_011,BTC,SELL,MARKET,,,0.0315,FILLED,2026-10-05 14:36:00.000000
ORD_500178,USR_RET_008,BTC,BUY,MARKET,,,0.0822,FILLED,2026-10-05 14:47:00.000000
ORD_502431,USR_HFT_005,BTC,SELL,LIMIT,,,0.0062,FILLED,2026-10-05 14:57:05.000000
ORD_501565,USR_HFT_003,BTC,SELL,LIMIT,,,0.0097,FILLED,2026-10-05 15:13:21.000000
ORD_501566,USR_HFT_003,BTC,BUY,LIMIT,,,0.0097,FILLED,2026-10-05 15:13:23.729704
ORD_501519,USR_HFT_002,BTC,SELL,LIMIT,,,0.0027,FILLED,2026-10-05 15:24:23.000000
ORD_500730,USR_SYS_008,BTC,BUY,LIMIT,7240298.5455,8231076.2412,0.0463,FILLED,2026-10-05 15:45:00.000000
ORD_501006,USR_HFT_001,BTC,BUY,LIMIT,,,0.0099,FILLED,2026-10-05 15:55:38.000000
ORD_501492,USR_HFT_002,BTC,SELL,LIMIT,,,0.0084,FILLED,2026-10-05 15:57:59.000000
ORD_501882,USR_HFT_004,BTC,SELL,LIMIT,,,0.0142,FILLED,2026-10-05 16:12:34.000000
ORD_502050,USR_HFT_004,BTC,SELL,LIMIT,,,0.0088,FILLED,2026-10-05 16:16:26.000000
ORD_500729,USR_SYS_008,BTC,SELL,MARKET,,,0.0317,FILLED,2026-10-05 16:30:00.000000
ORD_500845,USR_SYS_010,BTC,SELL,MARKET,,,0.0595,FILLED,2026-10-05 16:30:00.000000
ORD_500534,USR_SYS_003,BTC,BUY,LIMIT,7248610.2,8240525.28,0.0398,FILLED,2026-10-05 16:45:00.000000
ORD_500012,USR_RET_001,BTC,BUY,MARKET,,,0.0458,FILLED,2026-10-05 16:53:00.000000
ORD_501611,USR_HFT_003,BTC,SELL,LIMIT,,,0.009,FILLED,2026-10-05 16:55:22.000000
ORD_501244,USR_HFT_002,BTC,BUY,LIMIT,,,0.0146,FILLED,2026-10-05 16:57:29.000000
ORD_500128,USR_RET_006,BTC,BUY,MARKET,,,0.0221,FILLED,2026-10-05 17:00:00.000000
ORD_500142,USR_RET_006,BTC,BUY,MARKET,,,0.0275,FILLED,2026-10-05 17:09:00.000000
ORD_500585,USR_SYS_004,BTC,SELL,MARKET,,,0.025,FILLED,2026-10-05 17:30:00.000000
ORD_500883,USR_HFT_001,BTC,SELL,LIMIT,,,0.0087,FILLED,2026-10-05 17:30:56.000000
ORD_502362,USR_HFT_005,BTC,BUY,LIMIT,,,0.011,FILLED,2026-10-05 17:39:46.000000
ORD_500349,USR_RET_014,BTC,BUY,MARKET,,,0.081,FILLED,2026-10-05 17:41:00.000000
ORD_500956,USR_HFT_001,BTC,SELL,LIMIT,,,0.0048,FILLED,2026-10-05 17:52:36.000000
ORD_500207,USR_RET_009,BTC,SELL,MARKET,,,0.0184,FILLED,2026-10-05 18:00:00.000000
ORD_500267,USR_RET_011,BTC,BUY,MARKET,,,0.052,FILLED,2026-10-05 18:24:00.000000
ORD_501966,USR_HFT_004,BTC,BUY,LIMIT,,,0.0145,FILLED,2026-10-05 18:31:02.000000
ORD_500177,USR_RET_007,BTC,BUY,MARKET,,,0.0217,FILLED,2026-10-05 18:54:00.000000
ORD_502503,USR_HFT_005,BTC,SELL,LIMIT,,,0.0138,FILLED,2026-10-05 19:55:44.000000
ORD_502504,USR_HFT_005,BTC,BUY,LIMIT,,,0.0138,FILLED,2026-10-05 19:55:44.965561
ORD_502368,USR_HFT_005,BTC,BUY,LIMIT,,,0.0111,FILLED,2026-10-05 20:07:21.000000
ORD_500715,USR_SYS_007,BTC,SELL,MARKET,,,0.0332,FILLED,2026-10-05 20:30:00.000000
ORD_501115,USR_HFT_001,BTC,SELL,LIMIT,,,0.0125,FILLED,2026-10-05 20:46:03.000000
ORD_502461,USR_HFT_005,BTC,SELL,LIMIT,,,0.0095,FILLED,2026-10-05 20:52:04.000000
ORD_501164,USR_HFT_001,BTC,SELL,LIMIT,,,0.0076,FILLED,2026-10-05 20:59:57.000000
ORD_502507,USR_HFT_005,BTC,BUY,LIMIT,,,0.0097,FILLED,2026-10-05 21:30:58.000000
ORD_500165,USR_RET_007,BTC,BUY,MARKET,,,0.0325,FILLED,2026-10-05 21:42:00.000000
ORD_500987,USR_HFT_001,BTC,BUY,LIMIT,,,0.0029,FILLED,2026-10-05 22:10:41.000000
ORD_500225,USR_RET_009,BTC,BUY,MARKET,,,0.0167,FILLED,2026-10-05 23:05:00.000000
ORD_500317,USR_RET_013,BTC,SELL,MARKET,,,0.0081,FILLED,2026-10-05 23:32:00.000000
ORD_501691,USR_HFT_003,BTC,BUY,LIMIT,,,0.0083,FILLED,2026-10-05 23:51:18.000000
ORD_501550,USR_HFT_003,BTC,BUY,LIMIT,,,0.006,FILLED,2026-10-05 23:52:25.000000
ORD_502227,USR_HFT_005,BTC,BUY,LIMIT,,,0.0036,FILLED,2026-10-06 00:45:11.000000
ORD_501864,USR_HFT_004,BTC,SELL,LIMIT,,,0.0133,FILLED,2026-10-06 00:49:44.000000
ORD_501800,USR_HFT_003,BTC,BUY,LIMIT,,,0.0075,FILLED,2026-10-06 00:51:15.000000
ORD_501367,USR_HFT_002,BTC,SELL,LIMIT,,,0.0097,FILLED,2026-10-06 00:57:05.000000
ORD_500805,USR_SYS_009,BTC,SELL,MARKET,,,0.027,FILLED,2026-10-06 01:30:00.000000
ORD_502051,USR_HFT_004,BTC,SELL,LIMIT,,,0.0066,FILLED,2026-10-06 02:04:26.000000
ORD_502007,USR_HFT_004,BTC,BUY,LIMIT,,,0.0051,FILLED,2026-10-06 02:28:58.000000
ORD_500407,USR_SYS_001,BTC,SELL,MARKET,,,0.0327,FILLED,2026-10-06 02:30:00.000000
ORD_500013,USR_RET_001,BTC,BUY,MARKET,,,0.0085,FILLED,2026-10-06 02:35:00.000000
ORD_502188,USR_HFT_005,BTC,SELL,LIMIT,,,0.0024,FILLED,2026-10-06 02:55:40.000000
ORD_501457,USR_HFT_002,BTC,SELL,LIMIT,,,0.0103,FILLED,2026-10-06 03:04:37.000000
ORD_500789,USR_SYS_009,BTC,SELL,MARKET,,,0.0506,FILLED,2026-10-06 03:30:00.000000
ORD_502304,USR_HFT_005,BTC,BUY,LIMIT,,,0.0094,FILLED,2026-10-06 04:14:01.000000
ORD_501148,USR_HFT_001,BTC,SELL,LIMIT,,,0.0148,FILLED,2026-10-06 04:26:17.000000
ORD_501171,USR_HFT_001,BTC,SELL,LIMIT,,,0.0052,FILLED,2026-10-06 04:30:03.000000
ORD_500086,USR_RET_004,BTC,BUY,MARKET,,,0.0067,FILLED,2026-10-06 04:49:00.000000
ORD_501772,USR_HFT_003,BTC,BUY,LIMIT,,,0.0032,FILLED,2026-10-06 05:10:52.000000
ORD_501918,USR_HFT_004,BTC,SELL,LIMIT,,,0.0072,FILLED,2026-10-06 05:14:20.000000
ORD_501994,USR_HFT_004,BTC,BUY,LIMIT,,,0.0037,FILLED,2026-10-06 05:27:49.000000
ORD_501991,USR_HFT_004,BTC,SELL,LIMIT,,,0.0119,FILLED,2026-10-06 05:59:24.000000
ORD_501286,USR_HFT_002,BTC,BUY,LIMIT,,,0.0125,FILLED,2026-10-06 06:58:43.000000
ORD_500541,USR_SYS_004,BTC,SELL,MARKET,,,0.0377,FILLED,2026-10-06 07:30:00.000000
ORD_501224,USR_HFT_001,BTC,BUY,LIMIT,,,0.0117,FILLED,2026-10-06 07:55:32.000000
ORD_501295,USR_HFT_002,BTC,SELL,LIMIT,,,0.0147,FILLED,2026-10-06 08:56:19.000000
ORD_501799,USR_HFT_003,BTC,SELL,LIMIT,,,0.0145,FILLED,2026-10-06 09:41:21.000000
ORD_502469,USR_HFT_005,BTC,SELL,LIMIT,,,0.0095,FILLED,2026-10-06 10:01:04.000000
ORD_501035,USR_HFT_001,BTC,BUY,LIMIT,,,0.0135,FILLED,2026-10-06 10:21:07.000000
ORD_500859,USR_SYS_010,BTC,SELL,MARKET,,,0.0332,FILLED,2026-10-06 10:30:00.000000
ORD_502284,USR_HFT_005,BTC,SELL,LIMIT,,,0.0031,FILLED,2026-10-06 10:30:13.000000
ORD_501263,USR_HFT_002,BTC,BUY,LIMIT,,,0.0117,FILLED,2026-10-06 11:29:15.000000
ORD_502224,USR_HFT_005,BTC,SELL,LIMIT,,,0.0024,FILLED,2026-10-06 11:51:12.000000
ORD_501429,USR_HFT_002,BTC,SELL,LIMIT,,,0.002,FILLED,2026-10-06 13:05:32.000000
ORD_500527,USR_SYS_003,BTC,SELL,MARKET,,,0.0469,FILLED,2026-10-06 13:30:00.000000
ORD_500813,USR_SYS_009,BTC,SELL,MARKET,,,0.0259,FILLED,2026-10-06 13:30:00.000000
ORD_501509,USR_HFT_002,BTC,BUY,LIMIT,,,0.0072,FILLED,2026-10-06 13:39:17.000000
ORD_500182,USR_RET_008,BTC,BUY,MARKET,,,0.0284,FILLED,2026-10-06 14:00:00.000000
ORD_501923,USR_HFT_004,BTC,BUY,LIMIT,,,0.0075,FILLED,2026-10-06 14:12:00.000000
ORD_500984,USR_HFT_001,BTC,SELL,LIMIT,,,0.0084,FILLED,2026-10-06 14:26:45.000000
ORD_500898,USR_HFT_001,BTC,BUY,LIMIT,,,0.0108,FILLED,2026-10-06 14:34:44.000000
ORD_500920,USR_HFT_001,BTC,SELL,LIMIT,,,0.0147,FILLED,2026-10-06 15:14:39.000000
ORD_500453,USR_SYS_002,BTC,SELL,MARKET,,,0.0321,FILLED,2026-10-06 15:30:00.000000
ORD_501591,USR_HFT_003,BTC,BUY,LIMIT,,,0.0048,FILLED,2026-10-06 16:16:59.000000
ORD_501592,USR_HFT_003,BTC,SELL,LIMIT,,,0.0048,FILLED,2026-10-06 16:17:00.980880
ORD_500961,USR_HFT_001,BTC,SELL,LIMIT,,,0.0106,FILLED,2026-10-06 16:25:11.000000
ORD_502197,USR_HFT_005,BTC,SELL,LIMIT,,,0.0128,FILLED,2026-10-06 16:42:53.000000
ORD_501228,USR_HFT_002,BTC,BUY,LIMIT,,,0.0035,FILLED,2026-10-06 17:08:21.000000
ORD_501474,USR_HFT_002,BTC,BUY,LIMIT,,,0.008,FILLED,2026-10-06 17:09:42.000000
ORD_500901,USR_HFT_001,BTC,SELL,LIMIT,,,0.0084,FILLED,2026-10-06 18:19:39.000000
ORD_501054,USR_HFT_001,BTC,BUY,LIMIT,,,0.0068,FILLED,2026-10-06 18:55:39.000000
ORD_501968,USR_HFT_004,BTC,BUY,LIMIT,,,0.0046,FILLED,2026-10-06 19:02:45.000000
ORD_502246,USR_HFT_005,BTC,BUY,LIMIT,,,0.004,FILLED,2026-10-06 19:07:43.000000
ORD_501180,USR_HFT_001,BTC,BUY,LIMIT,,,0.0068,FILLED,2026-10-06 19:28:37.000000
ORD_500573,USR_SYS_004,BTC,SELL,MARKET,,,0.0381,FILLED,2026-10-06 19:30:00.000000
ORD_502282,USR_HFT_005,BTC,SELL,LIMIT,,,0.0112,FILLED,2026-10-06 19:39:54.000000
ORD_502442,USR_HFT_005,BTC,SELL,LIMIT,,,0.0081,FILLED,2026-10-06 19:53:22.000000
ORD_502157,USR_HFT_004,BTC,SELL,LIMIT,,,0.0081,FILLED,2026-10-06 19:54:17.000000
ORD_501667,USR_HFT_003,BTC,BUY,LIMIT,,,0.0126,FILLED,2026-10-06 19:59:20.000000
ORD_501499,USR_HFT_002,BTC,BUY,LIMIT,,,0.0029,FILLED,2026-10-06 20:05:44.000000
ORD_502132,USR_HFT_004,BTC,SELL,LIMIT,,,0.012,FILLED,2026-10-06 20:55:34.000000
ORD_502130,USR_HFT_004,BTC,BUY,LIMIT,,,0.005,FILLED,2026-10-06 21:07:22.000000
ORD_500833,USR_SYS_010,BTC,SELL,MARKET,,,0.0357,FILLED,2026-10-06 21:30:00.000000
ORD_500803,USR_SYS_009,BTC,SELL,MARKET,,,0.0451,FILLED,2026-10-06 21:30:00.000000
ORD_500549,USR_SYS_004,BTC,SELL,MARKET,,,0.051,FILLED,2026-10-06 21:30:00.000000
ORD_500962,USR_HFT_001,BTC,BUY,LIMIT,,,0.0044,FILLED,2026-10-06 21:35:10.000000
ORD_501858,USR_HFT_004,BTC,BUY,LIMIT,,,0.0138,FILLED,2026-10-06 21:36:02.000000
ORD_501070,USR_HFT_001,BTC,SELL,LIMIT,,,0.0083,FILLED,2026-10-06 22:01:02.000000
ORD_501463,USR_HFT_002,BTC,BUY,LIMIT,,,0.0136,FILLED,2026-10-06 22:13:59.000000
ORD_501398,USR_HFT_002,BTC,BUY,LIMIT,,,0.0124,FILLED,2026-10-06 22:14:57.000000
ORD_501068,USR_HFT_001,BTC,BUY,LIMIT,,,0.0096,FILLED,2026-10-06 22:26:41.000000
ORD_501283,USR_HFT_002,BTC,SELL,LIMIT,,,0.003,FILLED,2026-10-06 22:46:06.000000
ORD_501675,USR_HFT_003,BTC,BUY,LIMIT,,,0.0102,FILLED,2026-10-06 23:25:39.000000
ORD_500988,USR_HFT_001,BTC,BUY,LIMIT,,,0.0118,FILLED,2026-10-07 00:20:34.000000
ORD_501287,USR_HFT_002,BTC,SELL,LIMIT,,,0.0111,FILLED,2026-10-07 01:24:51.000000
ORD_500773,USR_SYS_008,BTC,SELL,MARKET,,,0.0576,FILLED,2026-10-07 01:30:00.000000
ORD_500731,USR_SYS_008,BTC,SELL,MARKET,,,0.0463,FILLED,2026-10-07 01:30:00.000000
ORD_500415,USR_SYS_001,BTC,SELL,MARKET,,,0.0374,FILLED,2026-10-07 01:30:00.000000
ORD_500535,USR_SYS_003,BTC,SELL,MARKET,,,0.0398,FILLED,2026-10-07 01:30:00.000000
ORD_502382,USR_HFT_005,BTC,BUY,LIMIT,,,0.0118,FILLED,2026-10-07 01:37:59.000000
ORD_500869,USR_HFT_001,BTC,SELL,LIMIT,,,0.0051,FILLED,2026-10-07 01:42:28.000000
